DROP DATABASE IF EXISTS `dispensary1`;
CREATE DATABASE  IF NOT EXISTS `dispensary1` /*!40100 DEFAULT CHARACTER SET utf8mb4 COLLATE utf8mb4_0900_ai_ci */ /*!80016 DEFAULT ENCRYPTION='N' */;

USE `dispensary1`;
-- MySQL dump 10.13  Distrib 8.0.34, for Win64 (x86_64)
--
-- Host: localhost    Database: dispensary1
-- ------------------------------------------------------
-- Server version	8.0.35

/*!40101 SET @OLD_CHARACTER_SET_CLIENT=@@CHARACTER_SET_CLIENT */;
/*!40101 SET @OLD_CHARACTER_SET_RESULTS=@@CHARACTER_SET_RESULTS */;
/*!40101 SET @OLD_COLLATION_CONNECTION=@@COLLATION_CONNECTION */;
/*!50503 SET NAMES utf8 */;
/*!40103 SET @OLD_TIME_ZONE=@@TIME_ZONE */;
/*!40103 SET TIME_ZONE='+00:00' */;
/*!40014 SET @OLD_UNIQUE_CHECKS=@@UNIQUE_CHECKS, UNIQUE_CHECKS=0 */;
/*!40014 SET @OLD_FOREIGN_KEY_CHECKS=@@FOREIGN_KEY_CHECKS, FOREIGN_KEY_CHECKS=0 */;
/*!40101 SET @OLD_SQL_MODE=@@SQL_MODE, SQL_MODE='NO_AUTO_VALUE_ON_ZERO' */;
/*!40111 SET @OLD_SQL_NOTES=@@SQL_NOTES, SQL_NOTES=0 */;

--
-- Table structure for table `appointment`
--

DROP TABLE IF EXISTS `appointment`;
/*!40101 SET @saved_cs_client     = @@character_set_client */;
/*!50503 SET character_set_client = utf8mb4 */;
CREATE TABLE `appointment` (
  `Prescription_ID` varchar(20) NOT NULL,
  `Serial_Number` int DEFAULT NULL,
  `Date` date DEFAULT NULL,
  `Time` time DEFAULT NULL,
  PRIMARY KEY (`Prescription_ID`),
  KEY `Date` (`Date`,`Time`,`Serial_Number`),
  CONSTRAINT `appointment_ibfk_1` FOREIGN KEY (`Prescription_ID`) REFERENCES `prescription` (`Prescription_ID`),
  CONSTRAINT `appointment_ibfk_2` FOREIGN KEY (`Date`, `Time`, `Serial_Number`) REFERENCES `opd` (`Date`, `Time`, `Serial_Number`)
) ENGINE=InnoDB DEFAULT CHARSET=utf8mb4 COLLATE=utf8mb4_0900_ai_ci;
/*!40101 SET character_set_client = @saved_cs_client */;

--
-- Dumping data for table `appointment`
--

LOCK TABLES `appointment` WRITE;
/*!40000 ALTER TABLE `appointment` DISABLE KEYS */;
INSERT INTO `appointment` VALUES ('P0002',2,'2023-11-01','14:14:27'),('P0007',7,'2023-11-01','15:53:20'),('P0005',5,'2023-11-01','16:24:30'),('P0001',1,'2023-11-01','16:36:44'),('P0004',4,'2023-11-01','16:36:50'),('P0003',3,'2023-11-01','18:24:12'),('P0006',6,'2023-11-01','19:08:39'),('P0013',6,'2023-11-02','14:22:37'),('P0009',2,'2023-11-02','14:23:01'),('P0010',3,'2023-11-02','15:47:47'),('P0011',4,'2023-11-02','16:45:38'),('P0008',1,'2023-11-02','17:47:02'),('P0012',5,'2023-11-02','18:45:42'),('P0017',4,'2023-11-03','14:01:35'),('P0016',3,'2023-11-03','16:09:23'),('P0014',1,'2023-11-03','16:28:22'),('P0020',7,'2023-11-03','17:07:25'),('P0021',8,'2023-11-03','17:08:45'),('P0015',2,'2023-11-03','18:33:57'),('P0022',9,'2023-11-03','19:03:32'),('P0019',6,'2023-11-03','19:10:13'),('P0018',5,'2023-11-03','19:58:34'),('P0031',9,'2023-11-04','14:08:56'),('P0024',2,'2023-11-04','14:42:27'),('P0033',11,'2023-11-04','15:00:45'),('P0026',4,'2023-11-04','15:05:59'),('P0025',3,'2023-11-04','15:09:45'),('P0030',8,'2023-11-04','15:30:21'),('P0036',14,'2023-11-04','16:14:23'),('P0028',6,'2023-11-04','16:16:49'),('P0029',7,'2023-11-04','16:27:42'),('P0023',1,'2023-11-04','17:30:45'),('P0037',15,'2023-11-04','18:12:39'),('P0027',5,'2023-11-04','18:24:21'),('P0034',12,'2023-11-04','19:37:28'),('P0035',13,'2023-11-04','19:49:22'),('P0032',10,'2023-11-04','19:58:36'),('P0046',9,'2023-11-05','14:15:46'),('P0040',3,'2023-11-05','14:17:56'),('P0038',1,'2023-11-05','15:16:15'),('P0047',10,'2023-11-05','15:48:17'),('P0048',11,'2023-11-05','15:57:04'),('P0043',6,'2023-11-05','16:38:23'),('P0045',8,'2023-11-05','17:03:23'),('P0044',7,'2023-11-05','17:09:34'),('P0049',12,'2023-11-05','17:19:09'),('P0041',4,'2023-11-05','17:22:15'),('P0039',2,'2023-11-05','17:39:58'),('P0042',5,'2023-11-05','17:57:26'),('P0050',13,'2023-11-05','18:03:03'),('P0051',14,'2023-11-05','18:19:24'),('P0058',7,'2023-11-06','14:26:52'),('P0056',5,'2023-11-06','15:39:07'),('P0053',2,'2023-11-06','15:52:13'),('P0052',1,'2023-11-06','17:47:49'),('P0054',3,'2023-11-06','18:58:49'),('P0055',4,'2023-11-06','19:03:20'),('P0057',6,'2023-11-06','19:32:37'),('P0059',1,'2023-11-07','14:42:24'),('P0063',5,'2023-11-07','18:08:50'),('P0064',6,'2023-11-07','18:25:38'),('P0062',4,'2023-11-07','19:03:18'),('P0060',2,'2023-11-07','19:46:02'),('P0061',3,'2023-11-07','19:50:11'),('P0075',11,'2023-11-08','14:54:44'),('P0076',12,'2023-11-08','15:17:08'),('P0072',8,'2023-11-08','16:05:23'),('P0069',5,'2023-11-08','16:13:42'),('P0071',7,'2023-11-08','16:28:55'),('P0070',6,'2023-11-08','16:29:19'),('P0066',2,'2023-11-08','16:57:49'),('P0073',9,'2023-11-08','17:38:33'),('P0068',4,'2023-11-08','17:43:49'),('P0065',1,'2023-11-08','18:27:10'),('P0067',3,'2023-11-08','18:57:23'),('P0074',10,'2023-11-08','19:07:01'),('P0090',14,'2023-11-09','14:18:53'),('P0094',18,'2023-11-09','14:19:25'),('P0089',13,'2023-11-09','14:26:21'),('P0088',12,'2023-11-09','14:49:33'),('P0085',9,'2023-11-09','15:21:41'),('P0086',10,'2023-11-09','15:27:28'),('P0080',4,'2023-11-09','15:35:02'),('P0082',6,'2023-11-09','16:08:39'),('P0087',11,'2023-11-09','16:47:09'),('P0096',20,'2023-11-09','16:48:37'),('P0092',16,'2023-11-09','17:17:55'),('P0078',2,'2023-11-09','17:27:27'),('P0079',3,'2023-11-09','17:30:32'),('P0091',15,'2023-11-09','18:31:23'),('P0084',8,'2023-11-09','18:32:59'),('P0093',17,'2023-11-09','18:47:48'),('P0083',7,'2023-11-09','19:01:02'),('P0077',1,'2023-11-09','19:21:05'),('P0081',5,'2023-11-09','19:37:05'),('P0095',19,'2023-11-09','19:58:24'),('P0105',9,'2023-11-10','14:14:10'),('P0107',11,'2023-11-10','14:16:03'),('P0100',4,'2023-11-10','14:26:18'),('P0104',8,'2023-11-10','15:00:47'),('P0101',5,'2023-11-10','15:04:38'),('P0111',15,'2023-11-10','15:05:54'),('P0116',20,'2023-11-10','15:12:31'),('P0103',7,'2023-11-10','15:14:12'),('P0112',16,'2023-11-10','16:00:31'),('P0110',14,'2023-11-10','16:16:15'),('P0114',18,'2023-11-10','16:53:23'),('P0108',12,'2023-11-10','17:08:40'),('P0099',3,'2023-11-10','17:36:57'),('P0113',17,'2023-11-10','17:39:26'),('P0106',10,'2023-11-10','18:37:16'),('P0102',6,'2023-11-10','18:49:28'),('P0109',13,'2023-11-10','18:52:45'),('P0097',1,'2023-11-10','19:02:00'),('P0098',2,'2023-11-10','19:02:40'),('P0115',19,'2023-11-10','19:54:45'),('P0120',4,'2023-11-11','14:14:48'),('P0118',2,'2023-11-11','14:23:42'),('P0122',6,'2023-11-11','14:29:45'),('P0123',7,'2023-11-11','16:00:02'),('P0117',1,'2023-11-11','16:29:44'),('P0119',3,'2023-11-11','18:28:02'),('P0121',5,'2023-11-11','19:03:05'),('P0126',3,'2023-11-12','14:14:13'),('P0130',7,'2023-11-12','15:16:15'),('P0129',6,'2023-11-12','15:38:01'),('P0127',4,'2023-11-12','16:18:45'),('P0133',10,'2023-11-12','16:33:20'),('P0125',2,'2023-11-12','16:58:44'),('P0132',9,'2023-11-12','17:34:41'),('P0131',8,'2023-11-12','17:35:36'),('P0128',5,'2023-11-12','19:24:35'),('P0124',1,'2023-11-12','19:49:11'),('P0135',2,'2023-11-13','14:42:48'),('P0139',6,'2023-11-13','14:52:32'),('P0134',1,'2023-11-13','15:08:06'),('P0150',17,'2023-11-13','15:17:12'),('P0145',12,'2023-11-13','15:43:36'),('P0136',3,'2023-11-13','16:34:01'),('P0144',11,'2023-11-13','16:35:02'),('P0142',9,'2023-11-13','16:50:19'),('P0147',14,'2023-11-13','17:01:10'),('P0149',16,'2023-11-13','17:23:40'),('P0140',7,'2023-11-13','17:37:08'),('P0146',13,'2023-11-13','17:46:36'),('P0141',8,'2023-11-13','18:22:58'),('P0138',5,'2023-11-13','18:24:50'),('P0143',10,'2023-11-13','18:48:50'),('P0137',4,'2023-11-13','19:10:58'),('P0148',15,'2023-11-13','19:16:23'),('P0159',9,'2023-11-14','14:52:31'),('P0157',7,'2023-11-14','14:54:30'),('P0154',4,'2023-11-14','14:54:53'),('P0158',8,'2023-11-14','16:12:07'),('P0155',5,'2023-11-14','17:33:20'),('P0151',1,'2023-11-14','17:45:12'),('P0152',2,'2023-11-14','18:33:50'),('P0156',6,'2023-11-14','19:30:39'),('P0153',3,'2023-11-14','19:32:33'),('P0173',14,'2023-11-15','14:03:28'),('P0161',2,'2023-11-15','15:22:37'),('P0169',10,'2023-11-15','15:33:12'),('P0164',5,'2023-11-15','15:48:46'),('P0165',6,'2023-11-15','15:54:30'),('P0160',1,'2023-11-15','16:00:35'),('P0167',8,'2023-11-15','16:15:44'),('P0162',3,'2023-11-15','17:17:52'),('P0163',4,'2023-11-15','17:19:19'),('P0168',9,'2023-11-15','17:22:30'),('P0174',15,'2023-11-15','17:24:45'),('P0172',13,'2023-11-15','18:53:23'),('P0171',12,'2023-11-15','18:53:33'),('P0166',7,'2023-11-15','19:01:28'),('P0170',11,'2023-11-15','19:16:22'),('P0178',4,'2023-11-16','14:18:19'),('P0186',12,'2023-11-16','15:04:25'),('P0179',5,'2023-11-16','15:18:22'),('P0187',13,'2023-11-16','15:55:32'),('P0184',10,'2023-11-16','16:16:25'),('P0180',6,'2023-11-16','17:07:29'),('P0183',9,'2023-11-16','18:02:08'),('P0177',3,'2023-11-16','18:18:15'),('P0176',2,'2023-11-16','18:29:39'),('P0175',1,'2023-11-16','18:30:53'),('P0181',7,'2023-11-16','18:55:35'),('P0182',8,'2023-11-16','18:56:28'),('P0185',11,'2023-11-16','19:15:08'),('P0193',6,'2023-11-17','14:04:56'),('P0194',7,'2023-11-17','14:29:53'),('P0189',2,'2023-11-17','15:35:48'),('P0188',1,'2023-11-17','15:43:24'),('P0192',5,'2023-11-17','16:12:47'),('P0190',3,'2023-11-17','19:00:42'),('P0191',4,'2023-11-17','19:15:28'),('P0196',2,'2023-11-18','14:04:29'),('P0203',9,'2023-11-18','14:29:35'),('P0206',12,'2023-11-18','14:31:31'),('P0200',6,'2023-11-18','14:52:17'),('P0197',3,'2023-11-18','14:56:12'),('P0195',1,'2023-11-18','16:02:56'),('P0198',4,'2023-11-18','16:07:27'),('P0207',13,'2023-11-18','17:55:20'),('P0201',7,'2023-11-18','18:15:13'),('P0202',8,'2023-11-18','19:09:37'),('P0204',10,'2023-11-18','19:10:56'),('P0205',11,'2023-11-18','19:31:53'),('P0199',5,'2023-11-18','19:41:22'),('P0219',12,'2023-11-19','14:37:42'),('P0217',10,'2023-11-19','15:12:08'),('P0208',1,'2023-11-19','15:15:55'),('P0211',4,'2023-11-19','15:16:30'),('P0220',13,'2023-11-19','15:18:20'),('P0222',15,'2023-11-19','15:41:37'),('P0213',6,'2023-11-19','15:42:42'),('P0212',5,'2023-11-19','15:59:16'),('P0218',11,'2023-11-19','16:11:47'),('P0210',3,'2023-11-19','16:39:18'),('P0215',8,'2023-11-19','16:43:56'),('P0216',9,'2023-11-19','17:25:15'),('P0221',14,'2023-11-19','17:26:18'),('P0214',7,'2023-11-19','18:57:30'),('P0223',16,'2023-11-19','19:10:06'),('P0209',2,'2023-11-19','19:56:28'),('P0233',10,'2023-11-20','14:24:15'),('P0227',4,'2023-11-20','14:46:15'),('P0228',5,'2023-11-20','14:48:29'),('P0225',2,'2023-11-20','15:33:29'),('P0226',3,'2023-11-20','16:47:24'),('P0232',9,'2023-11-20','16:48:32'),('P0224',1,'2023-11-20','17:29:48'),('P0230',7,'2023-11-20','18:07:02'),('P0234',11,'2023-11-20','18:57:17'),('P0229',6,'2023-11-20','19:03:38'),('P0231',8,'2023-11-20','19:14:17'),('P0236',2,'2023-11-21','14:17:03'),('P0248',14,'2023-11-21','14:37:55'),('P0251',17,'2023-11-21','14:47:11'),('P0240',6,'2023-11-21','15:10:43'),('P0241',7,'2023-11-21','15:33:46'),('P0245',11,'2023-11-21','15:51:59'),('P0244',10,'2023-11-21','16:04:50'),('P0237',3,'2023-11-21','16:29:39'),('P0250',16,'2023-11-21','16:38:09'),('P0238',4,'2023-11-21','16:46:33'),('P0235',1,'2023-11-21','17:03:13'),('P0242',8,'2023-11-21','17:47:09'),('P0246',12,'2023-11-21','17:49:07'),('P0239',5,'2023-11-21','18:36:23'),('P0247',13,'2023-11-21','19:10:29'),('P0249',15,'2023-11-21','19:10:48'),('P0243',9,'2023-11-21','19:29:47'),('P0262',11,'2023-11-22','14:12:43'),('P0252',1,'2023-11-22','14:17:01'),('P0259',8,'2023-11-22','14:31:21'),('P0253',2,'2023-11-22','15:10:37'),('P0261',10,'2023-11-22','15:49:15'),('P0265',14,'2023-11-22','15:50:20'),('P0256',5,'2023-11-22','16:05:00'),('P0257',6,'2023-11-22','16:57:20'),('P0260',9,'2023-11-22','17:13:00'),('P0255',4,'2023-11-22','17:13:30'),('P0263',12,'2023-11-22','18:24:07'),('P0254',3,'2023-11-22','18:37:23'),('P0258',7,'2023-11-22','19:05:00'),('P0264',13,'2023-11-22','19:18:46'),('P0274',9,'2023-11-23','14:18:13'),('P0276',11,'2023-11-23','15:07:18'),('P0275',10,'2023-11-23','15:25:19'),('P0272',7,'2023-11-23','15:41:52'),('P0273',8,'2023-11-23','15:44:48'),('P0271',6,'2023-11-23','16:35:30'),('P0269',4,'2023-11-23','16:52:55'),('P0266',1,'2023-11-23','16:54:11'),('P0270',5,'2023-11-23','16:54:56'),('P0267',2,'2023-11-23','17:52:36'),('P0277',12,'2023-11-23','18:27:58'),('P0268',3,'2023-11-23','19:21:49'),('P0283',6,'2023-11-24','15:13:53'),('P0280',3,'2023-11-24','17:46:49'),('P0281',4,'2023-11-24','17:50:34'),('P0285',8,'2023-11-24','18:02:52'),('P0279',2,'2023-11-24','18:19:00'),('P0278',1,'2023-11-24','18:20:33'),('P0284',7,'2023-11-24','18:32:24'),('P0282',5,'2023-11-24','19:54:56'),('P0293',8,'2023-11-25','14:03:43'),('P0296',11,'2023-11-25','14:29:24'),('P0286',1,'2023-11-25','14:31:27'),('P0292',7,'2023-11-25','15:10:16'),('P0294',9,'2023-11-25','15:26:49'),('P0288',3,'2023-11-25','15:51:56'),('P0291',6,'2023-11-25','15:54:47'),('P0297',12,'2023-11-25','16:09:23'),('P0295',10,'2023-11-25','17:16:10'),('P0298',13,'2023-11-25','17:50:03'),('P0301',16,'2023-11-25','17:54:25'),('P0287',2,'2023-11-25','18:16:29'),('P0302',17,'2023-11-25','18:31:11'),('P0290',5,'2023-11-25','18:39:38'),('P0300',15,'2023-11-25','18:47:36'),('P0299',14,'2023-11-25','18:57:26'),('P0289',4,'2023-11-25','19:07:46'),('P0303',18,'2023-11-25','19:38:44'),('P0310',7,'2023-11-26','14:51:43'),('P0306',3,'2023-11-26','15:33:40'),('P0304',1,'2023-11-26','15:42:34'),('P0318',15,'2023-11-26','15:52:17'),('P0315',12,'2023-11-26','16:03:33'),('P0317',14,'2023-11-26','16:03:45'),('P0319',16,'2023-11-26','16:18:02'),('P0313',10,'2023-11-26','17:02:55'),('P0307',4,'2023-11-26','17:34:28'),('P0308',5,'2023-11-26','17:51:48'),('P0316',13,'2023-11-26','18:29:35'),('P0314',11,'2023-11-26','18:42:38'),('P0309',6,'2023-11-26','18:45:09'),('P0312',9,'2023-11-26','18:46:02'),('P0311',8,'2023-11-26','19:45:27'),('P0305',2,'2023-11-26','19:46:01'),('P0331',12,'2023-11-27','14:04:55'),('P0321',2,'2023-11-27','14:10:00'),('P0323',4,'2023-11-27','14:21:50'),('P0320',1,'2023-11-27','15:34:21'),('P0329',10,'2023-11-27','16:10:58'),('P0322',3,'2023-11-27','16:18:07'),('P0326',7,'2023-11-27','16:45:57'),('P0325',6,'2023-11-27','16:55:20'),('P0330',11,'2023-11-27','17:15:52'),('P0328',9,'2023-11-27','17:16:55'),('P0332',13,'2023-11-27','18:05:32'),('P0333',14,'2023-11-27','18:18:58'),('P0335',16,'2023-11-27','19:10:19'),('P0334',15,'2023-11-27','19:51:32'),('P0324',5,'2023-11-27','19:52:57'),('P0327',8,'2023-11-27','19:56:38'),('P0343',8,'2023-11-28','14:31:09'),('P0342',7,'2023-11-28','15:54:04'),('P0341',6,'2023-11-28','16:02:44'),('P0337',2,'2023-11-28','16:43:19'),('P0340',5,'2023-11-28','17:02:21'),('P0339',4,'2023-11-28','17:07:55'),('P0336',1,'2023-11-28','19:10:33'),('P0344',9,'2023-11-28','19:12:36'),('P0338',3,'2023-11-28','19:21:55'),('P0348',4,'2023-11-29','15:03:00'),('P0352',8,'2023-11-29','15:13:03'),('P0347',3,'2023-11-29','15:42:22'),('P0350',6,'2023-11-29','16:01:13'),('P0345',1,'2023-11-29','16:13:02'),('P0346',2,'2023-11-29','16:41:22'),('P0351',7,'2023-11-29','17:25:15'),('P0353',9,'2023-11-29','17:46:37'),('P0349',5,'2023-11-29','18:00:10'),('P0356',3,'2023-11-30','14:02:28'),('P0358',5,'2023-11-30','15:04:27'),('P0371',18,'2023-11-30','15:32:03'),('P0364',11,'2023-11-30','15:55:46'),('P0361',8,'2023-11-30','16:05:38'),('P0360',7,'2023-11-30','16:09:19'),('P0373',20,'2023-11-30','16:42:15'),('P0372',19,'2023-11-30','16:50:17'),('P0365',12,'2023-11-30','16:57:13'),('P0357',4,'2023-11-30','17:00:26'),('P0363',10,'2023-11-30','17:03:41'),('P0369',16,'2023-11-30','17:26:09'),('P0354',1,'2023-11-30','18:40:45'),('P0355',2,'2023-11-30','18:47:44'),('P0367',14,'2023-11-30','18:57:23'),('P0368',15,'2023-11-30','19:08:52'),('P0370',17,'2023-11-30','19:13:49'),('P0362',9,'2023-11-30','19:25:21'),('P0359',6,'2023-11-30','19:32:02'),('P0366',13,'2023-11-30','19:50:39'),('P0376',3,'2023-12-01','16:52:01'),('P0374',1,'2023-12-01','17:17:01'),('P0378',5,'2023-12-01','17:25:59'),('P0375',2,'2023-12-01','18:46:37'),('P0379',6,'2023-12-01','19:21:31'),('P0377',4,'2023-12-01','19:31:50'),('P0387',8,'2023-12-02','14:24:19'),('P0382',3,'2023-12-02','14:46:24'),('P0384',5,'2023-12-02','14:58:18'),('P0386',7,'2023-12-02','15:34:39'),('P0383',4,'2023-12-02','16:07:47'),('P0380',1,'2023-12-02','16:18:56'),('P0385',6,'2023-12-02','18:05:57'),('P0388',9,'2023-12-02','18:56:54'),('P0381',2,'2023-12-02','19:35:43'),('P0400',12,'2023-12-03','14:30:39'),('P0391',3,'2023-12-03','15:01:31'),('P0399',11,'2023-12-03','15:08:07'),('P0389',1,'2023-12-03','15:14:49'),('P0392',4,'2023-12-03','15:20:34'),('P0393',5,'2023-12-03','15:45:43'),('P0398',10,'2023-12-03','16:51:51'),('P0394',6,'2023-12-03','17:13:10'),('P0395',7,'2023-12-03','17:17:08'),('P0390',2,'2023-12-03','17:29:09'),('P0397',9,'2023-12-03','17:39:51'),('P0396',8,'2023-12-03','19:30:27'),('P0409',9,'2023-12-04','14:30:50'),('P0411',11,'2023-12-04','14:38:53'),('P0405',5,'2023-12-04','15:27:13'),('P0410',10,'2023-12-04','15:37:24'),('P0412',12,'2023-12-04','15:53:35'),('P0413',13,'2023-12-04','15:55:47'),('P0408',8,'2023-12-04','16:27:57'),('P0404',4,'2023-12-04','16:48:45'),('P0403',3,'2023-12-04','17:49:39'),('P0406',6,'2023-12-04','18:23:09'),('P0401',1,'2023-12-04','19:05:19'),('P0402',2,'2023-12-04','19:22:39'),('P0407',7,'2023-12-04','19:41:50'),('P0417',4,'2023-12-05','14:44:18'),('P0414',1,'2023-12-05','15:05:52'),('P0419',6,'2023-12-05','15:51:11'),('P0418',5,'2023-12-05','16:01:27'),('P0420',7,'2023-12-05','16:52:16'),('P0421',8,'2023-12-05','17:07:02'),('P0422',9,'2023-12-05','18:01:23'),('P0415',2,'2023-12-05','19:16:59'),('P0416',3,'2023-12-05','19:56:06'),('P0436',14,'2023-12-06','14:02:52'),('P0438',16,'2023-12-06','14:23:53'),('P0426',4,'2023-12-06','14:26:03'),('P0427',5,'2023-12-06','15:03:32'),('P0428',6,'2023-12-06','15:26:45'),('P0441',19,'2023-12-06','15:56:57'),('P0433',11,'2023-12-06','16:16:16'),('P0434',12,'2023-12-06','16:33:56'),('P0431',9,'2023-12-06','16:43:18'),('P0429',7,'2023-12-06','16:48:13'),('P0423',1,'2023-12-06','16:53:38'),('P0440',18,'2023-12-06','16:57:12'),('P0430',8,'2023-12-06','17:03:44'),('P0439',17,'2023-12-06','17:05:53'),('P0424',2,'2023-12-06','18:15:59'),('P0432',10,'2023-12-06','18:33:08'),('P0425',3,'2023-12-06','18:37:53'),('P0435',13,'2023-12-06','19:31:23'),('P0437',15,'2023-12-06','19:33:39'),('P0446',5,'2023-12-07','14:10:17'),('P0449',8,'2023-12-07','15:51:23'),('P0442',1,'2023-12-07','16:16:55'),('P0447',6,'2023-12-07','16:45:21'),('P0450',9,'2023-12-07','16:56:07'),('P0445',4,'2023-12-07','17:32:21'),('P0448',7,'2023-12-07','17:50:06'),('P0444',3,'2023-12-07','18:00:46'),('P0443',2,'2023-12-07','18:06:57'),('P0454',4,'2023-12-08','14:05:50'),('P0456',6,'2023-12-08','14:53:14'),('P0460',10,'2023-12-08','15:09:46'),('P0461',11,'2023-12-08','15:10:39'),('P0467',17,'2023-12-08','15:17:33'),('P0452',2,'2023-12-08','15:18:42'),('P0468',18,'2023-12-08','15:37:44'),('P0465',15,'2023-12-08','16:05:59'),('P0455',5,'2023-12-08','17:06:51'),('P0458',8,'2023-12-08','17:12:30'),('P0457',7,'2023-12-08','17:17:46'),('P0459',9,'2023-12-08','18:38:07'),('P0462',12,'2023-12-08','18:41:42'),('P0466',16,'2023-12-08','18:42:53'),('P0463',13,'2023-12-08','19:36:25'),('P0453',3,'2023-12-08','19:45:47'),('P0464',14,'2023-12-08','19:58:01'),('P0451',1,'2023-12-08','19:58:48'),('P0474',6,'2023-12-09','14:04:21'),('P0476',8,'2023-12-09','14:26:46'),('P0477',9,'2023-12-09','14:32:06'),('P0473',5,'2023-12-09','14:38:00'),('P0469',1,'2023-12-09','15:13:33'),('P0471',3,'2023-12-09','17:22:27'),('P0472',4,'2023-12-09','17:54:14'),('P0475',7,'2023-12-09','18:10:05'),('P0470',2,'2023-12-09','18:19:37'),('P0480',3,'2023-12-10','14:14:09'),('P0481',4,'2023-12-10','14:38:13'),('P0478',1,'2023-12-10','15:51:04'),('P0479',2,'2023-12-10','15:54:51'),('P0484',7,'2023-12-10','16:20:49'),('P0482',5,'2023-12-10','17:12:41'),('P0492',15,'2023-12-10','18:00:01'),('P0486',9,'2023-12-10','18:11:58'),('P0488',11,'2023-12-10','18:12:18'),('P0487',10,'2023-12-10','18:30:56'),('P0485',8,'2023-12-10','18:49:58'),('P0483',6,'2023-12-10','18:53:02'),('P0491',14,'2023-12-10','18:57:21'),('P0489',12,'2023-12-10','19:42:42'),('P0490',13,'2023-12-10','19:44:21'),('P0500',8,'2023-12-11','16:11:52'),('P0499',7,'2023-12-11','16:24:45'),('P0497',5,'2023-12-11','16:42:19'),('P0493',1,'2023-12-11','17:53:27'),('P0496',4,'2023-12-11','18:23:46'),('P0494',2,'2023-12-11','18:26:03'),('P0495',3,'2023-12-11','19:18:30'),('P0498',6,'2023-12-11','19:20:17');
/*!40000 ALTER TABLE `appointment` ENABLE KEYS */;
UNLOCK TABLES;

--
-- Table structure for table `authentication`
--

DROP TABLE IF EXISTS `authentication`;
/*!40101 SET @saved_cs_client     = @@character_set_client */;
/*!50503 SET character_set_client = utf8mb4 */;
CREATE TABLE `authentication` (
  `Email` varchar(255) NOT NULL,
  `Password` varchar(255) NOT NULL,
  `redirect_to` varchar(255) NOT NULL,
  PRIMARY KEY (`Email`)
) ENGINE=InnoDB DEFAULT CHARSET=utf8mb4 COLLATE=utf8mb4_0900_ai_ci;
/*!40101 SET character_set_client = @saved_cs_client */;

--
-- Dumping data for table `authentication`
--

LOCK TABLES `authentication` WRITE;
/*!40000 ALTER TABLE `authentication` DISABLE KEYS */;
INSERT INTO `authentication` VALUES ('123@gmail','1234','index_d'),('abc@gmail.com','1234','index_d'),('devdatwinkle@iitgn.ac.in','Twinkle','index_p'),('doc@gmail.com','12345','index_d'),('hett@gmail.com','12345','index'),('jg@gmail.com','1234','index_p'),('melindacontreras@example.org','1234','index_p'),('oali@example.com','1234','index_p'),('pat@gmail.com','12345','index_p'),('trial@gmail.com','1234','index_p'),('try@gmail.com','0987','index'),('xyz@gmail.com','1234','index');
/*!40000 ALTER TABLE `authentication` ENABLE KEYS */;
UNLOCK TABLES;

--
-- Table structure for table `claimed_by`
--

DROP TABLE IF EXISTS `claimed_by`;
/*!40101 SET @saved_cs_client     = @@character_set_client */;
/*!50503 SET character_set_client = utf8mb4 */;
CREATE TABLE `claimed_by` (
  `Patient_ID` int NOT NULL,
  `Insurance_Number` varchar(20) DEFAULT NULL,
  PRIMARY KEY (`Patient_ID`),
  KEY `Insurance_Number` (`Insurance_Number`),
  CONSTRAINT `claimed_by_ibfk_1` FOREIGN KEY (`Patient_ID`) REFERENCES `patient` (`Patient_ID`),
  CONSTRAINT `claimed_by_ibfk_2` FOREIGN KEY (`Insurance_Number`) REFERENCES `insurance` (`Insurance_Number`)
) ENGINE=InnoDB DEFAULT CHARSET=utf8mb4 COLLATE=utf8mb4_0900_ai_ci;
/*!40101 SET character_set_client = @saved_cs_client */;

--
-- Dumping data for table `claimed_by`
--

LOCK TABLES `claimed_by` WRITE;
/*!40000 ALTER TABLE `claimed_by` DISABLE KEYS */;
INSERT INTO `claimed_by` VALUES (19002,'I0002'),(19003,'I0003'),(19004,'I0004'),(19005,'I0005'),(19006,'I0006'),(19007,'I0007'),(19008,'I0008'),(19009,'I0009'),(19010,'I0010'),(19011,'I0011'),(19012,'I0012'),(19013,'I0013'),(19014,'I0014'),(19015,'I0015'),(19016,'I0016'),(19017,'I0017'),(19018,'I0018'),(19019,'I0019'),(19020,'I0020'),(19021,'I0021'),(19022,'I0022'),(19023,'I0023'),(19024,'I0024'),(19025,'I0025'),(19026,'I0026'),(19027,'I0027'),(19028,'I0028'),(19029,'I0029'),(19030,'I0030'),(19031,'I0031'),(19032,'I0032'),(19033,'I0033'),(19034,'I0034'),(19035,'I0035'),(19036,'I0036'),(19037,'I0037'),(19038,'I0038'),(19039,'I0039'),(19040,'I0040'),(19041,'I0041'),(19042,'I0042'),(19043,'I0043'),(19044,'I0044'),(19045,'I0045'),(19046,'I0046'),(19047,'I0047'),(19048,'I0048'),(19049,'I0049'),(19050,'I0050'),(19051,'I0051'),(19052,'I0052'),(19053,'I0053'),(19054,'I0054'),(19055,'I0055'),(19056,'I0056'),(19057,'I0057'),(19058,'I0058'),(19059,'I0059'),(19060,'I0060'),(20001,'I0061'),(20002,'I0062'),(20003,'I0063'),(20004,'I0064'),(20005,'I0065'),(20006,'I0066'),(20007,'I0067'),(20008,'I0068'),(20009,'I0069'),(20010,'I0070'),(20011,'I0071'),(20012,'I0072'),(20013,'I0073'),(20014,'I0074'),(20015,'I0075'),(20016,'I0076'),(20017,'I0077'),(20018,'I0078'),(20019,'I0079'),(20020,'I0080'),(20021,'I0081'),(20022,'I0082'),(20023,'I0083'),(20024,'I0084'),(20025,'I0085'),(20026,'I0086'),(20027,'I0087'),(20028,'I0088'),(20029,'I0089'),(20030,'I0090'),(20031,'I0091'),(20032,'I0092'),(20033,'I0093'),(20034,'I0094'),(20035,'I0095'),(20036,'I0096'),(20037,'I0097'),(20038,'I0098'),(20039,'I0099'),(20040,'I0100'),(20041,'I0101'),(20042,'I0102'),(20043,'I0103'),(20044,'I0104'),(20045,'I0105'),(20046,'I0106'),(20047,'I0107'),(20048,'I0108'),(20049,'I0109'),(20050,'I0110'),(20051,'I0111'),(20052,'I0112'),(20053,'I0113'),(20054,'I0114'),(20055,'I0115'),(20056,'I0116'),(20057,'I0117'),(20058,'I0118'),(20059,'I0119'),(20060,'I0120'),(21001,'I0121'),(21002,'I0122'),(21003,'I0123'),(21004,'I0124'),(21005,'I0125'),(21006,'I0126'),(21007,'I0127'),(21008,'I0128'),(21009,'I0129'),(21010,'I0130'),(21011,'I0131'),(21012,'I0132'),(21013,'I0133'),(21014,'I0134'),(21015,'I0135'),(21016,'I0136'),(21017,'I0137'),(21018,'I0138'),(21019,'I0139'),(21020,'I0140'),(21021,'I0141'),(21022,'I0142'),(21023,'I0143'),(21024,'I0144'),(21025,'I0145'),(21026,'I0146'),(21027,'I0147'),(21028,'I0148'),(21029,'I0149'),(21030,'I0150'),(21031,'I0151'),(21032,'I0152'),(21033,'I0153'),(21034,'I0154'),(21035,'I0155'),(21036,'I0156'),(21037,'I0157'),(21038,'I0158'),(21039,'I0159'),(21040,'I0160'),(21041,'I0161'),(21042,'I0162'),(21043,'I0163'),(21044,'I0164'),(21045,'I0165'),(21046,'I0166'),(21047,'I0167'),(21048,'I0168'),(21049,'I0169'),(21050,'I0170'),(21051,'I0171'),(21052,'I0172'),(21053,'I0173'),(21054,'I0174'),(21055,'I0175'),(21056,'I0176'),(21057,'I0177'),(21058,'I0178'),(21059,'I0179'),(21060,'I0180'),(22001,'I0181'),(22002,'I0182'),(22003,'I0183'),(22004,'I0184'),(22005,'I0185'),(22006,'I0186'),(22007,'I0187'),(22008,'I0188'),(22009,'I0189'),(22010,'I0190'),(22011,'I0191'),(22012,'I0192'),(22013,'I0193'),(22014,'I0194'),(22015,'I0195'),(22016,'I0196'),(22017,'I0197'),(22018,'I0198'),(22019,'I0199'),(22020,'I0200'),(22021,'I0201'),(22022,'I0202'),(22023,'I0203'),(22024,'I0204'),(22025,'I0205'),(22026,'I0206'),(22027,'I0207'),(22028,'I0208'),(22029,'I0209'),(22030,'I0210'),(22031,'I0211'),(22032,'I0212'),(22033,'I0213'),(22034,'I0214'),(22035,'I0215'),(22036,'I0216'),(22037,'I0217'),(22038,'I0218'),(22039,'I0219'),(22040,'I0220'),(22041,'I0221'),(22042,'I0222'),(22043,'I0223'),(22044,'I0224'),(22045,'I0225'),(22046,'I0226'),(22047,'I0227'),(22048,'I0228'),(22049,'I0229'),(22050,'I0230'),(22051,'I0231'),(22052,'I0232'),(22053,'I0233'),(22054,'I0234'),(22055,'I0235'),(22056,'I0236'),(22057,'I0237'),(22058,'I0238'),(22059,'I0239'),(22060,'I0240'),(23001,'I0241'),(23002,'I0242'),(23003,'I0243'),(23004,'I0244'),(23005,'I0245'),(23006,'I0246'),(23007,'I0247'),(23008,'I0248'),(23009,'I0249'),(23010,'I0250'),(23011,'I0251'),(23012,'I0252'),(23013,'I0253'),(23014,'I0254'),(23015,'I0255'),(23016,'I0256'),(23017,'I0257'),(23018,'I0258'),(23019,'I0259'),(23020,'I0260'),(23021,'I0261'),(23022,'I0262'),(23023,'I0263'),(23024,'I0264'),(23025,'I0265'),(23026,'I0266'),(23027,'I0267'),(23028,'I0268'),(23029,'I0269'),(23030,'I0270'),(23031,'I0271'),(23032,'I0272'),(23033,'I0273'),(23034,'I0274'),(23035,'I0275'),(23036,'I0276'),(23037,'I0277'),(23038,'I0278'),(23039,'I0279'),(23040,'I0280'),(23041,'I0281'),(23042,'I0282'),(23043,'I0283'),(23044,'I0284'),(23045,'I0285'),(23046,'I0286'),(23047,'I0287'),(23048,'I0288'),(23049,'I0289'),(23050,'I0290'),(23051,'I0291'),(23052,'I0292'),(23053,'I0293'),(23054,'I0294'),(23055,'I0295'),(23056,'I0296'),(23057,'I0297'),(23058,'I0298'),(23059,'I0299'),(23060,'I0300');
/*!40000 ALTER TABLE `claimed_by` ENABLE KEYS */;
UNLOCK TABLES;

--
-- Table structure for table `claimed_for`
--

DROP TABLE IF EXISTS `claimed_for`;
/*!40101 SET @saved_cs_client     = @@character_set_client */;
/*!50503 SET character_set_client = utf8mb4 */;
CREATE TABLE `claimed_for` (
  `Prescription_ID` varchar(20) NOT NULL,
  `Insurance_Number` varchar(20) DEFAULT NULL,
  PRIMARY KEY (`Prescription_ID`),
  KEY `Insurance_Number` (`Insurance_Number`),
  CONSTRAINT `claimed_for_ibfk_1` FOREIGN KEY (`Prescription_ID`) REFERENCES `prescription` (`Prescription_ID`),
  CONSTRAINT `claimed_for_ibfk_2` FOREIGN KEY (`Insurance_Number`) REFERENCES `insurance` (`Insurance_Number`)
) ENGINE=InnoDB DEFAULT CHARSET=utf8mb4 COLLATE=utf8mb4_0900_ai_ci;
/*!40101 SET character_set_client = @saved_cs_client */;

--
-- Dumping data for table `claimed_for`
--

LOCK TABLES `claimed_for` WRITE;
/*!40000 ALTER TABLE `claimed_for` DISABLE KEYS */;
INSERT INTO `claimed_for` VALUES ('P0206','I0004'),('P0009','I0006'),('P0207','I0007'),('P0221','I0009'),('P0302','I0009'),('P0499','I0009'),('P0344','I0010'),('P0005','I0011'),('P0036','I0012'),('P0052','I0012'),('P0013','I0013'),('P0340','I0013'),('P0138','I0014'),('P0310','I0014'),('P0394','I0014'),('P0078','I0015'),('P0132','I0016'),('P0418','I0016'),('P0293','I0017'),('P0462','I0018'),('P0425','I0019'),('P0426','I0019'),('P0069','I0022'),('P0230','I0022'),('P0015','I0023'),('P0191','I0024'),('P0403','I0024'),('P0438','I0024'),('P0120','I0025'),('P0167','I0025'),('P0189','I0025'),('P0389','I0026'),('P0004','I0027'),('P0075','I0027'),('P0198','I0027'),('P0047','I0030'),('P0272','I0030'),('P0386','I0030'),('P0150','I0031'),('P0213','I0031'),('P0326','I0031'),('P0443','I0031'),('P0091','I0032'),('P0166','I0033'),('P0396','I0033'),('P0003','I0034'),('P0045','I0034'),('P0300','I0034'),('P0246','I0035'),('P0334','I0035'),('P0485','I0035'),('P0117','I0036'),('P0209','I0036'),('P0388','I0036'),('P0490','I0036'),('P0254','I0038'),('P0020','I0039'),('P0028','I0040'),('P0172','I0040'),('P0099','I0041'),('P0243','I0042'),('P0351','I0042'),('P0196','I0043'),('P0197','I0043'),('P0379','I0043'),('P0094','I0044'),('P0439','I0044'),('P0335','I0045'),('P0436','I0046'),('P0058','I0048'),('P0337','I0048'),('P0137','I0049'),('P0190','I0050'),('P0062','I0051'),('P0308','I0051'),('P0404','I0052'),('P0041','I0053'),('P0323','I0053'),('P0393','I0053'),('P0424','I0054'),('P0007','I0055'),('P0346','I0056'),('P0188','I0057'),('P0320','I0059'),('P0489','I0059'),('P0023','I0060'),('P0170','I0060'),('P0048','I0061'),('P0068','I0062'),('P0156','I0062'),('P0435','I0062'),('P0051','I0063'),('P0165','I0063'),('P0488','I0064'),('P0129','I0065'),('P0299','I0065'),('P0192','I0066'),('P0259','I0066'),('P0492','I0066'),('P0109','I0068'),('P0079','I0069'),('P0185','I0070'),('P0269','I0070'),('P0280','I0070'),('P0412','I0070'),('P0029','I0072'),('P0392','I0072'),('P0116','I0073'),('P0357','I0073'),('P0487','I0073'),('P0122','I0074'),('P0480','I0074'),('P0174','I0075'),('P0303','I0075'),('P0405','I0075'),('P0476','I0075'),('P0262','I0076'),('P0409','I0076'),('P0461','I0076'),('P0273','I0077'),('P0158','I0078'),('P0253','I0079'),('P0431','I0079'),('P0125','I0080'),('P0043','I0081'),('P0179','I0081'),('P0321','I0081'),('P0339','I0081'),('P0193','I0082'),('P0465','I0082'),('P0241','I0083'),('P0381','I0083'),('P0457','I0083'),('P0455','I0084'),('P0496','I0084'),('P0019','I0085'),('P0182','I0086'),('P0433','I0086'),('P0460','I0086'),('P0039','I0088'),('P0391','I0088'),('P0373','I0089'),('P0319','I0090'),('P0081','I0091'),('P0031','I0092'),('P0053','I0092'),('P0085','I0092'),('P0216','I0093'),('P0297','I0093'),('P0307','I0093'),('P0181','I0094'),('P0258','I0094'),('P0347','I0094'),('P0063','I0095'),('P0263','I0095'),('P0341','I0095'),('P0071','I0096'),('P0204','I0096'),('P0372','I0096'),('P0470','I0097'),('P0224','I0098'),('P0239','I0098'),('P0419','I0098'),('P0061','I0099'),('P0093','I0099'),('P0359','I0099'),('P0444','I0101'),('P0083','I0103'),('P0173','I0103'),('P0275','I0103'),('P0369','I0104'),('P0420','I0104'),('P0459','I0105'),('P0038','I0106'),('P0162','I0106'),('P0144','I0109'),('P0291','I0109'),('P0220','I0110'),('P0342','I0110'),('P0175','I0111'),('P0235','I0111'),('P0378','I0111'),('P0247','I0112'),('P0322','I0115'),('P0360','I0115'),('P0126','I0117'),('P0274','I0117'),('P0358','I0117'),('P0458','I0117'),('P0059','I0118'),('P0298','I0118'),('P0493','I0118'),('P0364','I0119'),('P0387','I0119'),('P0350','I0121'),('P0270','I0122'),('P0414','I0123'),('P0336','I0126'),('P0155','I0127'),('P0157','I0127'),('P0238','I0128'),('P0494','I0129'),('P0159','I0130'),('P0229','I0130'),('P0074','I0131'),('P0267','I0131'),('P0072','I0134'),('P0248','I0134'),('P0448','I0134'),('P0056','I0135'),('P0314','I0137'),('P0199','I0138'),('P0315','I0138'),('P0289','I0140'),('P0421','I0140'),('P0449','I0141'),('P0452','I0142'),('P0367','I0144'),('P0010','I0146'),('P0124','I0146'),('P0423','I0147'),('P0479','I0147'),('P0049','I0148'),('P0225','I0148'),('P0400','I0148'),('P0104','I0149'),('P0011','I0150'),('P0100','I0150'),('P0141','I0150'),('P0429','I0150'),('P0430','I0150'),('P0208','I0151'),('P0495','I0151'),('P0153','I0152'),('P0456','I0152'),('P0472','I0152'),('P0121','I0153'),('P0217','I0153'),('P0108','I0154'),('P0123','I0154'),('P0160','I0154'),('P0330','I0154'),('P0469','I0154'),('P0082','I0155'),('P0133','I0155'),('P0370','I0155'),('P0432','I0155'),('P0218','I0156'),('P0021','I0158'),('P0026','I0158'),('P0030','I0158'),('P0343','I0159'),('P0201','I0160'),('P0237','I0160'),('P0113','I0161'),('P0244','I0161'),('P0353','I0162'),('P0316','I0163'),('P0249','I0164'),('P0227','I0165'),('P0265','I0165'),('P0331','I0168'),('P0355','I0169'),('P0384','I0169'),('P0406','I0170'),('P0416','I0170'),('P0215','I0171'),('P0377','I0171'),('P0402','I0171'),('P0112','I0172'),('P0328','I0172'),('P0363','I0173'),('P0437','I0173'),('P0131','I0174'),('P0361','I0174'),('P0292','I0175'),('P0473','I0175'),('P0128','I0176'),('P0178','I0177'),('P0090','I0178'),('P0194','I0178'),('P0445','I0178'),('P0463','I0178'),('P0127','I0179'),('P0468','I0179'),('P0001','I0180'),('P0101','I0180'),('P0279','I0180'),('P0427','I0180'),('P0362','I0181'),('P0177','I0182'),('P0281','I0183'),('P0413','I0183'),('P0417','I0183'),('P0478','I0183'),('P0143','I0186'),('P0169','I0186'),('P0219','I0186'),('P0325','I0186'),('P0380','I0186'),('P0240','I0187'),('P0251','I0187'),('P0407','I0187'),('P0252','I0188'),('P0398','I0188'),('P0077','I0189'),('P0226','I0190'),('P0271','I0190'),('P0168','I0191'),('P0260','I0191'),('P0073','I0192'),('P0214','I0192'),('P0349','I0192'),('P0006','I0193'),('P0106','I0193'),('P0203','I0193'),('P0442','I0193'),('P0475','I0193'),('P0161','I0194'),('P0497','I0194'),('P0152','I0195'),('P0284','I0195'),('P0017','I0196'),('P0066','I0196'),('P0176','I0196'),('P0428','I0196'),('P0088','I0197'),('P0250','I0197'),('P0483','I0197'),('P0016','I0198'),('P0033','I0198'),('P0434','I0198'),('P0135','I0199'),('P0312','I0199'),('P0067','I0200'),('P0184','I0200'),('P0306','I0200'),('P0411','I0200'),('P0356','I0201'),('P0012','I0202'),('P0288','I0205'),('P0305','I0205'),('P0327','I0205'),('P0440','I0206'),('P0441','I0206'),('P0060','I0207'),('P0092','I0207'),('P0210','I0207'),('P0471','I0207'),('P0352','I0208'),('P0304','I0209'),('P0102','I0210'),('P0200','I0210'),('P0245','I0210'),('P0255','I0210'),('P0119','I0213'),('P0222','I0214'),('P0296','I0214'),('P0118','I0215'),('P0205','I0215'),('P0332','I0215'),('P0268','I0216'),('P0486','I0216'),('P0491','I0216'),('P0145','I0218'),('P0187','I0220'),('P0084','I0221'),('P0151','I0221'),('P0354','I0221'),('P0232','I0222'),('P0242','I0222'),('P0040','I0223'),('P0095','I0223'),('P0089','I0224'),('P0401','I0225'),('P0467','I0225'),('P0148','I0227'),('P0164','I0227'),('P0395','I0227'),('P0111','I0228'),('P0233','I0228'),('P0070','I0229'),('P0114','I0229'),('P0136','I0229'),('P0163','I0229'),('P0146','I0230'),('P0014','I0231'),('P0103','I0231'),('P0285','I0231'),('P0446','I0231'),('P0044','I0232'),('P0481','I0233'),('P0301','I0234'),('P0097','I0235'),('P0451','I0235'),('P0498','I0235'),('P0025','I0237'),('P0317','I0237'),('P0211','I0238'),('P0374','I0238'),('P0055','I0239'),('P0110','I0239'),('P0410','I0239'),('P0236','I0240'),('P0500','I0241'),('P0107','I0242'),('P0098','I0243'),('P0195','I0244'),('P0383','I0244'),('P0313','I0245'),('P0318','I0245'),('P0450','I0246'),('P0022','I0247'),('P0257','I0247'),('P0046','I0249'),('P0277','I0249'),('P0278','I0249'),('P0282','I0249'),('P0295','I0249'),('P0397','I0249'),('P0422','I0249'),('P0018','I0250'),('P0115','I0250'),('P0261','I0250'),('P0371','I0250'),('P0140','I0251'),('P0345','I0251'),('P0008','I0252'),('P0149','I0252'),('P0415','I0252'),('P0034','I0255'),('P0464','I0255'),('P0142','I0256'),('P0484','I0256'),('P0290','I0257'),('P0064','I0258'),('P0454','I0258'),('P0050','I0259'),('P0276','I0259'),('P0283','I0259'),('P0338','I0259'),('P0366','I0259'),('P0482','I0259'),('P0024','I0260'),('P0186','I0261'),('P0264','I0261'),('P0333','I0262'),('P0365','I0262'),('P0002','I0264'),('P0311','I0265'),('P0447','I0267'),('P0382','I0268'),('P0086','I0270'),('P0324','I0271'),('P0287','I0272'),('P0348','I0272'),('P0035','I0274'),('P0037','I0275'),('P0139','I0275'),('P0228','I0275'),('P0477','I0276'),('P0042','I0277'),('P0080','I0278'),('P0390','I0279'),('P0147','I0280'),('P0183','I0280'),('P0065','I0281'),('P0329','I0281'),('P0202','I0282'),('P0385','I0282'),('P0027','I0284'),('P0266','I0285'),('P0286','I0285'),('P0057','I0286'),('P0368','I0286'),('P0453','I0286'),('P0154','I0288'),('P0376','I0288'),('P0171','I0289'),('P0294','I0289'),('P0375','I0289'),('P0399','I0290'),('P0474','I0290'),('P0087','I0291'),('P0130','I0292'),('P0076','I0293'),('P0231','I0293'),('P0032','I0294'),('P0105','I0295'),('P0054','I0296'),('P0223','I0296'),('P0134','I0297'),('P0309','I0297'),('P0096','I0298'),('P0256','I0298'),('P0180','I0299'),('P0212','I0300'),('P0234','I0300');
/*!40000 ALTER TABLE `claimed_for` ENABLE KEYS */;
UNLOCK TABLES;

--
-- Table structure for table `doctor`
--

DROP TABLE IF EXISTS `doctor`;
/*!40101 SET @saved_cs_client     = @@character_set_client */;
/*!50503 SET character_set_client = utf8mb4 */;
CREATE TABLE `doctor` (
  `Doctor_ID` int NOT NULL,
  `First_Name` varchar(255) DEFAULT NULL,
  `Middle_Name` varchar(50) DEFAULT NULL,
  `Last_Name` varchar(255) DEFAULT NULL,
  `DOB` date NOT NULL,
  `Gender` enum('Male','Female','Other') NOT NULL,
  `Email` varchar(255) DEFAULT NULL,
  `Specialization` varchar(100) NOT NULL,
  `Experience` int NOT NULL,
  `Street_Number` varchar(20) DEFAULT NULL,
  `Street_Name` varchar(100) NOT NULL,
  `Apartment_Number` varchar(20) DEFAULT NULL,
  `City` varchar(100) NOT NULL,
  `Pincode` int DEFAULT NULL,
  PRIMARY KEY (`Doctor_ID`),
  UNIQUE KEY `Email` (`Email`),
  KEY `idx_doc_gen` (`Gender`),
  CONSTRAINT `doctor_chk_1` CHECK (((`Pincode` >= 100000) and (`Pincode` <= 999999)))
) ENGINE=InnoDB DEFAULT CHARSET=utf8mb4 COLLATE=utf8mb4_0900_ai_ci;
/*!40101 SET character_set_client = @saved_cs_client */;

--
-- Dumping data for table `doctor`
--

LOCK TABLES `doctor` WRITE;
/*!40000 ALTER TABLE `doctor` DISABLE KEYS */;
INSERT INTO `doctor` VALUES (156,'Riya','j','Jain','2002-02-09','Male','riyaj@gmail.com','ENT',6,'3','xdgd','','Valsad',456790),(1401,'William','Alexander','John','1983-05-21','Male','william.powell@yahoo.com','Orthopedics',17,'94143','Berger Radial','400','Sandy',549310),(1402,'Kathryn','Anthony','Manning','1965-01-04','Male','kathryn.manning@outlook.com','Pediatrics',31,'97637','David Row','400','Hopkinsstad',434762),(1403,'Joshua','Jerry','Clark','1977-11-10','Male','joshua.clark@outlook.com','Orthopedics',38,'6003','Zachary Walk','84898','Port Raymond',521565),(1501,'Brianna','John','Mckenzie','1965-08-14','Male','brianna.mckenzie@gmail.com','Oncology',14,'431','Mary Islands','4835','Port Spencer',307542),(1502,'Janet','Jennifer','Simmons','1990-05-22','Female','janet.simmons@gmail.com','Cardiology',36,'961','Brown Underpass','5','Brownmouth',517983),(1503,'Courtney','Stephen','Dean','1963-03-19','Male','courtney.dean@outlook.com','Oncology',29,'957','Christopher Summit','9475','Joseburgh',580399),(1601,'Brandon','Jeffery','Miller','1978-12-21','Male','brandon.miller@outlook.com','Neurology',18,'9458','Bryan Ports','320','East Ashleymouth',567488),(1602,'Margaret','Nicholas','Maddox','1973-12-07','Female','margaret.maddox@outlook.com','Neurology',1,'73401','Hurley Flat','10523','Mannfort',990149),(1701,'Melissa','Sarah','Smith','1991-03-02','Female','melissa.smith@outlook.com','Pediatrics',38,'8659','Hall Union','361','Arnoldview',207831),(1702,'Kathleen','Zachary','Graham','1989-08-07','Female','kathleen.graham@yahoo.com','Neurology',1,'37921','Davis Mission','14256','Port Patrick',327640);
/*!40000 ALTER TABLE `doctor` ENABLE KEYS */;
UNLOCK TABLES;

--
-- Table structure for table `doctor_availability`
--

DROP TABLE IF EXISTS `doctor_availability`;
/*!40101 SET @saved_cs_client     = @@character_set_client */;
/*!50503 SET character_set_client = utf8mb4 */;
CREATE TABLE `doctor_availability` (
  `Doctor_ID` int NOT NULL,
  `Day` varchar(20) NOT NULL,
  `Time` time NOT NULL,
  PRIMARY KEY (`Doctor_ID`,`Day`,`Time`)
) ENGINE=InnoDB DEFAULT CHARSET=utf8mb4 COLLATE=utf8mb4_0900_ai_ci;
/*!40101 SET character_set_client = @saved_cs_client */;

--
-- Dumping data for table `doctor_availability`
--

LOCK TABLES `doctor_availability` WRITE;
/*!40000 ALTER TABLE `doctor_availability` DISABLE KEYS */;
INSERT INTO `doctor_availability` VALUES (11,'Monday','06:45:23'),(11,'Tuesday','07:56:23'),(67,'Monday','09:30:45'),(67,'Sunday','10:30:00'),(100,'Monday','06:45:23'),(100,'Tuesday','07:56:23'),(156,'Monday','09:30:45'),(156,'Sunday','10:30:00'),(1401,'Friday','16:00:00'),(1401,'Friday','18:00:00'),(1401,'Saturday','16:00:00'),(1401,'Thursday','14:00:00'),(1401,'Tuesday','18:00:00'),(1401,'Wednesday','16:00:00'),(1402,'Monday','14:00:00'),(1402,'Saturday','16:00:00'),(1402,'Tuesday','18:00:00'),(1402,'Wednesday','18:00:00'),(1403,'Friday','14:00:00'),(1403,'Friday','16:00:00'),(1403,'Saturday','18:00:00'),(1403,'Thursday','16:00:00'),(1403,'Tuesday','14:00:00'),(1403,'Wednesday','18:00:00'),(1501,'Friday','16:00:00'),(1501,'Monday','16:00:00'),(1501,'Saturday','14:00:00'),(1501,'Thursday','18:00:00'),(1501,'Tuesday','18:00:00'),(1502,'Monday','14:00:00'),(1502,'Thursday','16:00:00'),(1502,'Wednesday','18:00:00'),(1503,'Friday','14:00:00'),(1503,'Saturday','18:00:00'),(1503,'Thursday','18:00:00'),(1503,'Tuesday','16:00:00'),(1503,'Wednesday','14:00:00'),(1601,'Friday','14:00:00'),(1601,'Friday','18:00:00'),(1601,'Saturday','16:00:00'),(1601,'Thursday','18:00:00'),(1601,'Tuesday','14:00:00'),(1602,'Monday','14:00:00'),(1602,'Wednesday','16:00:00'),(1701,'Thursday','16:00:00'),(1701,'Tuesday','16:00:00'),(1702,'Friday','18:00:00'),(1702,'Monday','14:00:00'),(1702,'Saturday','16:00:00');
/*!40000 ALTER TABLE `doctor_availability` ENABLE KEYS */;
UNLOCK TABLES;

--
-- Table structure for table `doctor_contact`
--

DROP TABLE IF EXISTS `doctor_contact`;
/*!40101 SET @saved_cs_client     = @@character_set_client */;
/*!50503 SET character_set_client = utf8mb4 */;
CREATE TABLE `doctor_contact` (
  `Doctor_ID` int NOT NULL,
  `Phone_Number` bigint NOT NULL,
  PRIMARY KEY (`Doctor_ID`,`Phone_Number`),
  CONSTRAINT `doctor_contact_chk_1` CHECK (((`Phone_Number` > 999999999) and (`Phone_Number` <= 9999999999)))
) ENGINE=InnoDB DEFAULT CHARSET=utf8mb4 COLLATE=utf8mb4_0900_ai_ci;
/*!40101 SET character_set_client = @saved_cs_client */;

--
-- Dumping data for table `doctor_contact`
--

LOCK TABLES `doctor_contact` WRITE;
/*!40000 ALTER TABLE `doctor_contact` DISABLE KEYS */;
INSERT INTO `doctor_contact` VALUES (11,4829482984),(11,4920682058),(11,4958395829),(67,1234567890),(100,6095347789),(156,4567890123),(1401,9690601948),(1402,9492812333),(1402,9664729390),(1403,9496646039),(1501,9117878756),(1501,9398199945),(1502,9318509333),(1503,9087382848),(1503,9891191283),(1601,9658537411),(1601,9719632722),(1602,9541482061),(1602,9887838121),(1701,9379165317),(1701,9607407513),(1702,9167351405),(1702,9619366826);
/*!40000 ALTER TABLE `doctor_contact` ENABLE KEYS */;
UNLOCK TABLES;

--
-- Table structure for table `emergency`
--

DROP TABLE IF EXISTS `emergency`;
/*!40101 SET @saved_cs_client     = @@character_set_client */;
/*!50503 SET character_set_client = utf8mb4 */;
CREATE TABLE `emergency` (
  `Patient_ID` int NOT NULL,
  `License_Number` int NOT NULL,
  `Disease` varchar(100) NOT NULL,
  `Date` date NOT NULL,
  `Time` time NOT NULL,
  PRIMARY KEY (`Patient_ID`,`License_Number`,`Disease`,`Date`,`Time`),
  KEY `License_Number` (`License_Number`),
  KEY `idx_Emeg_Dis` (`Disease`),
  CONSTRAINT `emergency_ibfk_1` FOREIGN KEY (`Patient_ID`) REFERENCES `patient` (`Patient_ID`),
  CONSTRAINT `emergency_ibfk_2` FOREIGN KEY (`License_Number`) REFERENCES `hospital` (`License_Number`)
) ENGINE=InnoDB DEFAULT CHARSET=utf8mb4 COLLATE=utf8mb4_0900_ai_ci;
/*!40101 SET character_set_client = @saved_cs_client */;

--
-- Dumping data for table `emergency`
--

LOCK TABLES `emergency` WRITE;
/*!40000 ALTER TABLE `emergency` DISABLE KEYS */;
INSERT INTO `emergency` VALUES (20004,113643,'Sepsis','2023-11-19','08:50:51'),(19030,183901,'Seizures (Epilepsy)','2023-11-12','09:36:21'),(21001,183901,'Meningococcal Disease','2023-12-02','13:58:49'),(22020,183901,'Concussion','2023-12-03','10:10:55'),(23029,183901,'Severe Allergic Reaction','2023-11-23','14:31:59'),(23059,183901,'Atrial Septal Defect','2023-11-13','08:48:24'),(21002,196018,'Atrial Septal Defect','2024-02-03','10:42:24'),(21020,196018,'Asthma','2023-11-28','12:48:36'),(23007,196018,'Sepsis','2023-11-03','10:30:27'),(19053,274690,'Pneumonia','2023-11-14','16:48:09'),(20033,274690,'Fractures','2023-11-04','11:18:02'),(21025,274690,'Anaphylaxis','2023-12-07','15:32:11'),(23026,274690,'Meningitis','2023-11-18','15:31:13'),(19025,366789,'Meningitis','2023-11-08','17:15:55'),(22015,366789,'Seizures (Epilepsy)','2023-12-06','09:43:44'),(22035,366789,'Dehydration','2023-11-27','12:28:06'),(23029,366789,'Severe Allergic Reaction','2023-11-11','08:48:24'),(23052,366789,'Kawasaki Disease','2023-11-30','15:31:13'),(20034,511309,'Heatstroke','2023-11-24','17:51:38'),(22022,511309,'Concussion','2023-12-10','16:44:31'),(22058,511309,'Fractures','2023-12-08','17:29:40'),(23003,511309,'Sepsis','2023-11-03','13:46:51'),(23011,511309,'Heatstroke','2023-11-10','16:04:02'),(19032,581630,'Dehydration','2023-11-14','13:20:47'),(20060,581630,'Kawasaki Disease','2023-12-07','09:15:13'),(21047,581630,'Diabetic Ketoacidosis','2023-11-26','14:42:58'),(19058,585857,'Concussion','2023-11-21','18:07:16'),(19005,657454,'Diabetic Ketoacidosis','2023-11-19','14:59:03'),(19013,657454,'Appendicitis','2023-11-05','11:42:28'),(20010,657454,'Acute Bronchitis','2023-12-09','14:34:27'),(21035,657454,'Anaphylaxis','2023-11-06','18:15:47'),(22010,657454,'Appendicitis','2023-11-20','11:26:33'),(22017,657454,'Seizures (Epilepsy)','2023-11-16','13:27:20'),(22050,657454,'Traumatic Brain Injury','2023-11-15','11:56:04'),(23001,657454,'Fractures','2023-11-25','09:13:15'),(19003,813412,'Asthma','2023-11-18','08:27:14'),(19054,813412,'Traumatic Brain Injury','2023-11-09','15:24:40'),(21016,813412,'Asthma','2023-12-01','16:05:00'),(22044,813412,'Pneumonia','2023-11-07','08:28:53'),(22048,813412,'Traumatic Brain Injury','2023-12-04','14:12:29'),(23041,813412,'Kawasaki Disease','2023-11-09','12:47:38'),(23057,813412,'Atrial Septal Defect','2023-11-02','18:04:49'),(21041,852267,'Diabetic Ketoacidosis','2023-11-01','08:59:22'),(22037,852267,'Dehydration','2023-11-29','15:11:42'),(22039,852267,'Pneumonia','2023-11-17','18:45:17'),(23017,852267,'Heatstroke','2023-11-04','12:47:38'),(23027,852267,'Meningitis','2023-12-05','18:04:49'),(19053,866543,'Severe Allergic Reaction','2024-02-02','12:31:54'),(22013,866543,'Appendicitis','2023-11-22','17:00:09');
/*!40000 ALTER TABLE `emergency` ENABLE KEYS */;
UNLOCK TABLES;

--
-- Table structure for table `f_patients`
--

DROP TABLE IF EXISTS `f_patients`;
/*!40101 SET @saved_cs_client     = @@character_set_client */;
/*!50503 SET character_set_client = utf8mb4 */;
CREATE TABLE `f_patients` (
  `Patient_ID` int NOT NULL,
  `First_Name` varchar(50) NOT NULL,
  `Middle_Name` varchar(50) DEFAULT NULL,
  `Last_Name` varchar(50) NOT NULL,
  `DOB` date NOT NULL,
  `Street_Number` varchar(20) DEFAULT NULL,
  `Street_Name` varchar(100) NOT NULL,
  `Apartment_Number` varchar(20) DEFAULT NULL,
  `City` varchar(100) NOT NULL,
  `Pincode` int DEFAULT NULL,
  `Gender` enum('Male','Female','Other') NOT NULL,
  `Email` varchar(255) DEFAULT NULL
) ENGINE=InnoDB DEFAULT CHARSET=utf8mb4 COLLATE=utf8mb4_0900_ai_ci;
/*!40101 SET character_set_client = @saved_cs_client */;

--
-- Dumping data for table `f_patients`
--

LOCK TABLES `f_patients` WRITE;
/*!40000 ALTER TABLE `f_patients` DISABLE KEYS */;
INSERT INTO `f_patients` VALUES (19005,'Gina','Darius','Contreras','1982-03-13','65','Kimberly Creek','90','South Heatherfurt',536915,'Female','huffadam@example.net'),(19006,'Leslie','Timothy','Parker','1968-01-10','315','Obrien Squares','5','South Mitchell',647290,'Female','pclay@example.com'),(19010,'Danielle','Dylan','Padilla','2020-11-21','323','Smith Islands','27','Josephburgh',235949,'Female','tony33@example.net'),(19012,'Karen','Carrie','Ibarra','1976-09-15','253','Fox Court','80','West Rodney',414906,'Female','mtaylor@example.net'),(19017,'Sharon','Aaron','Oliver','1978-06-17','514','Earl Highway','77','Sarahbury',238377,'Female','randalloneill@example.com'),(19019,'Peter','Alexander','Klein','1973-01-25','384','Kimberly Plain','87','Hartchester',950473,'Female','gary05@example.com'),(19023,'Ruth','Carl','Mclaughlin','2020-05-02','37','Stewart Passage','68','West Ericmouth',554123,'Female','bfarrell@example.com'),(19024,'Jason','Zachary','Mcgee','1994-06-28','812','Kurt Hollow','2','West Mary',716822,'Female','lanceglover@example.org'),(19027,'Derek','Mathew','Brown','1949-09-02','345','Davis Mount','26','Geraldview',950135,'Female','lisa43@example.org'),(19031,'Rachel','James','Williams','1951-05-29','898','Michael View','27','West Amandaville',496125,'Female','heather51@example.net'),(19034,'Marie','Bradley','Wood','1979-08-05','74','Justin Land','20','Murphyshire',721505,'Female','wsheppard@example.com'),(19039,'Richard','Jodi','Diaz','1967-07-09','555','Stewart Mall','81','Lynchfort',663624,'Female','michaelfox@example.org'),(19041,'Jane','Larry','Gray','2020-05-09','643','Carol Locks','1','Wattsside',349594,'Female','william78@example.net'),(19042,'Debra','Kristopher','Ruiz','1996-11-09','606','Smith Parkways','86','Port Kimberly',166606,'Female','aaronlopez@example.net'),(19043,'Annette','David','Johnson','1981-01-05','969','Tran Plaza','84','East Bryan',429909,'Female','watsondonna@example.org'),(19047,'Katrina','John','Vaughn','1964-11-26','779','Robert Springs','45','Clarkmouth',127743,'Female','anne82@example.org'),(19048,'Chelsea','Beth','Johnson','2020-11-19','937','Lonnie Highway','35','North Erinport',691484,'Female','carolyn45@example.net'),(19049,'Jennifer','Sarah','Perry','1967-01-25','411','Nelson Haven','36','Johnsonburgh',613170,'Female','castillothomas@example.net'),(19050,'Brandon','Amanda','Salazar','2016-11-05','440','James Isle','47','North Laura',325255,'Female','gonzalezamanda@example.com'),(19052,'Melissa','Morgan','Moore','1963-07-10','401','Cunningham Well','21','South Josephbury',989515,'Female','ccontreras@example.org'),(19055,'David','Kayla','Parks','1974-09-12','427','Krista Vista','4','Housefort',879252,'Female','melindacontreras@example.org'),(20002,'Patrick','Levi','Cook','2015-07-09','732','Campbell Court','14','Wadeview',962870,'Female','ramoscarl@example.net'),(20004,'Robert','Lauren','Contreras','1956-04-27','922','Hart Plain','70','New Daniel',767821,'Female','rjames@example.net'),(20007,'Nicholas','Susan','Matthews','1959-11-23','550','Elizabeth Turnpike','31','Andersonview',841902,'Female','catherinebowman@example.org'),(20010,'James','David','Moyer','2021-11-19','938','Gary Union','27','Jessechester',319226,'Female','crawfordmax@example.org'),(20011,'Brian','Keith','Williams','1988-02-01','679','Anderson Points','81','West Darrenfort',400676,'Female','garciajacob@example.com'),(20012,'Teresa','Ronald','Sanchez','2010-11-13','255','Martinez Islands','56','Justintown',368504,'Female','dwhite@example.org'),(20015,'Dawn','Michael','Walker','1967-01-08','656','Tanya Valley','55','Paigeview',580216,'Female','courtneytaylor@example.com'),(20017,'Jennifer','Keith','Smith','1992-11-24','162','Jackson Extension','40','Kristenville',682690,'Female','dmorales@example.com'),(20018,'Natalie','Katherine','Marshall','1950-02-12','819','Rivera Wall','43','South Jasonton',407883,'Female','thoward@example.org'),(20022,'Julie','Alexander','Tanner','2020-09-15','560','Julie Trafficway','21','Petersview',301770,'Female','kyle87@example.net'),(20026,'John','Erin','Hill','2017-01-29','183','Destiny Motorway','47','Kristinport',655988,'Female','joshuasims@example.org'),(20028,'Joan','Sarah','Miller','2019-09-21','648','Patricia Plaza','75','Michelleside',177643,'Female','ccharles@example.org'),(20030,'Lisa','Whitney','Gonzales','1977-05-27','582','Jon Ways','45','Lake Robert',118016,'Female','rodriguezkevin@example.net'),(20035,'Holly','Justin','Sanchez','2012-04-20','923','Patterson Viaduct','69','Mendezburgh',841824,'Female','goldenscott@example.net'),(20043,'Janet','Krista','Owen','1956-07-15','558','Collins Causeway','69','Hillbury',932686,'Female','sara48@example.com'),(20045,'Stephanie','David','Choi','1983-11-20','598','Green Courts','82','Carlsonfurt',626273,'Female','stevenking@example.net'),(20046,'Amanda','Mark','Hall','1961-09-24','520','Cantu Ford','41','South Anne',448148,'Female','flowersalyssa@example.org'),(20048,'Kevin','Michael','Rodriguez','1992-10-10','669','Ryan Park','69','Joneshaven',826315,'Female','carrie00@example.com'),(20054,'Ronald','Brandi','Carroll','1961-03-05','750','Gabriel Estate','8','New Michaelfurt',185095,'Female','deantroy@example.net'),(20056,'Greg','Brandon','Mendoza','1964-01-25','864','Spencer Way','9','New Brandonland',499506,'Female','jonesjennifer@example.net'),(21002,'Wendy','Tim','Ward','1949-09-22','745','Thompson Mission','35','Ronaldview',177082,'Female','richmondnicholas@example.org'),(21009,'Abigail','Jacob','Bell','1962-06-21','546','Reynolds River','13','Martinezmouth',371688,'Female','moranalexandria@example.net'),(21016,'Lawrence','Robin','Gray','1961-05-16','188','Cruz Glens','43','Pageburgh',385601,'Female','john88@example.com'),(21019,'Kimberly','James','Griffin','2009-06-10','970','Sara Centers','94','North Rachel',432149,'Female','michael46@example.org'),(21021,'Charles','Cheryl','Banks','1958-02-14','419','Jeffrey Alley','15','Devinborough',507273,'Female','phelpsheidi@example.org'),(21022,'Alec','Julie','Bryant','2002-06-24','270','Matthew Roads','93','Brittanystad',932043,'Female','nperez@example.org'),(21025,'Gary','Sherry','Shepherd','1974-09-19','746','Sherri Isle','46','West Amber',461846,'Female','kclark@example.org'),(21029,'Brian','Melissa','Grant','1944-07-12','704','Rodriguez Turnpike','4','Jenningsbury',725765,'Female','eric55@example.net'),(21031,'Gail','Daniel','Hall','1964-06-14','95','Blake Well','90','Coreychester',840803,'Female','williamtorres@example.org'),(21032,'Jennifer','Kari','Mills','1956-02-08','597','Mccormick Course','66','Melendezbury',739799,'Female','nicole53@example.org'),(21034,'Sharon','Michael','Jackson','1990-03-22','184','Castillo Village','45','Lake Kathleen',581753,'Female','wpark@example.net'),(21039,'Cody','Victor','Parker','1945-09-23','388','William Spring','74','South Timothy',231679,'Female','bethrobinson@example.net'),(21040,'Brianna','Briana','Marquez','1995-03-12','619','Johnson Field','82','Alexland',883535,'Female','timothyjimenez@example.org'),(21042,'Kevin','Brian','Roy','2019-08-15','207','Rice Plain','1','Port Kaylaburgh',861583,'Female','martinezryan@example.net'),(21045,'Chelsey','Daniel','Jones','2019-10-08','665','Harrington Cliff','88','Kirbyton',301117,'Female','leslieoneal@example.net'),(21046,'Annette','Mary','Parker','2011-10-11','117','Gardner Isle','88','Merrittburgh',536927,'Female','jessica40@example.com'),(21050,'Jose','Charles','Randall','1967-01-18','337','Miranda Trail','80','Jessicaside',105330,'Female','austinbruce@example.net'),(21051,'Dylan','Greg','Hansen','2002-12-26','959','Webb Harbors','64','Thomasburgh',448384,'Female','dramos@example.net'),(21059,'Lisa','Trevor','Bowers','1973-02-27','513','Barber Locks','39','West Kaylahaven',843883,'Female','meyerangela@example.com'),(22001,'John','Carol','Barnes','1974-01-06','660','Palmer Island','18','East Hunter',770083,'Female','randolphwilliam@example.com'),(22006,'Maria','Christopher','Lee','1986-08-10','564','Kelly Camp','37','West Stephenside',719780,'Female','williamsebony@example.org'),(22008,'Carol','Amy','Stevens','2017-06-10','754','Mitchell Gardens','56','East Jorgeberg',132060,'Female','ryanherrera@example.net'),(22014,'Janice','Kelly','Wright','1960-12-03','782','Richards Turnpike','68','East Jonathanland',377155,'Female','heather31@example.org'),(22016,'Ryan','Betty','Cobb','1969-10-12','143','Romero Villages','75','Jacobhaven',194678,'Female','joseph30@example.com'),(22017,'Thomas','Patricia','Hurley','2006-07-09','495','Jennifer Extension','97','Sullivanhaven',893739,'Female','michelle42@example.org'),(22019,'Karen','Micheal','Lutz','1965-01-03','130','Elizabeth Gateway','91','East Josephtown',613048,'Female','ovazquez@example.net'),(22020,'Matthew','Christina','Hale','1970-05-24','485','Stephen Estate','90','Port Courtney',523434,'Female','omoore@example.com'),(22021,'Paul','Yolanda','Baker','2014-05-23','523','Brandon Junction','41','East Rachel',529304,'Female','jonesjames@example.org'),(22024,'Steven','Jeremy','Leonard','1952-02-01','513','Jennifer Way','77','East Annette',960899,'Female','elozano@example.net'),(22025,'Thomas','Jeffrey','Davidson','1968-02-01','22','Roberts Cliffs','94','Hannahhaven',126695,'Female','amandarowe@example.net'),(22028,'Steven','Samantha','Williams','1960-11-11','595','Keith Ranch','26','Lake Maureen',667092,'Female','heather22@example.net'),(22029,'Brian','Ashley','Park','1945-02-16','542','Christine Pine','44','South Lauren',503007,'Female','cwilliams@example.com'),(22034,'Michael','Anthony','Greene','1988-06-03','606','Briana Mill','40','Alecbury',390833,'Female','shannonhurley@example.com'),(22035,'Carmen','Joe','Harris','2008-06-02','270','Shawn Plains','83','North Tammy',542130,'Female','smithallen@example.net'),(22038,'Timothy','James','Montgomery','1996-02-24','652','Johnathan Court','20','Watsontown',468390,'Female','nmiller@example.org'),(22040,'Peter','Jill','Bryan','2017-04-30','194','Glenn Burg','30','Richardshire',239163,'Female','castrostephen@example.com'),(22048,'Anthony','Patricia','Martinez','2000-06-07','518','Allen Station','24','South Brian',800080,'Female','adamanderson@example.net'),(22054,'David','Thomas','Osborne','1992-04-07','505','Farmer Cove','53','Brooksburgh',801919,'Female','sandra76@example.org'),(22055,'Loretta','Justin','Watson','1952-12-05','33','Curtis Forge','84','Ronaldfort',607425,'Female','hubbardrandy@example.net'),(22058,'Dawn','Timothy','Johnson','2017-04-28','638','David Lane','6','North Kimberlyport',842588,'Female','floreskathryn@example.com'),(22059,'Kari','David','Cannon','1964-09-02','52','William Vista','88','East Ethanside',469482,'Female','moorejacqueline@example.com'),(22060,'Brian','Connor','Robinson','1946-05-18','801','Gallegos Pine','21','Sawyermouth',789315,'Female','justinthomas@example.org'),(23005,'Alan','Richard','Rojas','1977-04-01','288','Kenneth Mountain','35','New Darrenberg',978842,'Female','chapmansandra@example.com'),(23007,'Joseph','William','Murphy','1991-05-21','10','Jennifer Skyway','77','Escobarstad',344171,'Female','christina94@example.org'),(23010,'Jennifer','Janice','Sanchez','2022-09-18','916','Carrie Springs','88','West Thomas',497392,'Female','nalvarez@example.com'),(23012,'Melinda','Michael','Mccall','1964-04-03','833','Lawrence Loop','31','Mullinsview',126157,'Female','joshuamoran@example.net'),(23014,'Michael','Robert','Lewis','1985-09-05','392','Megan Plains','51','Williamsshire',545079,'Female','jenniferyu@example.net'),(23016,'Jennifer','Joshua','Harris','1991-08-04','642','Galvan Falls','100','Ballport',312658,'Female','munozjohn@example.net'),(23017,'Beverly','Sean','Simmons','2000-12-03','588','Mcpherson Squares','94','West Carol',257849,'Female','natalieroman@example.net'),(23018,'Kimberly','Lisa','Oliver','2007-05-02','616','Justin Forks','38','Jamiechester',759143,'Female','qwiggins@example.net'),(23020,'Carly','Kimberly','Hines','1987-04-25','92','Boyle Hills','90','Port Sherylberg',301984,'Female','james16@example.org'),(23023,'Michael','Susan','Sweeney','1966-07-28','185','Cunningham Forges','71','Watsonmouth',806338,'Female','mark64@example.com'),(23031,'April','Stephanie','Lewis','2015-02-24','384','Diana Inlet','96','Richmondbury',556900,'Female','melissawilson@example.org'),(23041,'Brianna','David','Vazquez','1965-11-02','988','Blake Bridge','53','Port Joshua',352060,'Female','brian90@example.net'),(23043,'Jason','Kurt','Kim','2006-10-12','654','Miller Vista','88','Melissahaven',277301,'Female','martinsharon@example.com'),(23044,'Meghan','Michael','Zamora','2009-07-31','78','Amanda Circles','72','Sarahberg',115547,'Female','connierogers@example.net'),(23046,'Carlos','Victor','Smith','1996-11-14','141','Chad Circles','42','North Deanna',955062,'Female','ydavis@example.org'),(23047,'Catherine','Jason','Jordan','1951-08-02','481','Rebecca Ville','74','West Kathleen',225291,'Female','rebeccathomas@example.net'),(23048,'Miranda','Ashley','Davis','1999-08-24','537','Moore Unions','18','North Davidmouth',810297,'Female','mannraymond@example.com'),(23050,'Rachel','Amy','Smith','1991-10-27','919','Emma Crossing','4','Annamouth',613294,'Female','smorton@example.com'),(23053,'Joseph','Carmen','Baker','1990-03-31','902','Cordova Roads','28','New Mark',649557,'Female','emilyalvarez@example.org'),(23056,'Hailey','Jessica','Parker','1964-07-21','325','Jennifer Isle','94','Cardenaston',469423,'Female','johncox@example.org'),(23059,'Harry','Sarah','Baker','1972-12-22','252','Earl Prairie','10','Lake April',174641,'Female','anthony93@example.net');
/*!40000 ALTER TABLE `f_patients` ENABLE KEYS */;
UNLOCK TABLES;

--
-- Table structure for table `hospital`
--

DROP TABLE IF EXISTS `hospital`;
/*!40101 SET @saved_cs_client     = @@character_set_client */;
/*!50503 SET character_set_client = utf8mb4 */;
CREATE TABLE `hospital` (
  `License_Number` int NOT NULL,
  `Name` varchar(255) DEFAULT NULL,
  `Street_Number` varchar(20) DEFAULT NULL,
  `Street_Name` varchar(100) NOT NULL,
  `Apartment_Number` varchar(20) DEFAULT NULL,
  `City` varchar(100) NOT NULL,
  `Pincode` int DEFAULT NULL,
  PRIMARY KEY (`License_Number`),
  KEY `idx_Hos_city` (`City`),
  CONSTRAINT `hospital_chk_1` CHECK (((`Pincode` >= 100000) and (`Pincode` <= 999999)))
) ENGINE=InnoDB DEFAULT CHARSET=utf8mb4 COLLATE=utf8mb4_0900_ai_ci;
/*!40101 SET character_set_client = @saved_cs_client */;

--
-- Dumping data for table `hospital`
--

LOCK TABLES `hospital` WRITE;
/*!40000 ALTER TABLE `hospital` DISABLE KEYS */;
INSERT INTO `hospital` VALUES (113643,'Mayo Clinic','74490','Banks Springs','685','Michelleshire',248604),(183901,'Mount Sinai Hospital','43538','Thomas Squares','557','Michelleshire',618685),(196018,'UCLA Medical Center','624','Roberts Avenue','692','Roblesstad',159638),(274690,'Stanford Health Care','22397','Mitchell Causeway','131','Patriciabury',940619),(366789,'Cleveland Clinic','10248','Kennedy Drive','539','North Miguelville',704309),(511309,'Memorial Hospital','62909','William Plains','309','Ritaburgh',630599),(581630,'Johns Hopkins Hospital','6753','Guerrero Villages','484','Owenbury',155803),(585857,'Massachusetts General Hospital','46101','Smith Alley','32','Port Rachel',454003),(657454,'Brigham and Women\'s Hospital','85982','Gutierrez Falls','343','Brianhaven',905726),(813412,'University of California San Francisco Medical Center','15526','Miller Squares','304','South Danielshire',294711),(852267,'NewYork-Presbyterian Hospital','398','Ruiz Causeway','320','Amberbury',220874),(866543,'St. Mary\'s Medical Center','112','Douglas Turnpike','113','East Matthew',225255);
/*!40000 ALTER TABLE `hospital` ENABLE KEYS */;
UNLOCK TABLES;

--
-- Table structure for table `hospital_contact`
--

DROP TABLE IF EXISTS `hospital_contact`;
/*!40101 SET @saved_cs_client     = @@character_set_client */;
/*!50503 SET character_set_client = utf8mb4 */;
CREATE TABLE `hospital_contact` (
  `License_Number` int NOT NULL,
  `Phone_Number` bigint NOT NULL,
  PRIMARY KEY (`License_Number`,`Phone_Number`),
  KEY `idx_hosc_licen` (`License_Number`),
  CONSTRAINT `hospital_contact_ibfk_1` FOREIGN KEY (`License_Number`) REFERENCES `hospital` (`License_Number`),
  CONSTRAINT `hospital_contact_chk_1` CHECK (((`Phone_Number` > 999999999) and (`Phone_Number` <= 9999999999)))
) ENGINE=InnoDB DEFAULT CHARSET=utf8mb4 COLLATE=utf8mb4_0900_ai_ci;
/*!40101 SET character_set_client = @saved_cs_client */;

--
-- Dumping data for table `hospital_contact`
--

LOCK TABLES `hospital_contact` WRITE;
/*!40000 ALTER TABLE `hospital_contact` DISABLE KEYS */;
INSERT INTO `hospital_contact` VALUES (113643,3997452003),(113643,6728846132),(183901,1313059464),(196018,4687333737),(196018,8017521961),(274690,1290577099),(366789,6814720392),(366789,7962694191),(511309,5238877800),(511309,8880834147),(581630,7552858993),(581630,9697535606),(585857,8297982145),(585857,8923984540),(657454,1538278089),(813412,1684512877),(813412,2813886819),(852267,1299661459),(852267,4037703196),(866543,5625018049);
/*!40000 ALTER TABLE `hospital_contact` ENABLE KEYS */;
UNLOCK TABLES;

--
-- Table structure for table `insurance`
--

DROP TABLE IF EXISTS `insurance`;
/*!40101 SET @saved_cs_client     = @@character_set_client */;
/*!50503 SET character_set_client = utf8mb4 */;
CREATE TABLE `insurance` (
  `Insurance_Number` varchar(20) NOT NULL,
  `Issue_Date` date NOT NULL,
  `Expiry_Date` date NOT NULL,
  `Wallet_Balance` decimal(10,2) NOT NULL,
  `Reimbursement_Status` varchar(20) NOT NULL DEFAULT 'Pending',
  PRIMARY KEY (`Insurance_Number`),
  KEY `ins_stat` (`Reimbursement_Status`),
  CONSTRAINT `insurance_chk_1` CHECK ((`Wallet_Balance` > 0))
) ENGINE=InnoDB DEFAULT CHARSET=utf8mb4 COLLATE=utf8mb4_0900_ai_ci;
/*!40101 SET character_set_client = @saved_cs_client */;

--
-- Dumping data for table `insurance`
--

LOCK TABLES `insurance` WRITE;
/*!40000 ALTER TABLE `insurance` DISABLE KEYS */;
INSERT INTO `insurance` VALUES ('I0002','2022-05-01','2025-07-15',1800.00,'Rejected'),('I0003','2021-02-04','2024-05-22',60600.00,'Rejected'),('I0004','2022-07-15','2024-09-24',69000.00,'Approved'),('I0005','2023-12-19','2026-07-16',42300.00,'Pending'),('I0006','2022-09-07','2024-10-30',90400.00,'Pending'),('I0007','2023-04-23','2026-07-21',37200.00,'Under Review'),('I0008','2020-06-28','2024-03-25',53000.00,'Processing'),('I0009','2020-02-27','2023-11-27',33200.00,'Processing'),('I0010','2021-07-20','2024-01-02',94200.00,'Processing'),('I0011','2022-01-07','2024-08-19',13700.00,'Pending'),('I0012','2020-08-03','2023-03-11',44400.00,'Rejected'),('I0013','2023-07-07','2025-05-16',63000.00,'Pending'),('I0014','2022-12-28','2026-10-14',83400.00,'Paid'),('I0015','2021-03-26','2026-02-05',69500.00,'Approved'),('I0016','2022-07-05','2027-03-11',31500.00,'Paid'),('I0017','2021-04-24','2023-04-22',58100.00,'Approved'),('I0018','2021-12-15','2024-03-27',65100.00,'Pending'),('I0019','2021-04-20','2023-10-03',69200.00,'Under Review'),('I0020','2022-02-19','2023-09-28',62100.00,'Approved'),('I0021','2023-08-05','2026-10-31',54300.00,'Rejected'),('I0022','2022-08-01','2026-12-27',7900.00,'Rejected'),('I0023','2021-09-05','2024-12-13',79600.00,'Rejected'),('I0024','2023-11-22','2027-08-28',38800.00,'Approved'),('I0025','2020-04-04','2022-09-07',94500.00,'Processing'),('I0026','2020-06-20','2024-12-31',64400.00,'Processing'),('I0027','2023-12-24','2027-04-30',9000.00,'Processing'),('I0028','2023-01-27','2026-12-24',7300.00,'Processing'),('I0029','2023-12-31','2025-12-25',85200.00,'Paid'),('I0030','2020-02-22','2024-01-05',3600.00,'Rejected'),('I0031','2022-03-13','2023-11-08',70000.00,'Approved'),('I0032','2021-10-21','2022-12-15',22400.00,'Pending'),('I0033','2020-05-16','2024-07-28',80600.00,'Approved'),('I0034','2020-05-18','2023-03-04',70800.00,'Processing'),('I0035','2023-06-29','2025-12-15',68400.00,'Rejected'),('I0036','2023-05-12','2026-07-13',88300.00,'Rejected'),('I0037','2023-03-12','2028-02-09',75500.00,'Under Review'),('I0038','2021-11-26','2023-12-17',29700.00,'Pending'),('I0039','2022-02-17','2025-08-27',65300.00,'Paid'),('I0040','2021-08-30','2023-10-19',6600.00,'Paid'),('I0041','2021-02-22','2023-07-23',52300.00,'Under Review'),('I0042','2021-05-19','2025-01-15',65200.00,'Processing'),('I0043','2022-01-10','2025-10-21',58300.00,'Pending'),('I0044','2023-07-16','2026-03-30',61100.00,'Processing'),('I0045','2020-04-30','2024-01-31',27800.00,'Pending'),('I0046','2020-07-21','2023-01-04',62800.00,'Under Review'),('I0047','2022-11-29','2024-08-25',75000.00,'Rejected'),('I0048','2021-09-20','2024-08-27',91700.00,'Approved'),('I0049','2022-02-22','2025-11-18',30500.00,'Processing'),('I0050','2020-10-09','2024-04-09',32100.00,'Processing'),('I0051','2022-05-06','2025-02-20',2000.00,'Under Review'),('I0052','2022-01-08','2024-05-31',26700.00,'Paid'),('I0053','2022-02-23','2025-05-25',39300.00,'Pending'),('I0054','2023-06-06','2024-11-29',50600.00,'Pending'),('I0055','2022-09-06','2024-12-24',73800.00,'Under Review'),('I0056','2022-06-06','2026-02-21',23000.00,'Rejected'),('I0057','2022-01-09','2025-01-04',43800.00,'Approved'),('I0058','2020-03-06','2024-05-05',38700.00,'Approved'),('I0059','2020-07-31','2021-12-08',87100.00,'Approved'),('I0060','2022-08-07','2024-02-29',17700.00,'Processing'),('I0061','2022-04-11','2026-03-23',96400.00,'Pending'),('I0062','2023-01-18','2025-06-13',86600.00,'Approved'),('I0063','2023-01-04','2025-06-30',90800.00,'Pending'),('I0064','2023-05-17','2026-05-28',36900.00,'Paid'),('I0065','2023-06-22','2028-01-05',7900.00,'Under Review'),('I0066','2023-02-19','2024-10-12',57200.00,'Paid'),('I0067','2023-07-09','2025-10-31',61400.00,'Processing'),('I0068','2021-07-31','2023-09-05',92900.00,'Approved'),('I0069','2021-08-02','2025-06-23',48300.00,'Rejected'),('I0070','2021-08-06','2025-04-22',33800.00,'Processing'),('I0071','2023-08-30','2025-05-11',16800.00,'Under Review'),('I0072','2022-08-12','2025-07-16',24500.00,'Pending'),('I0073','2022-10-01','2026-04-12',12100.00,'Approved'),('I0074','2023-03-24','2026-05-22',81300.00,'Under Review'),('I0075','2020-06-06','2022-05-15',44600.00,'Approved'),('I0076','2020-11-24','2023-01-27',48000.00,'Pending'),('I0077','2020-05-29','2022-05-21',23000.00,'Paid'),('I0078','2021-04-23','2023-03-01',45700.00,'Under Review'),('I0079','2022-11-01','2024-05-29',40900.00,'Under Review'),('I0080','2022-09-13','2027-01-18',90700.00,'Processing'),('I0081','2022-02-25','2024-11-27',18600.00,'Under Review'),('I0082','2022-04-25','2025-01-23',93500.00,'Paid'),('I0083','2020-01-23','2023-10-15',94000.00,'Approved'),('I0084','2020-01-27','2021-03-21',29400.00,'Paid'),('I0085','2022-07-04','2026-09-30',66000.00,'Rejected'),('I0086','2021-04-23','2022-07-12',83300.00,'Approved'),('I0087','2020-09-07','2022-01-16',17200.00,'Approved'),('I0088','2022-02-20','2023-03-03',3300.00,'Processing'),('I0089','2020-03-26','2021-11-01',200.00,'Under Review'),('I0090','2023-02-01','2025-12-01',90500.00,'Under Review'),('I0091','2020-06-20','2023-07-01',700.00,'Rejected'),('I0092','2022-08-21','2024-09-04',63400.00,'Pending'),('I0093','2022-05-03','2026-07-20',68000.00,'Pending'),('I0094','2022-03-21','2025-01-07',99600.00,'Under Review'),('I0095','2023-04-18','2024-05-31',90000.00,'Paid'),('I0096','2023-02-15','2026-07-21',90400.00,'Pending'),('I0097','2021-06-02','2024-12-12',84100.00,'Approved'),('I0098','2020-03-02','2022-07-22',82000.00,'Processing'),('I0099','2020-10-10','2024-07-05',87800.00,'Approved'),('I0100','2024-01-29','2028-11-16',32700.00,'Paid'),('I0101','2021-11-06','2025-02-27',18300.00,'Approved'),('I0102','2023-04-23','2025-05-15',61100.00,'Under Review'),('I0103','2022-05-12','2023-10-08',80500.00,'Processing'),('I0104','2021-12-28','2025-05-30',42500.00,'Processing'),('I0105','2022-08-19','2025-08-17',42200.00,'Pending'),('I0106','2022-10-20','2027-06-10',87900.00,'Approved'),('I0107','2023-07-09','2028-06-22',77800.00,'Under Review'),('I0108','2022-11-24','2027-07-21',15100.00,'Paid'),('I0109','2021-10-11','2026-02-02',14900.00,'Processing'),('I0110','2022-02-28','2023-04-17',73800.00,'Paid'),('I0111','2022-03-28','2025-02-27',32900.00,'Processing'),('I0112','2022-01-08','2026-08-17',29100.00,'Under Review'),('I0113','2020-07-11','2022-04-11',82100.00,'Processing'),('I0114','2020-09-16','2025-05-01',43000.00,'Rejected'),('I0115','2022-12-20','2025-06-13',20300.00,'Paid'),('I0116','2023-12-12','2025-09-15',61900.00,'Under Review'),('I0117','2022-05-28','2027-02-02',53500.00,'Rejected'),('I0118','2020-08-28','2023-02-01',65300.00,'Rejected'),('I0119','2023-06-17','2027-02-18',62300.00,'Rejected'),('I0120','2022-09-06','2026-05-30',20100.00,'Approved'),('I0121','2020-04-01','2024-12-25',4700.00,'Rejected'),('I0122','2022-08-10','2024-07-04',56500.00,'Approved'),('I0123','2023-07-10','2026-03-25',84700.00,'Rejected'),('I0124','2023-05-04','2026-10-29',57500.00,'Approved'),('I0125','2021-12-07','2023-07-07',40600.00,'Paid'),('I0126','2020-07-20','2023-04-27',37700.00,'Under Review'),('I0127','2023-03-11','2025-12-19',12400.00,'Processing'),('I0128','2021-05-10','2024-04-15',13200.00,'Pending'),('I0129','2021-11-03','2026-10-28',47200.00,'Paid'),('I0130','2023-12-08','2024-12-28',78400.00,'Paid'),('I0131','2020-04-25','2024-10-16',57500.00,'Approved'),('I0132','2020-03-16','2022-04-18',87700.00,'Processing'),('I0133','2022-02-18','2024-12-28',900.00,'Pending'),('I0134','2023-07-08','2026-10-14',50300.00,'Under Review'),('I0135','2022-05-06','2024-07-27',53500.00,'Rejected'),('I0136','2023-10-17','2025-11-11',15400.00,'Rejected'),('I0137','2023-06-01','2026-09-30',33700.00,'Approved'),('I0138','2022-03-26','2024-08-25',72200.00,'Under Review'),('I0139','2020-03-26','2024-09-01',44900.00,'Processing'),('I0140','2023-06-19','2026-04-21',23500.00,'Approved'),('I0141','2023-06-25','2028-01-08',90400.00,'Approved'),('I0142','2020-04-13','2025-01-04',9900.00,'Pending'),('I0143','2021-05-29','2025-10-23',84900.00,'Pending'),('I0144','2021-02-20','2025-07-01',16100.00,'Pending'),('I0145','2020-11-19','2024-05-08',42900.00,'Rejected'),('I0146','2021-10-15','2024-12-08',43800.00,'Under Review'),('I0147','2023-05-24','2024-09-06',50500.00,'Approved'),('I0148','2023-11-29','2027-06-24',400.00,'Paid'),('I0149','2020-04-26','2025-04-24',17900.00,'Under Review'),('I0150','2021-08-12','2023-08-05',22200.00,'Under Review'),('I0151','2020-02-10','2021-12-26',54300.00,'Rejected'),('I0152','2023-08-28','2026-05-22',96600.00,'Rejected'),('I0153','2020-01-29','2021-08-30',72500.00,'Under Review'),('I0154','2021-07-28','2025-01-30',23200.00,'Processing'),('I0155','2022-04-16','2025-02-18',39800.00,'Pending'),('I0156','2020-09-27','2022-07-06',41900.00,'Paid'),('I0157','2020-06-19','2023-12-21',3300.00,'Approved'),('I0158','2020-05-16','2024-12-30',99700.00,'Paid'),('I0159','2021-06-25','2024-10-03',76300.00,'Rejected'),('I0160','2020-01-02','2024-11-24',8500.00,'Approved'),('I0161','2022-11-27','2027-06-14',31400.00,'Paid'),('I0162','2022-12-04','2026-12-03',63600.00,'Rejected'),('I0163','2023-06-04','2026-10-29',56500.00,'Pending'),('I0164','2023-03-14','2026-10-07',85900.00,'Processing'),('I0165','2021-02-20','2023-11-10',1100.00,'Rejected'),('I0166','2022-01-17','2025-12-08',14900.00,'Processing'),('I0167','2020-05-26','2022-07-10',95300.00,'Paid'),('I0168','2023-08-07','2026-09-28',82700.00,'Pending'),('I0169','2021-01-23','2022-10-11',41300.00,'Approved'),('I0170','2020-09-24','2023-08-10',90000.00,'Processing'),('I0171','2023-04-10','2027-11-08',94700.00,'Under Review'),('I0172','2022-05-22','2025-02-19',95800.00,'Rejected'),('I0173','2020-05-28','2023-10-21',59700.00,'Under Review'),('I0174','2022-12-28','2027-01-22',84800.00,'Approved'),('I0175','2021-04-19','2024-08-16',41000.00,'Processing'),('I0176','2024-01-05','2027-01-24',96200.00,'Processing'),('I0177','2022-01-29','2023-08-27',70000.00,'Under Review'),('I0178','2020-04-14','2022-11-01',68700.00,'Under Review'),('I0179','2021-02-24','2023-08-25',31500.00,'Pending'),('I0180','2021-12-31','2024-11-03',55700.00,'Under Review'),('I0181','2020-08-08','2023-10-29',17400.00,'Under Review'),('I0182','2023-06-24','2024-07-19',81300.00,'Approved'),('I0183','2022-06-25','2024-09-21',69000.00,'Approved'),('I0184','2021-11-17','2022-12-21',33500.00,'Pending'),('I0185','2020-09-20','2022-02-09',87700.00,'Paid'),('I0186','2023-04-02','2026-12-19',34400.00,'Processing'),('I0187','2020-06-06','2024-05-13',200.00,'Pending'),('I0188','2022-06-13','2023-10-02',26700.00,'Approved'),('I0189','2020-06-06','2022-05-12',43100.00,'Rejected'),('I0190','2023-07-22','2026-07-20',91600.00,'Rejected'),('I0191','2022-01-30','2023-06-13',85600.00,'Paid'),('I0192','2022-11-03','2025-07-20',21900.00,'Paid'),('I0193','2023-02-06','2027-02-27',51000.00,'Processing'),('I0194','2021-06-04','2023-06-22',73600.00,'Under Review'),('I0195','2023-06-14','2024-12-31',80100.00,'Processing'),('I0196','2022-09-22','2024-11-03',70500.00,'Processing'),('I0197','2022-11-16','2024-07-05',4300.00,'Pending'),('I0198','2021-09-06','2024-09-24',8200.00,'Under Review'),('I0199','2020-11-17','2025-04-30',47600.00,'Pending'),('I0200','2022-09-29','2025-08-31',52600.00,'Pending'),('I0201','2020-10-17','2025-01-22',9100.00,'Pending'),('I0202','2022-09-21','2024-03-28',65900.00,'Rejected'),('I0203','2020-05-21','2024-06-19',72800.00,'Under Review'),('I0204','2020-10-11','2024-05-12',26800.00,'Approved'),('I0205','2022-06-25','2026-06-14',4900.00,'Under Review'),('I0206','2021-08-15','2023-04-14',31700.00,'Pending'),('I0207','2022-03-22','2026-09-21',55100.00,'Rejected'),('I0208','2020-03-09','2024-01-18',84200.00,'Rejected'),('I0209','2021-06-27','2024-01-02',80700.00,'Processing'),('I0210','2021-08-24','2024-12-17',5000.00,'Approved'),('I0211','2020-11-20','2024-06-17',93200.00,'Paid'),('I0212','2022-10-02','2025-04-29',81000.00,'Under Review'),('I0213','2022-12-17','2025-12-03',40400.00,'Rejected'),('I0214','2023-11-19','2025-09-10',83200.00,'Pending'),('I0215','2022-11-15','2026-08-12',97900.00,'Processing'),('I0216','2020-11-14','2024-05-26',12200.00,'Paid'),('I0217','2021-06-10','2024-11-10',2900.00,'Pending'),('I0218','2021-02-26','2023-07-23',44400.00,'Processing'),('I0219','2023-03-21','2027-03-26',38600.00,'Rejected'),('I0220','2023-04-02','2025-05-24',9800.00,'Under Review'),('I0221','2023-06-26','2027-09-23',33300.00,'Processing'),('I0222','2021-02-05','2025-07-01',85500.00,'Approved'),('I0223','2021-08-22','2024-05-19',81100.00,'Paid'),('I0224','2022-07-29','2025-12-19',47900.00,'Rejected'),('I0225','2023-08-21','2025-09-09',26000.00,'Approved'),('I0226','2020-01-25','2024-05-30',37400.00,'Pending'),('I0227','2022-09-18','2025-05-03',44600.00,'Processing'),('I0228','2023-04-20','2027-09-24',78400.00,'Under Review'),('I0229','2020-12-11','2023-09-02',82600.00,'Paid'),('I0230','2022-01-28','2024-11-26',8200.00,'Under Review'),('I0231','2022-11-25','2027-09-04',89100.00,'Paid'),('I0232','2022-01-24','2024-10-22',31600.00,'Paid'),('I0233','2020-03-29','2024-12-06',12900.00,'Approved'),('I0234','2020-08-02','2023-07-01',67200.00,'Under Review'),('I0235','2021-07-20','2024-06-12',86000.00,'Paid'),('I0236','2023-03-27','2026-04-25',7900.00,'Pending'),('I0237','2020-11-24','2023-11-05',15300.00,'Processing'),('I0238','2021-11-08','2024-02-04',7500.00,'Paid'),('I0239','2020-05-28','2021-10-04',56100.00,'Under Review'),('I0240','2021-03-12','2025-09-07',46500.00,'Under Review'),('I0241','2022-02-20','2025-04-21',98900.00,'Under Review'),('I0242','2022-05-17','2025-01-12',59200.00,'Processing'),('I0243','2020-04-27','2021-07-23',49800.00,'Pending'),('I0244','2023-12-20','2027-02-11',98700.00,'Under Review'),('I0245','2024-01-25','2025-11-08',67600.00,'Paid'),('I0246','2023-08-22','2025-03-08',43800.00,'Under Review'),('I0247','2022-08-24','2023-12-07',80000.00,'Paid'),('I0248','2022-12-04','2024-01-01',86900.00,'Approved'),('I0249','2021-01-11','2022-12-22',39400.00,'Approved'),('I0250','2022-05-27','2024-11-30',32900.00,'Approved'),('I0251','2020-05-03','2021-10-04',5600.00,'Pending'),('I0252','2022-10-22','2025-11-19',27800.00,'Processing'),('I0253','2023-12-16','2028-01-09',46100.00,'Pending'),('I0254','2023-08-06','2027-09-21',94300.00,'Rejected'),('I0255','2021-01-02','2024-02-10',4700.00,'Pending'),('I0256','2022-05-07','2023-05-12',21600.00,'Paid'),('I0257','2023-01-26','2025-03-08',200.00,'Processing'),('I0258','2022-10-01','2024-10-24',20100.00,'Paid'),('I0259','2021-06-27','2024-05-13',87300.00,'Processing'),('I0260','2020-02-08','2023-05-16',26000.00,'Pending'),('I0261','2020-05-24','2021-11-11',32400.00,'Pending'),('I0262','2020-09-12','2021-10-19',75600.00,'Approved'),('I0263','2020-04-16','2021-09-07',53000.00,'Rejected'),('I0264','2020-06-21','2024-08-20',15200.00,'Approved'),('I0265','2022-05-13','2023-10-08',81700.00,'Paid'),('I0266','2023-04-01','2025-10-24',5300.00,'Approved'),('I0267','2023-02-08','2024-08-23',50500.00,'Paid'),('I0268','2021-12-16','2025-05-22',25200.00,'Under Review'),('I0269','2020-08-30','2024-09-25',97200.00,'Rejected'),('I0270','2022-07-20','2026-10-09',66600.00,'Processing'),('I0271','2020-10-03','2024-09-21',97600.00,'Approved'),('I0272','2022-12-26','2027-04-30',47200.00,'Approved'),('I0273','2020-12-30','2022-06-06',80900.00,'Pending'),('I0274','2020-07-14','2023-07-30',94200.00,'Approved'),('I0275','2022-09-28','2027-03-26',61000.00,'Rejected'),('I0276','2020-10-08','2022-02-23',24300.00,'Paid'),('I0277','2023-05-20','2027-12-25',65400.00,'Approved'),('I0278','2020-02-09','2022-03-11',43200.00,'Pending'),('I0279','2021-02-12','2022-05-21',91200.00,'Approved'),('I0280','2021-08-01','2023-07-06',77300.00,'Rejected'),('I0281','2023-05-05','2026-01-02',24100.00,'Rejected'),('I0282','2022-07-11','2025-06-13',47800.00,'Under Review'),('I0283','2023-07-24','2025-03-25',18400.00,'Under Review'),('I0284','2022-03-15','2025-10-13',26000.00,'Processing'),('I0285','2020-12-04','2025-03-17',55400.00,'Pending'),('I0286','2022-09-08','2023-12-01',98300.00,'Under Review'),('I0287','2020-11-22','2024-09-01',73000.00,'Pending'),('I0288','2021-01-07','2022-12-21',81800.00,'Processing'),('I0289','2020-04-23','2023-06-27',9600.00,'Rejected'),('I0290','2023-11-02','2028-08-22',38300.00,'Rejected'),('I0291','2023-04-09','2026-05-16',69200.00,'Paid'),('I0292','2023-04-10','2025-05-05',93600.00,'Paid'),('I0293','2021-06-28','2023-04-05',92500.00,'Processing'),('I0294','2020-10-18','2023-08-27',6100.00,'Rejected'),('I0295','2020-11-15','2023-02-02',5500.00,'Paid'),('I0296','2023-12-28','2025-07-13',89700.00,'Rejected'),('I0297','2021-08-01','2023-06-27',17600.00,'Under Review'),('I0298','2022-06-04','2026-10-31',31400.00,'Under Review'),('I0299','2021-07-23','2025-11-11',87100.00,'Approved'),('I0300','2023-01-31','2024-06-18',14400.00,'Paid');
/*!40000 ALTER TABLE `insurance` ENABLE KEYS */;
UNLOCK TABLES;

--
-- Table structure for table `m_patients`
--

DROP TABLE IF EXISTS `m_patients`;
/*!40101 SET @saved_cs_client     = @@character_set_client */;
/*!50503 SET character_set_client = utf8mb4 */;
CREATE TABLE `m_patients` (
  `Patient_ID` int NOT NULL,
  `First_Name` varchar(50) NOT NULL,
  `Middle_Name` varchar(50) DEFAULT NULL,
  `Last_Name` varchar(50) NOT NULL,
  `DOB` date NOT NULL,
  `Street_Number` varchar(20) DEFAULT NULL,
  `Street_Name` varchar(100) NOT NULL,
  `Apartment_Number` varchar(20) DEFAULT NULL,
  `City` varchar(100) NOT NULL,
  `Pincode` int DEFAULT NULL,
  `Gender` enum('Male','Female','Other') NOT NULL,
  `Email` varchar(255) DEFAULT NULL
) ENGINE=InnoDB DEFAULT CHARSET=utf8mb4 COLLATE=utf8mb4_0900_ai_ci;
/*!40101 SET character_set_client = @saved_cs_client */;

--
-- Dumping data for table `m_patients`
--

LOCK TABLES `m_patients` WRITE;
/*!40000 ALTER TABLE `m_patients` DISABLE KEYS */;
INSERT INTO `m_patients` VALUES (19002,'Brandon','Maria','Lester','2000-11-13','555','Fuller Parkway','15','Michaelmouth',681901,'Male','oali@example.com'),(19004,'Gregory','Bianca','Cannon','1962-11-01','881','Jones Loaf','5','East Cassandratown',110947,'Male','brandonhester@example.org'),(19007,'Jason','Kathryn','Anderson','1975-05-18','421','Gina Mills','42','North Nathanielshire',621234,'Male','romerokeith@example.org'),(19008,'Carlos','Lori','Herman','1980-08-02','553','Tyler Forges','92','Ramosberg',912511,'Male','spencerstephanie@example.org'),(19009,'Alyssa','Michael','Gomez','1975-04-12','97','Lopez Village','40','Port Amandabury',953428,'Male','gonzalezjohn@example.org'),(19011,'Joseph','Connor','Craig','1960-03-03','18','Leslie Neck','57','Stevensbury',581971,'Male','albertolson@example.net'),(19016,'Amy','Sarah','Harris','1991-12-17','374','Baker Rue','86','Smithtown',505964,'Male','christopherjohnson@example.com'),(19020,'Betty','Mason','Stokes','2010-03-29','234','Nicole Tunnel','6','Lake Allentown',929947,'Male','syoung@example.com'),(19021,'Joseph','Matthew','Taylor','1951-08-09','554','Valenzuela Stream','63','New Kylemouth',219476,'Male','james27@example.org'),(19022,'Kelly','Shannon','Wilson','1953-11-18','81','Holly Trace','98','Frederickshire',590344,'Male','susan16@example.org'),(19028,'Laura','Joseph','Castillo','1985-06-27','959','Ryan Summit','17','Charlesmouth',195409,'Male','richardhudson@example.net'),(19032,'Sharon','Michael','Steele','2001-01-01','822','Jackson Rapids','67','Popeland',790699,'Male','rmcdonald@example.org'),(19036,'Jeremy','Margaret','Hogan','2000-05-01','86','Jessica Crossing','66','Williamsview',115124,'Male','johnsonchristina@example.org'),(19040,'Paul','Kelly','Baker','1969-09-03','56','Thomas Rapid','43','Chavezland',148997,'Male','lesterthomas@example.com'),(19045,'Keith','Justin','Carpenter','2023-10-29','428','Lyons Crossroad','31','North Gregory',888767,'Male','larry70@example.net'),(19046,'Thomas','Robert','Tanner','1984-01-03','330','Judy Plains','38','Ericborough',337214,'Male','lolson@example.com'),(19054,'Monique','Daniel','Mcfarland','2016-08-04','235','Griffin Overpass','5','Woodburgh',741489,'Male','opham@example.com'),(19057,'Richard','Alisha','Davis','1980-10-12','518','White Points','78','Raymondburgh',699393,'Male','mgonzalez@example.org'),(19058,'Jessica','Dawn','Finley','1955-10-30','995','Armstrong Gateway','32','Holtborough',699468,'Male','alexandra06@example.org'),(19060,'William','Christopher','Miller','1977-08-11','487','Sarah Flat','100','Stuartville',685743,'Male','kelseyflores@example.net'),(20003,'Christopher','Melinda','Morgan','2010-11-18','581','Karen Harbor','64','Barkerport',197698,'Male','robertsonandrew@example.com'),(20008,'Nathan','Christopher','Barnes','2011-09-01','207','Gonzales Court','87','East Reginashire',155982,'Male','brownronald@example.org'),(20009,'Carol','Barry','Farley','1949-09-12','511','Rich Turnpike','53','New Diana',377791,'Male','josedavis@example.org'),(20013,'Tracey','Tracy','Barnes','2014-10-31','983','Kevin Port','99','Floresland',857130,'Male','fthomas@example.org'),(20021,'Wendy','Brandon','Baker','1969-04-30','975','Rodriguez Spur','70','Robertmouth',582871,'Male','eric53@example.com'),(20025,'Jacqueline','Donna','Armstrong','2023-04-28','505','Salazar Via','76','Lake Julie',537892,'Male','jacobsjustin@example.net'),(20029,'Jacqueline','Kendra','Bass','1974-04-13','679','Molly Springs','44','Lake Amyfurt',718245,'Male','beth76@example.net'),(20033,'Stephen','Kristen','Carr','1990-04-17','117','Mason Park','28','Jenniferport',174812,'Male','ambercarter@example.com'),(20036,'Mckenzie','Matthew','Coleman','2015-08-10','125','Michelle Summit','11','West Rachael',395025,'Male','pharris@example.net'),(20037,'Peter','Tyler','Pennington','2004-08-05','597','Jason Valleys','66','Hughesborough',566822,'Male','elizabeth40@example.org'),(20039,'Brandon','James','Ortiz','1985-01-11','243','Lawrence Lane','75','South Andrew',361909,'Male','john31@example.net'),(20040,'Corey','Christina','Benson','1950-05-31','763','Williamson Viaduct','48','East Alexandrafurt',488317,'Male','vrichards@example.com'),(20042,'Paul','John','Moore','2020-08-24','39','Omar Islands','59','West Ryanmouth',154150,'Male','nicholsmatthew@example.org'),(20047,'Kimberly','Devon','Hayes','2010-11-05','811','Smith Plains','85','North Daniel',522186,'Male','weaverkim@example.net'),(20049,'Kenneth','Mark','Rhodes','1958-02-06','990','Knight Circles','58','Wrightbury',730615,'Male','ymacdonald@example.com'),(20050,'Jane','Jacob','Perez','1959-07-31','800','Fields Wells','65','Michaelland',736651,'Male','lwilliams@example.com'),(20051,'William','Melissa','Wade','1977-01-29','107','Nguyen Flat','77','North Samuelview',224306,'Male','wrivera@example.com'),(20052,'Emily','Rebekah','Farmer','1971-06-28','928','Buckley Station','58','Foxmouth',381146,'Male','rbond@example.com'),(20055,'Monica','Sydney','Avery','1968-10-03','989','Wright Spurs','50','Christinaburgh',684904,'Male','phughes@example.com'),(20057,'Courtney','Jacqueline','Cline','2009-12-24','246','David Unions','50','Donnabury',324584,'Male','vcampbell@example.org'),(20059,'Ian','Patrick','King','1985-09-21','175','Kathy Mews','90','South Jeffreyport',278906,'Male','kimberly45@example.com'),(20060,'Natalie','Karen','Owens','2016-07-01','308','Benjamin Ridge','26','South Rodneychester',571365,'Male','morgandaniel@example.org'),(21001,'Sandra','Jason','Neal','1946-11-23','694','Christopher Overpass','46','Ortizhaven',125417,'Male','vlopez@example.net'),(21003,'Maria','Elizabeth','Wright','1981-12-30','164','Samantha Forges','96','South Rachel',189980,'Male','danagallagher@example.net'),(21004,'Eric','Janice','Mejia','1972-03-13','495','Tyler Pike','34','Port Raymond',366790,'Male','anne42@example.net'),(21008,'Peter','Aaron','Mitchell','2010-03-19','795','Cook Orchard','61','Lake Alexander',475949,'Male','jameshicks@example.org'),(21010,'Ryan','Michael','Mcdonald','2023-08-17','286','Benjamin Springs','27','Jamesfurt',116827,'Male','ytaylor@example.net'),(21011,'Anthony','Steven','Brewer','1982-11-08','256','Thomas Parkway','35','East Terrence',168467,'Male','andersonrobert@example.org'),(21012,'Whitney','Brianna','Ewing','1967-11-06','226','Campbell Stravenue','94','Williamsmouth',472769,'Male','smithchristopher@example.com'),(21015,'Matthew','Frank','Bernard','1966-06-17','390','Ewing Landing','68','Lynnmouth',153838,'Male','hbrown@example.com'),(21017,'Sandra','Jeremy','Arnold','1996-07-27','336','Cohen Loaf','95','Tiffanystad',121401,'Male','smithcynthia@example.org'),(21020,'Larry','Michael','Brown','2015-04-19','259','Smith Stream','15','North Emilyton',326791,'Male','helenduarte@example.com'),(21024,'Kara','Christine','Gonzales','2017-08-28','414','Misty Summit','37','Ashleymouth',550391,'Male','faustin@example.net'),(21026,'Tracy','Mary','Bailey','2003-02-09','223','Pamela Ways','53','North Annette',745473,'Male','nelsonallison@example.com'),(21030,'John','Michael','Ponce','2006-12-11','899','Thompson Drives','59','West Megan',490364,'Male','ymiller@example.com'),(21033,'Emily','Jacob','Lara','1973-03-03','359','Jones Track','19','West Michaelville',109704,'Male','tina68@example.org'),(21035,'Michael','Henry','Mendez','1992-05-14','10','Figueroa Walk','5','Lake Michael',501216,'Male','michael47@example.net'),(21036,'Paul','Morgan','Jones','2023-07-07','529','Leah Lodge','3','Davidborough',315191,'Male','tyrone62@example.com'),(21037,'Kathryn','Brianna','Thompson','1974-07-07','863','Zachary Plaza','30','New Sheila',870423,'Male','maddendavid@example.com'),(21038,'Kristina','Kayla','Simmons','1996-12-30','465','Jordan Locks','73','Wilsonport',829693,'Male','dsawyer@example.net'),(21041,'Heather','Nathan','Mclean','1970-04-18','851','Edward Island','37','Wilsonberg',460434,'Male','stacyberry@example.com'),(21043,'Gregory','Clayton','Taylor','2007-07-11','525','Janet Flat','63','New Laurenview',401643,'Male','ronaldalexander@example.org'),(21044,'Tamara','Kimberly','Ellis','1945-05-01','292','Nicholas Ramp','35','Rasmussenburgh',524662,'Male','nicholasbooker@example.org'),(21047,'Andrew','Katelyn','Olson','1971-12-13','575','Brown Trail','39','Terryville',505329,'Male','brendarosario@example.com'),(21053,'Theresa','David','Brock','1950-03-15','884','Lee Tunnel','72','Stephaniefort',675530,'Male','marquezandrew@example.com'),(21056,'Heidi','Jesse','Jones','1980-02-19','716','Kelli Park','60','Brianport',151368,'Male','franciscoweber@example.org'),(21057,'Bradley','Maria','Weaver','2017-01-05','374','Bradley Village','10','Port Derekport',379552,'Male','wyattzachary@example.net'),(21058,'Joseph','Morgan','Silva','1954-06-19','38','Christopher Dale','30','Billborough',165606,'Male','bedwards@example.com'),(21060,'Michael','Stephanie','Shaffer','1967-07-31','325','Morales Court','28','Alyssafurt',617570,'Male','ramosfrancisco@example.com'),(22010,'Lisa','Stephanie','Smith','1996-10-17','376','Mata Island','70','Markchester',289740,'Male','tylertara@example.com'),(22011,'Kristi','Gerald','Yu','2006-05-20','986','Lee Inlet','67','West Johnmouth',625233,'Male','zstephens@example.net'),(22013,'Selena','Corey','Cameron','2018-01-16','457','Jackson Villages','89','Robertsfurt',218640,'Male','evan38@example.net'),(22015,'Mary','Elizabeth','Hill','2018-07-24','465','Wells Gateway','1','North Garrett',416782,'Male','debbie76@example.com'),(22030,'Alexandria','Calvin','Price','1997-10-18','233','Freeman Fall','1','Hallmouth',228925,'Male','berryjohnathan@example.org'),(22032,'Michael','Tyler','Wilson','1961-12-31','797','Michelle Cliff','61','East Kristinatown',819427,'Male','vmorse@example.net'),(22033,'Gina','John','Thomas','1961-12-30','48','Morgan Views','43','Adamschester',116350,'Male','nathanielshields@example.com'),(22036,'Cynthia','William','Freeman','1962-08-02','109','Williams Light','30','North Bradleyfurt',334732,'Male','staceyhuerta@example.com'),(22037,'Gary','Maria','Ryan','1984-11-07','188','Jennifer Road','84','Port Jason',193357,'Male','jatkinson@example.com'),(22041,'Wanda','Sara','Ward','1967-06-16','402','Laura Path','42','Biancaside',675414,'Male','bowmanangela@example.com'),(22042,'Carmen','Chad','Hopkins','1983-04-18','970','Wheeler Greens','75','West Victoriaport',279400,'Male','elizabethtaylor@example.net'),(22043,'Aaron','Mark','Gutierrez','1963-04-10','843','Donna Lock','16','East Randallport',903930,'Male','malloryking@example.net'),(22044,'Jeffrey','Harold','Moreno','1977-07-23','439','Garcia Branch','55','Tylerberg',468308,'Male','pjones@example.com'),(22050,'Morgan','Karen','Cruz','1985-10-03','48','Toni Fords','67','Rodriguezland',150975,'Male','maria18@example.net'),(22052,'Rodney','Steven','Graham','1952-03-10','493','James Route','18','Lake Natasha',657982,'Male','crosbykristy@example.org'),(23001,'Raymond','Janet','Hale','1950-01-26','967','Amanda Pines','24','West Daniel',327282,'Male','jeffrey25@example.org'),(23006,'Larry','Sara','Cortez','2022-01-29','571','Angela Pass','74','Paulshire',136872,'Male','lreyes@example.org'),(23008,'Sue','Robert','Simpson','2001-03-15','627','Contreras Underpass','90','Port Holly',872631,'Male','townsendchelsea@example.com'),(23015,'Kelly','Angela','Allen','2013-01-14','474','Julia Drives','51','Weaverport',537004,'Male','kenneth32@example.com'),(23022,'Teresa','Teresa','Glass','1987-09-11','832','Whitehead Crossroad','73','Lake Johnfort',458070,'Male','charris@example.net'),(23026,'Robert','Margaret','Perez','2003-04-30','434','Johnson Ports','98','Jefferyberg',313877,'Male','shannonweaver@example.net'),(23027,'Anthony','Joann','Huff','1948-02-24','285','Gonzalez Freeway','49','Randychester',360251,'Male','fsanford@example.org'),(23030,'Peter','Teresa','Taylor','2000-09-15','911','Martinez Meadow','63','East Angelachester',981205,'Male','hillkevin@example.com'),(23033,'Alisha','George','Rice','1952-03-10','223','Stephanie Skyway','26','New Brittany',949411,'Male','john75@example.com'),(23034,'April','Mary','Nunez','1962-02-18','449','Rojas Roads','58','Robinland',447300,'Male','charleschandler@example.org'),(23035,'Alexis','Christopher','Hawkins','1984-08-21','406','Andrews Prairie','31','Stevenburgh',912771,'Male','nicholas48@example.net'),(23036,'Vanessa','Christopher','Stokes','1973-02-06','75','Eric Via','63','West Micheleview',389455,'Male','hmitchell@example.net'),(23037,'Tina','Brad','Hill','2016-05-26','599','Donald Roads','38','Taylorchester',434300,'Male','robert53@example.net'),(23040,'Samantha','Janice','Anderson','2022-09-20','429','James Village','37','Eugenetown',178002,'Male','cmiller@example.net'),(23042,'Brandon','Curtis','Thompson','1980-12-03','873','William Cove','50','Allisonchester',404147,'Male','james66@example.net'),(23045,'Jeremy','Ethan','Conner','1950-10-16','235','Felicia Locks','47','South Eddie',137676,'Male','jonesrobert@example.org'),(23052,'Wendy','Jeffrey','Obrien','2007-10-29','852','James Coves','75','Andrewberg',185725,'Male','ryanmurphy@example.org'),(23054,'Carol','Ronald','Quinn','2011-09-04','746','Ryan Divide','20','Elizabethside',944662,'Male','nlove@example.org'),(23055,'Jay','Gabriel','Ortega','1994-04-13','955','Conway Lodge','59','West Melinda',960898,'Male','chelsea57@example.net'),(23058,'Ricky','Michael','Sawyer','1987-12-23','10','Wanda Skyway','51','East Amy',361442,'Male','richard15@example.net'),(23060,'Deborah','Amber','Garcia','1984-02-01','802','Meyer Vista','82','New Stacy',742646,'Male','wandamoody@example.com');
/*!40000 ALTER TABLE `m_patients` ENABLE KEYS */;
UNLOCK TABLES;

--
-- Table structure for table `med_report`
--

DROP TABLE IF EXISTS `med_report`;
/*!40101 SET @saved_cs_client     = @@character_set_client */;
/*!50503 SET character_set_client = utf8mb4 */;
CREATE TABLE `med_report` (
  `Prescription_ID` varchar(20) NOT NULL,
  `Test_Type` varchar(100) NOT NULL,
  `Result` varchar(255) DEFAULT NULL,
  PRIMARY KEY (`Prescription_ID`,`Test_Type`),
  KEY `Test_Type` (`Test_Type`),
  CONSTRAINT `med_report_ibfk_1` FOREIGN KEY (`Test_Type`) REFERENCES `medical_test` (`Test_Type`),
  CONSTRAINT `med_report_ibfk_2` FOREIGN KEY (`Prescription_ID`) REFERENCES `prescription` (`Prescription_ID`)
) ENGINE=InnoDB DEFAULT CHARSET=utf8mb4 COLLATE=utf8mb4_0900_ai_ci;
/*!40101 SET character_set_client = @saved_cs_client */;

--
-- Dumping data for table `med_report`
--

LOCK TABLES `med_report` WRITE;
/*!40000 ALTER TABLE `med_report` DISABLE KEYS */;
INSERT INTO `med_report` VALUES ('P0001','Computed Tomography (CT Scan)','Negative'),('P0002','Complete Blood Count (CBC)','positive'),('P0003','Blood Chemistry Panel','negative'),('P0004','Electrocardiogram (ECG or EKG)','positive'),('P0004','Urinalysis','negative'),('P0005','X-rays','positive'),('P0006','Magnetic Resonance Imaging (MRI)','negative'),('P0007','Computed Tomography (CT Scan)','negative'),('P0008','Ultrasound Imaging','positive'),('P0009','Electroencephalogram (EEG)','positive'),('P0010','Blood Glucose Test','positive'),('P0011','Lipid Profile Test','negative'),('P0012','Liver Function Tests','positive'),('P0012','Thyroid Function Tests','positive'),('P0013','Renal Function Tests','negative'),('P0014','Stool Analysis','negative'),('P0015','Pap Smear','positive'),('P0016','Mammogram','positive'),('P0017','Colonoscopy','negative'),('P0018','Bone Density Test (DEXA Scan)','positive'),('P0018','Prostate-Specific Antigen (PSA) Test','negative'),('P0019','Allergy Tests','positive'),('P0020','HIV Test','negative'),('P0021','Pregnancy Test','positive'),('P0022','Genetic Tests','negative'),('P0023','Biopsy','positive'),('P0024','Complete Blood Count (CBC)','positive'),('P0025','Blood Chemistry Panel','negative'),('P0026','Urinalysis','positive'),('P0027','Electrocardiogram (ECG or EKG)','negative'),('P0028','X-rays','positive'),('P0029','Magnetic Resonance Imaging (MRI)','positive'),('P0030','Computed Tomography (CT Scan)','positive'),('P0030','Ultrasound Imaging','positive'),('P0031','Electroencephalogram (EEG)','negative'),('P0032','Blood Glucose Test','negative'),('P0033','Lipid Profile Test','positive'),('P0034','Thyroid Function Tests','negative'),('P0035','Liver Function Tests','positive'),('P0036','Renal Function Tests','positive'),('P0037','Stool Analysis','negative'),('P0038','Pap Smear','negative'),('P0039','Mammogram','positive'),('P0040','Colonoscopy','positive'),('P0041','Bone Density Test (DEXA Scan)','negative'),('P0041','Prostate-Specific Antigen (PSA) Test','negative'),('P0042','Allergy Tests','positive'),('P0043','HIV Test','positive'),('P0044','Pregnancy Test','negative'),('P0045','Genetic Tests','positive'),('P0046','Biopsy','negative'),('P0047','Complete Blood Count (CBC)','positive'),('P0048','Blood Chemistry Panel','positive'),('P0049','Urinalysis','positive'),('P0050','Electrocardiogram (ECG or EKG)','negative'),('P0051','X-rays','positive'),('P0052','Magnetic Resonance Imaging (MRI)','positive'),('P0053','Computed Tomography (CT Scan)','positive'),('P0054','Ultrasound Imaging','negative'),('P0055','Electroencephalogram (EEG)','positive'),('P0056','Blood Glucose Test','negative'),('P0057','Lipid Profile Test','negative'),('P0057','Thyroid Function Tests','negative'),('P0058','Liver Function Tests','negative'),('P0059','Renal Function Tests','positive'),('P0060','Stool Analysis','positive'),('P0061','Pap Smear','positive'),('P0062','Mammogram','negative'),('P0063','Colonoscopy','positive'),('P0064','Bone Density Test (DEXA Scan)','negative'),('P0065','Prostate-Specific Antigen (PSA) Test','negative'),('P0066','Allergy Tests','positive'),('P0067','HIV Test','positive'),('P0068','Pregnancy Test','negative'),('P0069','Genetic Tests','negative'),('P0070','Biopsy','positive'),('P0071','Complete Blood Count (CBC)','positive'),('P0072','Blood Chemistry Panel','negative'),('P0073','Urinalysis','positive'),('P0074','Electrocardiogram (ECG or EKG)','negative'),('P0075','X-rays','positive'),('P0076','Magnetic Resonance Imaging (MRI)','negative'),('P0077','Computed Tomography (CT Scan)','negative'),('P0078','Ultrasound Imaging','positive'),('P0079','Electroencephalogram (EEG)','positive'),('P0080','Blood Glucose Test','positive'),('P0081','Lipid Profile Test','positive'),('P0082','Thyroid Function Tests','negative'),('P0083','Liver Function Tests','positive'),('P0084','Renal Function Tests','positive'),('P0085','Stool Analysis','negative'),('P0086','Pap Smear','positive'),('P0087','Mammogram','positive'),('P0088','Colonoscopy','positive'),('P0089','Bone Density Test (DEXA Scan)','positive'),('P0090','Prostate-Specific Antigen (PSA) Test','positive'),('P0091','Allergy Tests','positive'),('P0092','HIV Test','negative'),('P0092','Pregnancy Test','positive'),('P0093','Genetic Tests','positive'),('P0094','Biopsy','positive'),('P0095','Complete Blood Count (CBC)','negative'),('P0096','Blood Chemistry Panel','negative'),('P0097','Urinalysis','positive'),('P0098','Electrocardiogram (ECG or EKG)','positive'),('P0099','X-rays','positive'),('P0100','Computed Tomography (CT Scan)','negative'),('P0100','Magnetic Resonance Imaging (MRI)','negative'),('P0101','Ultrasound Imaging','positive'),('P0102','Electroencephalogram (EEG)','positive'),('P0103','Blood Glucose Test','negative'),('P0104','Lipid Profile Test','negative'),('P0105','Thyroid Function Tests','positive'),('P0106','Liver Function Tests','positive'),('P0107','Renal Function Tests','positive'),('P0108','Stool Analysis','negative'),('P0109','Pap Smear','positive'),('P0110','Colonoscopy','negative'),('P0110','Mammogram','positive'),('P0111','Bone Density Test (DEXA Scan)','negative'),('P0112','Prostate-Specific Antigen (PSA) Test','positive'),('P0113','Allergy Tests','positive'),('P0114','HIV Test','negative'),('P0115','Pregnancy Test','positive'),('P0116','Genetic Tests','negative'),('P0117','Biopsy','positive'),('P0118','Complete Blood Count (CBC)','negative'),('P0119','Blood Chemistry Panel','positive'),('P0119','Urinalysis','negative'),('P0120','Electrocardiogram (ECG or EKG)','positive'),('P0121','X-rays','positive'),('P0122','Computed Tomography (CT Scan)','positive'),('P0122','Magnetic Resonance Imaging (MRI)','negative'),('P0123','Ultrasound Imaging','negative'),('P0124','Electroencephalogram (EEG)','positive'),('P0125','Blood Glucose Test','positive'),('P0126','Lipid Profile Test','positive'),('P0127','Thyroid Function Tests','positive'),('P0128','Liver Function Tests','negative'),('P0129','Renal Function Tests','negative'),('P0130','Stool Analysis','positive'),('P0131','Pap Smear','negative'),('P0132','Mammogram','positive'),('P0133','Colonoscopy','positive'),('P0134','Bone Density Test (DEXA Scan)','negative'),('P0135','Prostate-Specific Antigen (PSA) Test','negative'),('P0136','Allergy Tests','positive'),('P0137','HIV Test','positive'),('P0138','Pregnancy Test','negative'),('P0139','Genetic Tests','negative'),('P0140','Biopsy','positive'),('P0141','Complete Blood Count (CBC)','positive'),('P0142','Blood Chemistry Panel','negative'),('P0143','Urinalysis','positive'),('P0144','Electrocardiogram (ECG or EKG)','negative'),('P0145','X-rays','positive'),('P0146','Magnetic Resonance Imaging (MRI)','positive'),('P0147','Computed Tomography (CT Scan)','positive'),('P0148','Ultrasound Imaging','negative'),('P0149','Electroencephalogram (EEG)','positive'),('P0150','Blood Glucose Test','positive'),('P0151','Lipid Profile Test','positive'),('P0152','Thyroid Function Tests','negative'),('P0153','Liver Function Tests','positive'),('P0154','Renal Function Tests','negative'),('P0155','Stool Analysis','negative'),('P0156','Pap Smear','negative'),('P0157','Mammogram','negative'),('P0158','Colonoscopy','positive'),('P0159','Bone Density Test (DEXA Scan)','positive'),('P0160','Prostate-Specific Antigen (PSA) Test','positive'),('P0161','Allergy Tests','negative'),('P0162','HIV Test','positive'),('P0163','Pregnancy Test','negative'),('P0164','Genetic Tests','negative'),('P0165','Biopsy','positive'),('P0166','Complete Blood Count (CBC)','positive'),('P0167','Blood Chemistry Panel','negative'),('P0168','Urinalysis','negative'),('P0169','Electrocardiogram (ECG or EKG)','positive'),('P0170','X-rays','positive'),('P0171','Magnetic Resonance Imaging (MRI)','negative'),('P0172','Computed Tomography (CT Scan)','positive'),('P0173','Ultrasound Imaging','negative'),('P0174','Electroencephalogram (EEG)','positive'),('P0175','Blood Glucose Test','negative'),('P0176','Lipid Profile Test','negative'),('P0177','Thyroid Function Tests','positive'),('P0178','Liver Function Tests','positive'),('P0179','Renal Function Tests','positive'),('P0180','Stool Analysis','positive'),('P0181','Pap Smear','negative'),('P0182','Colonoscopy','positive'),('P0182','Mammogram','positive'),('P0183','Bone Density Test (DEXA Scan)','negative'),('P0184','Prostate-Specific Antigen (PSA) Test','positive'),('P0185','Allergy Tests','positive'),('P0186','HIV Test','positive'),('P0187','Genetic Tests','positive'),('P0187','Pregnancy Test','positive'),('P0188','Biopsy','positive'),('P0189','Complete Blood Count (CBC)','negative'),('P0190','Blood Chemistry Panel','positive'),('P0191','Urinalysis','positive'),('P0192','Electrocardiogram (ECG or EKG)','positive'),('P0193','X-rays','negative'),('P0194','Magnetic Resonance Imaging (MRI)','negative'),('P0195','Computed Tomography (CT Scan)','positive'),('P0196','Ultrasound Imaging','positive'),('P0197','Blood Glucose Test','negative'),('P0197','Electroencephalogram (EEG)','positive'),('P0198','Lipid Profile Test','negative'),('P0199','Thyroid Function Tests','positive'),('P0200','Liver Function Tests','positive'),('P0201','Renal Function Tests','negative'),('P0202','Stool Analysis','negative'),('P0203','Pap Smear','positive'),('P0204','Mammogram','positive'),('P0205','Colonoscopy','positive'),('P0206','Bone Density Test (DEXA Scan)','negative'),('P0207','Prostate-Specific Antigen (PSA) Test','positive'),('P0208','Allergy Tests','positive'),('P0209','HIV Test','negative'),('P0209','Pregnancy Test','negative'),('P0210','Genetic Tests','positive'),('P0211','Biopsy','positive'),('P0212','Complete Blood Count (CBC)','negative'),('P0213','Blood Chemistry Panel','positive'),('P0214','Urinalysis','negative'),('P0215','Electrocardiogram (ECG or EKG)','positive'),('P0216','X-rays','negative'),('P0217','Magnetic Resonance Imaging (MRI)','positive'),('P0218','Computed Tomography (CT Scan)','negative'),('P0219','Ultrasound Imaging','positive'),('P0220','Electroencephalogram (EEG)','positive'),('P0221','Blood Glucose Test','negative'),('P0222','Lipid Profile Test','positive'),('P0223','Thyroid Function Tests','negative'),('P0224','Liver Function Tests','positive'),('P0224','Renal Function Tests','positive'),('P0225','Stool Analysis','positive'),('P0226','Mammogram','negative'),('P0226','Pap Smear','positive'),('P0227','Colonoscopy','negative'),('P0228','Bone Density Test (DEXA Scan)','positive'),('P0229','Prostate-Specific Antigen (PSA) Test','negative'),('P0230','Allergy Tests','positive'),('P0231','HIV Test','positive'),('P0232','Pregnancy Test','negative'),('P0233','Biopsy','positive'),('P0233','Genetic Tests','negative'),('P0234','Complete Blood Count (CBC)','positive'),('P0235','Blood Chemistry Panel','negative'),('P0236','Urinalysis','negative'),('P0237','Electrocardiogram (ECG or EKG)','positive'),('P0238','X-rays','positive'),('P0239','Magnetic Resonance Imaging (MRI)','negative'),('P0240','Computed Tomography (CT Scan)','positive'),('P0241','Ultrasound Imaging','negative'),('P0242','Electroencephalogram (EEG)','positive'),('P0243','Blood Glucose Test','positive'),('P0244','Lipid Profile Test','positive'),('P0245','Thyroid Function Tests','negative'),('P0246','Liver Function Tests','positive'),('P0247','Renal Function Tests','positive'),('P0248','Stool Analysis','positive'),('P0250','Complete Blood Count (CBC)','positive'),('P0251','Blood Chemistry Panel','negative'),('P0252','Urinalysis','negative'),('P0253','Electrocardiogram (ECG or EKG)','negative'),('P0254','X-rays','negative'),('P0255','Magnetic Resonance Imaging (MRI)','positive'),('P0256','Computed Tomography (CT Scan)','positive'),('P0257','Ultrasound Imaging','positive'),('P0258','Electroencephalogram (EEG)','negative'),('P0259','Blood Glucose Test','positive'),('P0260','Lipid Profile Test','negative'),('P0261','Thyroid Function Tests','negative'),('P0262','Liver Function Tests','positive'),('P0263','Renal Function Tests','positive'),('P0264','Stool Analysis','negative'),('P0265','Pap Smear','negative'),('P0266','Mammogram','positive'),('P0267','Colonoscopy','positive'),('P0268','Bone Density Test (DEXA Scan)','negative'),('P0269','Prostate-Specific Antigen (PSA) Test','positive'),('P0270','Allergy Tests','negative'),('P0271','HIV Test','positive'),('P0272','Pregnancy Test','negative'),('P0273','Genetic Tests','negative'),('P0274','Biopsy','positive'),('P0275','Colonoscopy','positive'),('P0276','Blood Chemistry Panel','positive'),('P0276','Urinalysis','positive'),('P0277','Electrocardiogram (ECG or EKG)','negative'),('P0278','X-rays','positive'),('P0279','Magnetic Resonance Imaging (MRI)','positive'),('P0280','Computed Tomography (CT Scan)','negative'),('P0281','Ultrasound Imaging','positive'),('P0282','Electroencephalogram (EEG)','positive'),('P0283','Blood Glucose Test','positive'),('P0284','Lipid Profile Test','positive'),('P0285','Thyroid Function Tests','positive'),('P0286','Liver Function Tests','positive'),('P0287','Renal Function Tests','negative'),('P0288','Stool Analysis','positive'),('P0289','Pap Smear','positive'),('P0290','Mammogram','positive'),('P0291','Colonoscopy','negative'),('P0292','Bone Density Test (DEXA Scan)','negative'),('P0293','Prostate-Specific Antigen (PSA) Test','positive'),('P0294','Allergy Tests','positive'),('P0295','HIV Test','positive'),('P0296','Pregnancy Test','negative'),('P0297','Genetic Tests','negative'),('P0298','Biopsy','positive'),('P0299','Colonoscopy','positive'),('P0300','Blood Chemistry Panel','negative'),('P0301','Urinalysis','negative'),('P0302','Electrocardiogram (ECG or EKG)','positive'),('P0302','X-rays','positive'),('P0303','Magnetic Resonance Imaging (MRI)','positive'),('P0304','Computed Tomography (CT Scan)','negative'),('P0305','Ultrasound Imaging','positive'),('P0306','Electroencephalogram (EEG)','positive'),('P0307','Blood Glucose Test','negative'),('P0308','Lipid Profile Test','negative'),('P0308','Thyroid Function Tests','positive'),('P0309','Liver Function Tests','positive'),('P0310','Renal Function Tests','negative'),('P0311','Stool Analysis','positive'),('P0312','Pap Smear','negative'),('P0313','Mammogram','positive'),('P0314','Colonoscopy','negative'),('P0315','Bone Density Test (DEXA Scan)','positive'),('P0316','Prostate-Specific Antigen (PSA) Test','negative'),('P0317','Allergy Tests','positive'),('P0318','HIV Test','positive'),('P0319','Pregnancy Test','negative'),('P0320','Genetic Tests','positive'),('P0321','Biopsy','negative'),('P0321','Colonoscopy','positive'),('P0322','Blood Chemistry Panel','positive'),('P0323','Urinalysis','positive'),('P0324','Electrocardiogram (ECG or EKG)','positive'),('P0325','X-rays','negative'),('P0326','Magnetic Resonance Imaging (MRI)','negative'),('P0327','Computed Tomography (CT Scan)','positive'),('P0328','Ultrasound Imaging','negative'),('P0329','Electroencephalogram (EEG)','positive'),('P0330','Blood Glucose Test','positive'),('P0331','Lipid Profile Test','negative'),('P0332','Thyroid Function Tests','negative'),('P0333','Liver Function Tests','positive'),('P0334','Renal Function Tests','positive'),('P0335','Stool Analysis','negative'),('P0336','Pap Smear','negative'),('P0337','Mammogram','positive'),('P0338','Colonoscopy','positive'),('P0339','Bone Density Test (DEXA Scan)','negative'),('P0340','Prostate-Specific Antigen (PSA) Test','positive'),('P0341','Allergy Tests','negative'),('P0342','HIV Test','positive'),('P0343','Pregnancy Test','positive'),('P0344','Genetic Tests','positive'),('P0345','Biopsy','negative'),('P0346','Blood Chemistry Panel','positive'),('P0346','Colonoscopy','positive'),('P0347','Urinalysis','positive'),('P0348','Electrocardiogram (ECG or EKG)','negative'),('P0349','X-rays','positive'),('P0350','Magnetic Resonance Imaging (MRI)','negative'),('P0351','Computed Tomography (CT Scan)','negative'),('P0352','Ultrasound Imaging','negative'),('P0353','Electroencephalogram (EEG)','negative'),('P0354','Blood Glucose Test','positive'),('P0355','Lipid Profile Test','positive'),('P0356','Thyroid Function Tests','positive'),('P0357','Liver Function Tests','negative'),('P0358','Renal Function Tests','positive'),('P0359','Stool Analysis','negative'),('P0360','Pap Smear','negative'),('P0361','Mammogram','positive'),('P0362','Colonoscopy','positive'),('P0363','Bone Density Test (DEXA Scan)','negative'),('P0364','Prostate-Specific Antigen (PSA) Test','negative'),('P0365','Allergy Tests','positive'),('P0366','HIV Test','positive'),('P0367','Pregnancy Test','negative'),('P0368','Genetic Tests','positive'),('P0369','Biopsy','negative'),('P0370','Colonoscopy','positive'),('P0371','Blood Chemistry Panel','negative'),('P0372','Urinalysis','negative'),('P0373','Electrocardiogram (ECG or EKG)','positive'),('P0374','Magnetic Resonance Imaging (MRI)','positive'),('P0374','X-rays','positive'),('P0375','Computed Tomography (CT Scan)','positive'),('P0376','Ultrasound Imaging','negative'),('P0377','Electroencephalogram (EEG)','positive'),('P0378','Blood Glucose Test','positive'),('P0379','Lipid Profile Test','negative'),('P0380','Thyroid Function Tests','positive'),('P0381','Liver Function Tests','positive'),('P0382','Renal Function Tests','positive'),('P0383','Stool Analysis','positive'),('P0384','Pap Smear','positive'),('P0385','Colonoscopy','negative'),('P0385','Mammogram','positive'),('P0386','Bone Density Test (DEXA Scan)','positive'),('P0387','Prostate-Specific Antigen (PSA) Test','positive'),('P0388','Allergy Tests','positive'),('P0389','HIV Test','negative'),('P0390','Pregnancy Test','negative'),('P0391','Genetic Tests','positive'),('P0392','Biopsy','positive'),('P0393','Colonoscopy','positive'),('P0394','Blood Chemistry Panel','negative'),('P0395','Urinalysis','negative'),('P0396','Electrocardiogram (ECG or EKG)','positive'),('P0397','X-rays','positive'),('P0398','Magnetic Resonance Imaging (MRI)','negative'),('P0399','Computed Tomography (CT Scan)','negative'),('P0400','Ultrasound Imaging','positive'),('P0401','Electroencephalogram (EEG)','positive'),('P0402','Blood Glucose Test','positive'),('P0403','Lipid Profile Test','negative'),('P0404','Thyroid Function Tests','positive'),('P0405','Liver Function Tests','positive'),('P0405','Renal Function Tests','negative'),('P0406','Stool Analysis','negative'),('P0407','Pap Smear','positive'),('P0408','Mammogram','positive'),('P0409','Colonoscopy','negative'),('P0410','Bone Density Test (DEXA Scan)','positive'),('P0411','Prostate-Specific Antigen (PSA) Test','negative'),('P0412','Allergy Tests','positive'),('P0413','HIV Test','negative'),('P0414','Pregnancy Test','positive'),('P0415','Genetic Tests','negative'),('P0416','Biopsy','positive'),('P0417','Colonoscopy','positive'),('P0418','Blood Chemistry Panel','negative'),('P0419','Urinalysis','positive'),('P0420','Electrocardiogram (ECG or EKG)','negative'),('P0421','X-rays','positive'),('P0422','Magnetic Resonance Imaging (MRI)','positive'),('P0423','Computed Tomography (CT Scan)','positive'),('P0424','Ultrasound Imaging','positive'),('P0425','Electroencephalogram (EEG)','negative'),('P0426','Blood Glucose Test','negative'),('P0427','Lipid Profile Test','positive'),('P0428','Liver Function Tests','positive'),('P0428','Thyroid Function Tests','negative'),('P0429','Renal Function Tests','positive'),('P0430','Stool Analysis','negative'),('P0431','Pap Smear','negative'),('P0432','Mammogram','positive'),('P0433','Colonoscopy','positive'),('P0434','Bone Density Test (DEXA Scan)','negative'),('P0435','Prostate-Specific Antigen (PSA) Test','negative'),('P0436','Allergy Tests','positive'),('P0437','HIV Test','positive'),('P0438','Pregnancy Test','negative'),('P0439','Genetic Tests','positive'),('P0440','Biopsy','negative'),('P0441','Colonoscopy','positive'),('P0442','Blood Chemistry Panel','positive'),('P0443','Urinalysis','positive'),('P0444','Electrocardiogram (ECG or EKG)','negative'),('P0445','X-rays','positive'),('P0446','Magnetic Resonance Imaging (MRI)','positive'),('P0447','Computed Tomography (CT Scan)','positive'),('P0448','Ultrasound Imaging','negative'),('P0449','Electroencephalogram (EEG)','positive'),('P0450','Blood Glucose Test','negative'),('P0451','Lipid Profile Test','negative'),('P0452','Thyroid Function Tests','negative'),('P0453','Liver Function Tests','negative'),('P0454','Renal Function Tests','positive'),('P0455','Pap Smear','positive'),('P0455','Stool Analysis','positive'),('P0456','Mammogram','negative'),('P0457','Colonoscopy','positive'),('P0458','Bone Density Test (DEXA Scan)','negative'),('P0459','Prostate-Specific Antigen (PSA) Test','negative'),('P0460','Allergy Tests','positive'),('P0461','HIV Test','positive'),('P0462','Pregnancy Test','negative'),('P0463','Genetic Tests','negative'),('P0464','Biopsy','positive'),('P0465','Colonoscopy','positive'),('P0466','Blood Chemistry Panel','negative'),('P0467','Urinalysis','positive'),('P0468','Electrocardiogram (ECG or EKG)','negative'),('P0469','X-rays','positive'),('P0470','Magnetic Resonance Imaging (MRI)','negative'),('P0471','Computed Tomography (CT Scan)','negative'),('P0472','Ultrasound Imaging','positive'),('P0473','Electroencephalogram (EEG)','positive'),('P0474','Blood Glucose Test','positive'),('P0475','Lipid Profile Test','positive'),('P0476','Thyroid Function Tests','negative'),('P0477','Liver Function Tests','positive'),('P0478','Renal Function Tests','positive'),('P0479','Stool Analysis','negative'),('P0480','Pap Smear','positive'),('P0481','Mammogram','positive'),('P0482','Colonoscopy','positive'),('P0483','Bone Density Test (DEXA Scan)','positive'),('P0484','Allergy Tests','positive'),('P0484','Prostate-Specific Antigen (PSA) Test','positive'),('P0485','HIV Test','negative'),('P0486','Pregnancy Test','positive'),('P0487','Genetic Tests','positive'),('P0488','Biopsy','positive'),('P0489','Colonoscopy','negative'),('P0490','Blood Chemistry Panel','negative'),('P0491','Urinalysis','positive'),('P0492','Electrocardiogram (ECG or EKG)','positive'),('P0493','X-rays','positive'),('P0494','Magnetic Resonance Imaging (MRI)','negative'),('P0495','Computed Tomography (CT Scan)','positive'),('P0496','Ultrasound Imaging','positive'),('P0497','Electroencephalogram (EEG)','positive'),('P0498','Blood Glucose Test','negative'),('P0499','Lipid Profile Test','negative'),('P0499','Thyroid Function Tests','positive'),('P0500','Liver Function Tests','positive');
/*!40000 ALTER TABLE `med_report` ENABLE KEYS */;
UNLOCK TABLES;

--
-- Table structure for table `medical_test`
--

DROP TABLE IF EXISTS `medical_test`;
/*!40101 SET @saved_cs_client     = @@character_set_client */;
/*!50503 SET character_set_client = utf8mb4 */;
CREATE TABLE `medical_test` (
  `Test_Type` varchar(100) NOT NULL,
  `Lab_Name` varchar(100) NOT NULL,
  PRIMARY KEY (`Test_Type`)
) ENGINE=InnoDB DEFAULT CHARSET=utf8mb4 COLLATE=utf8mb4_0900_ai_ci;
/*!40101 SET character_set_client = @saved_cs_client */;

--
-- Dumping data for table `medical_test`
--

LOCK TABLES `medical_test` WRITE;
/*!40000 ALTER TABLE `medical_test` DISABLE KEYS */;
INSERT INTO `medical_test` VALUES ('Allergy Tests','City Hospital Lab'),('Biopsy','LP Labs'),('Blood Chemistry Panel','MediScan Lab'),('Blood Glucose Test','LP Labs'),('Bone Density Test (DEXA Scan)','MediScan Lab'),('Check ','Nidan Labs'),('Colonoscopy','ABC Lab'),('Complete Blood Count (CBC)','MediScan Lab'),('Computed Tomography (CT Scan)','City Hospital Lab'),('Electrocardiogram (ECG or EKG)','ABC Lab'),('Electroencephalogram (EEG)','MediScan Lab'),('Genetic Tests','MediScan Lab'),('HIV Test','HeartCare Lab'),('Lipid Profile Test','ABC Lab'),('Liver Function Tests','HeartCare Lab'),('Magnetic Resonance Imaging (MRI)','LP Labs'),('Mammogram','City Hospital Lab'),('Pap Smear','MediScan Lab'),('Pregnancy Test','City Hospital Lab'),('Prostate-Specific Antigen (PSA) Test','MediScan Lab'),('Renal Function Tests','City Hospital Lab'),('Stool Analysis','HeartCare Lab'),('Thyroid Function Tests','ABC Lab'),('Ultrasound Imaging','XYZ Diagnostics'),('Urinalysis','HeartCare Lab'),('X-rays','XYZ Diagnostics');
/*!40000 ALTER TABLE `medical_test` ENABLE KEYS */;
UNLOCK TABLES;

--
-- Table structure for table `medication`
--

DROP TABLE IF EXISTS `medication`;
/*!40101 SET @saved_cs_client     = @@character_set_client */;
/*!50503 SET character_set_client = utf8mb4 */;
CREATE TABLE `medication` (
  `Prescription_ID` varchar(20) NOT NULL,
  `Item_ID` varchar(20) NOT NULL,
  PRIMARY KEY (`Prescription_ID`,`Item_ID`),
  KEY `Item_ID` (`Item_ID`),
  CONSTRAINT `medication_ibfk_1` FOREIGN KEY (`Item_ID`) REFERENCES `medicines_equipments` (`Item_ID`),
  CONSTRAINT `medication_ibfk_2` FOREIGN KEY (`Prescription_ID`) REFERENCES `prescription` (`Prescription_ID`)
) ENGINE=InnoDB DEFAULT CHARSET=utf8mb4 COLLATE=utf8mb4_0900_ai_ci;
/*!40101 SET character_set_client = @saved_cs_client */;

--
-- Dumping data for table `medication`
--

LOCK TABLES `medication` WRITE;
/*!40000 ALTER TABLE `medication` DISABLE KEYS */;
INSERT INTO `medication` VALUES ('P0033','M001'),('P0042','M001'),('P0282','M001'),('P0450','M001'),('P0069','M002'),('P0170','M002'),('P0298','M002'),('P0409','M002'),('P0417','M002'),('P0439','M002'),('P0471','M003'),('P0095','M004'),('P0308','M004'),('P0346','M004'),('P0372','M004'),('P0431','M004'),('P0484','M004'),('P0072','M005'),('P0160','M005'),('P0472','M005'),('P0076','M006'),('P0104','M006'),('P0214','M006'),('P0242','M006'),('P0258','M006'),('P0280','M006'),('P0311','M006'),('P0461','M006'),('P0056','M007'),('P0074','M007'),('P0092','M007'),('P0372','M007'),('P0455','M007'),('P0134','M008'),('P0385','M008'),('P0479','M008'),('P0015','M009'),('P0016','M009'),('P0137','M009'),('P0165','M009'),('P0258','M009'),('P0259','M009'),('P0365','M010'),('P0040','M011'),('P0190','M011'),('P0313','M011'),('P0320','M011'),('P0419','M011'),('P0219','M012'),('P0256','M012'),('P0267','M012'),('P0405','M012'),('P0467','M012'),('P0106','M013'),('P0118','M013'),('P0186','M013'),('P0215','M013'),('P0335','M013'),('P0495','M013'),('P0115','M014'),('P0171','M014'),('P0182','M014'),('P0241','M014'),('P0339','M014'),('P0358','M014'),('P0401','M014'),('P0447','M014'),('P0002','M015'),('P0086','M015'),('P0157','M015'),('P0220','M015'),('P0225','M015'),('P0237','M015'),('P0445','M015'),('P0474','M015'),('P0498','M015'),('P0103','M016'),('P0235','M016'),('P0283','M016'),('P0285','M016'),('P0396','M016'),('P0014','M017'),('P0065','M017'),('P0263','M017'),('P0362','M017'),('P0032','M018'),('P0041','M018'),('P0234','M018'),('P0239','M018'),('P0321','M018'),('P0055','M019'),('P0120','M019'),('P0133','M019'),('P0200','M019'),('P0206','M019'),('P0286','M019'),('P0355','M019'),('P0357','M019'),('P0370','M019'),('P0424','M019'),('P0210','M020'),('P0030','M021'),('P0057','M021'),('P0169','M021'),('P0233','M021'),('P0252','M021'),('P0295','M021'),('P0384','M021'),('P0435','M021'),('P0486','M021'),('P0102','M022'),('P0317','M022'),('P0334','M022'),('P0347','M023'),('P0485','M023'),('P0139','M024'),('P0187','M024'),('P0226','M024'),('P0299','M024'),('P0344','M024'),('P0068','M025'),('P0152','M026'),('P0177','M026'),('P0202','M026'),('P0268','M026'),('P0284','M026'),('P0363','M026'),('P0048','M027'),('P0062','M027'),('P0064','M027'),('P0143','M027'),('P0227','M027'),('P0323','M027'),('P0457','M027'),('P0462','M027'),('P0465','M027'),('P0094','M028'),('P0195','M028'),('P0198','M028'),('P0251','M028'),('P0353','M028'),('P0027','M029'),('P0150','M029'),('P0189','M029'),('P0230','M029'),('P0380','M029'),('P0416','M029'),('P0430','M029'),('P0047','M030'),('P0117','M030'),('P0319','M030'),('P0351','M030'),('P0367','M030'),('P0385','M030'),('P0411','M030'),('P0006','M031'),('P0148','M031'),('P0386','M031'),('P0390','M031'),('P0026','M032'),('P0218','M032'),('P0391','M032'),('P0499','M032'),('P0121','M033'),('P0201','M033'),('P0229','M033'),('P0337','M033'),('P0013','M034'),('P0053','M034'),('P0073','M034'),('P0080','M034'),('P0096','M034'),('P0136','M034'),('P0147','M034'),('P0254','M034'),('P0256','M034'),('P0297','M034'),('P0379','M034'),('P0410','M034'),('P0422','M034'),('P0458','M034'),('P0493','M034'),('P0029','M035'),('P0091','M035'),('P0231','M035'),('P0246','M035'),('P0257','M035'),('P0425','M035'),('P0476','M035'),('P0025','M036'),('P0063','M036'),('P0108','M036'),('P0341','M036'),('P0371','M036'),('P0089','M037'),('P0209','M037'),('P0276','M037'),('P0302','M037'),('P0071','M038'),('P0107','M038'),('P0131','M038'),('P0245','M038'),('P0327','M038'),('P0054','M039'),('P0124','M039'),('P0265','M039'),('P0310','M039'),('P0387','M039'),('P0433','M039'),('P0437','M039'),('P0444','M039'),('P0453','M039'),('P0500','M039'),('P0307','M040'),('P0361','M040'),('P0366','M040'),('P0374','M040'),('P0464','M040'),('P0127','M041'),('P0138','M041'),('P0217','M041'),('P0253','M041'),('P0306','M041'),('P0011','M042'),('P0167','M042'),('P0272','M042'),('P0393','M042'),('P0415','M042'),('P0428','M042'),('P0490','M042'),('P0494','M042'),('P0004','M043'),('P0333','M043'),('P0487','M043'),('P0005','M044'),('P0050','M044'),('P0067','M044'),('P0378','M044'),('P0427','M044'),('P0070','M045'),('P0454','M045'),('P0024','M046'),('P0110','M046'),('P0185','M046'),('P0330','M046'),('P0116','M047'),('P0119','M047'),('P0132','M047'),('P0247','M047'),('P0261','M047'),('P0266','M047'),('P0303','M047'),('P0326','M047'),('P0392','M047'),('P0010','M048'),('P0031','M048'),('P0049','M048'),('P0420','M048'),('P0045','M049'),('P0122','M049'),('P0468','M049'),('P0478','M049'),('P0174','M050'),('P0180','M050'),('P0193','M050'),('P0290','M050'),('P0356','M050'),('P0228','M051'),('P0233','M051'),('P0348','M051'),('P0421','M051'),('P0451','M051'),('P0473','M051'),('P0098','M052'),('P0135','M052'),('P0305','M052'),('P0482','M052'),('P0061','M053'),('P0084','M053'),('P0377','M053'),('P0389','M053'),('P0423','M053'),('P0432','M053'),('P0020','M054'),('P0059','M054'),('P0097','M054'),('P0130','M054'),('P0197','M054'),('P0292','M054'),('P0399','M054'),('P0043','M055'),('P0048','M055'),('P0236','M055'),('P0364','M055'),('P0429','M055'),('P0443','M055'),('P0456','M055'),('P0017','M056'),('P0101','M056'),('P0103','M056'),('P0105','M056'),('P0315','M056'),('P0481','M056'),('P0484','M056'),('P0008','M057'),('P0172','M057'),('P0244','M057'),('P0296','M057'),('P0037','M058'),('P0257','M058'),('P0426','M058'),('P0492','M058'),('P0034','M059'),('P0037','M059'),('P0114','M059'),('P0281','M059'),('P0287','M059'),('P0342','M059'),('P0144','M060'),('P0159','M060'),('P0188','M060'),('P0224','M060'),('P0288','M060'),('P0318','M060'),('P0436','M060'),('P0442','M060'),('P0459','M060'),('P0496','M060'),('P0075','M061'),('P0079','M061'),('P0081','M061'),('P0156','M061'),('P0181','M061'),('P0211','M061'),('P0222','M061'),('P0225','M061'),('P0270','M061'),('P0275','M061'),('P0314','M061'),('P0023','M062'),('P0027','M062'),('P0196','M062'),('P0264','M062'),('P0343','M062'),('P0350','M062'),('P0083','M063'),('P0087','M063'),('P0113','M063'),('P0123','M063'),('P0223','M063'),('P0269','M063'),('P0388','M063'),('P0404','M063'),('P0003','M064'),('P0010','M064'),('P0058','M064'),('P0141','M064'),('P0192','M064'),('P0291','M064'),('P0407','M064'),('P0470','M064'),('P0032','M065'),('P0036','M065'),('P0060','M065'),('P0079','M065'),('P0093','M065'),('P0273','M065'),('P0301','M065'),('P0395','M065'),('P0460','M065'),('P0126','M066'),('P0129','M066'),('P0155','M066'),('P0234','M066'),('P0312','M066'),('P0418','M066'),('P0442','M066'),('P0021','M067'),('P0112','M067'),('P0153','M067'),('P0175','M067'),('P0191','M067'),('P0279','M067'),('P0331','M067'),('P0207','M068'),('P0250','M068'),('P0300','M068'),('P0322','M068'),('P0452','M068'),('P0497','M068'),('P0038','M069'),('P0147','M069'),('P0154','M069'),('P0184','M069'),('P0206','M069'),('P0208','M069'),('P0359','M069'),('P0408','M069'),('P0085','M070'),('P0367','M070'),('P0128','M071'),('P0142','M071'),('P0147','M071'),('P0173','M071'),('P0274','M071'),('P0289','M071'),('P0352','M071'),('P0402','M071'),('P0446','M071'),('P0140','M072'),('P0161','M072'),('P0232','M072'),('P0243','M072'),('P0249','M072'),('P0262','M072'),('P0325','M072'),('P0022','M073'),('P0051','M073'),('P0056','M073'),('P0293','M073'),('P0329','M073'),('P0332','M073'),('P0382','M073'),('P0398','M073'),('P0403','M073'),('P0412','M073'),('P0164','M074'),('P0213','M075'),('P0489','M075'),('P0009','M076'),('P0019','M076'),('P0066','M076'),('P0125','M076'),('P0166','M076'),('P0212','M076'),('P0248','M076'),('P0271','M076'),('P0345','M076'),('P0376','M076'),('P0477','M076'),('P0480','M076'),('P0488','M076'),('P0259','M077'),('P0260','M077'),('P0441','M077'),('P0469','M077'),('P0168','M078'),('P0173','M078'),('P0238','M078'),('P0349','M078'),('P0090','M079'),('P0100','M079'),('P0158','M079'),('P0162','M079'),('P0179','M079'),('P0204','M079'),('P0216','M079'),('P0340','M079'),('P0466','M079'),('P0012','M080'),('P0020','M080'),('P0028','M080'),('P0035','M080'),('P0078','M080'),('P0491','M080'),('P0001','M081'),('P0046','M081'),('P0099','M081'),('P0151','M081'),('P0203','M081'),('P0294','M081'),('P0309','M081'),('P0354','M081'),('P0381','M081'),('P0414','M081'),('P0440','M081'),('P0463','M081'),('P0018','M082'),('P0080','M082'),('P0199','M082'),('P0260','M082'),('P0261','M082'),('P0336','M082'),('P0368','M082'),('P0438','M082'),('P0449','M082'),('P0475','M082'),('P0077','M083'),('P0176','M083'),('P0277','M083'),('P0283','M083'),('P0088','M084'),('P0149','M084'),('P0205','M084'),('P0240','M084'),('P0394','M084'),('P0397','M084'),('P0448','M084'),('P0483','M084'),('P0183','M085'),('P0304','M085'),('P0328','M085'),('P0369','M085'),('P0400','M085'),('P0007','M086'),('P0082','M086'),('P0104','M086'),('P0109','M086'),('P0111','M086'),('P0145','M086'),('P0221','M086'),('P0255','M086'),('P0338','M086'),('P0373','M086'),('P0434','M086'),('P0052','M087'),('P0194','M087'),('P0316','M087'),('P0338','M087'),('P0406','M087'),('P0413','M087'),('P0278','M088'),('P0375','M088'),('P0039','M089'),('P0044','M089'),('P0146','M089'),('P0178','M089'),('P0324','M089'),('P0383','M089'),('P0163','M090'),('P0360','M090');
/*!40000 ALTER TABLE `medication` ENABLE KEYS */;
UNLOCK TABLES;

--
-- Table structure for table `medicines_equipments`
--

DROP TABLE IF EXISTS `medicines_equipments`;
/*!40101 SET @saved_cs_client     = @@character_set_client */;
/*!50503 SET character_set_client = utf8mb4 */;
CREATE TABLE `medicines_equipments` (
  `Item_ID` varchar(50) NOT NULL,
  `Medicine_Name` varchar(50) NOT NULL,
  `Expiry_Date` date DEFAULT NULL,
  `Stock` int NOT NULL,
  PRIMARY KEY (`Item_ID`),
  KEY `idx_med_eq_stk` (`Stock`)
) ENGINE=InnoDB DEFAULT CHARSET=utf8mb4 COLLATE=utf8mb4_0900_ai_ci;
/*!40101 SET character_set_client = @saved_cs_client */;

--
-- Dumping data for table `medicines_equipments`
--

LOCK TABLES `medicines_equipments` WRITE;
/*!40000 ALTER TABLE `medicines_equipments` DISABLE KEYS */;
INSERT INTO `medicines_equipments` VALUES ('E001','X-ray machine','2024-04-16',22),('E002','MRI scanner',NULL,25),('E003','Ultrasound machine',NULL,20),('E004','CT scanner',NULL,24),('E005','Electrocardiogram (ECG/EKG) machine',NULL,24),('E006','Defibrillator',NULL,22),('E007','Infusion pump',NULL,24),('E008','Ventilator',NULL,20),('E009','Blood pressure monitor',NULL,23),('E010','Surgical microscope',NULL,25),('E011','Anesthesia machine',NULL,23),('E012','Dialysis machine',NULL,24),('E013','Patient monitoring system',NULL,21),('E014','Autoclave (Sterilization equipment)',NULL,25),('E015','Nebulizer',NULL,21),('E016','Spirometer',NULL,20),('E017','Wheelchair',NULL,23),('E018','Hospital bed',NULL,21),('E019','Operating table',NULL,23),('E020','Phlebotomy chair',NULL,22),('M001','Advil','2026-11-21',96),('M002','Tylenol','2026-04-12',91),('M003','Aspirin','2024-07-31',92),('M004','Benadryl','2024-10-11',96),('M005','Claritin','2027-05-08',94),('M006','Zyrtec','2025-08-09',91),('M007','Allegra','2026-02-04',97),('M008','Pepto-Bismol','2024-06-03',93),('M009','Tums','2025-07-17',97),('M010','Rolaids','2025-05-15',91),('M011','Nexium','2025-01-01',94),('M012','Prilosec','2024-12-19',96),('M013','Prevacid','2025-05-10',94),('M014','Maalox','2026-11-28',99),('M015','Mylanta','2027-04-28',94),('M016','Imodium','2024-04-22',92),('M017','Dramamine','2026-07-26',100),('M018','Robitussin','2026-07-15',98),('M019','Mucinex','2024-07-03',95),('M020','Sudafed','2026-05-27',95),('M021','NyQuil','2025-02-12',96),('M022','DayQuil','2025-05-04',94),('M023','Alka-Seltzer','2026-01-18',94),('M024','Excedrin','2025-05-18',94),('M025','Aleve','2024-08-14',94),('M026','Motrin','2024-06-24',94),('M027','Sudafed','2027-02-17',92),('M028','Afrin','2026-05-21',98),('M029','Visine','2026-03-19',98),('M030','Pataday','2027-03-27',93),('M031','Restasis','2026-03-07',90),('M032','Flonase','2024-07-22',96),('M033','Nasonex','2024-12-23',94),('M034','Clarinex','2026-10-21',96),('M035','Allegra-D','2024-07-08',97),('M036','Zantac','2027-02-04',98),('M037','Pepcid','2024-08-06',98),('M038','Tagamet','2025-07-20',93),('M039','Axid','2027-01-14',90),('M040','Gas-X','2027-02-09',98),('M041','Colace','2025-07-08',93),('M042','Dulcolax','2027-02-15',99),('M043','Miralax','2024-10-28',90),('M044','Senokot','2024-12-09',93),('M045','Phillips\' Milk of Magnesia','2025-09-28',94),('M046','Pepto-Bismol','2024-08-01',100),('M047','Gaviscon','2024-08-20',100),('M048','Metamucil','2026-08-06',99),('M049','Benefiber','2026-01-14',95),('M050','FiberCon','2026-06-23',100),('M051','Delsym','2026-03-25',93),('M052','Theraflu','2026-02-14',98),('M053','NyQuil','2027-04-06',95),('M054','DayQuil','2026-05-03',91),('M055','Coricidin','2026-06-20',96),('M056','Zicam','2026-09-04',98),('M057','Chloraseptic','2026-06-13',95),('M058','Vicks VapoRub','2027-02-27',90),('M059','Neosporin','2026-10-16',93),('M060','Bacitracin','2024-07-11',96),('M061','Lotrimin','2027-03-05',98),('M062','Lamisil','2024-07-27',95),('M063','Desitin','2024-08-26',90),('M064','Cortizone-10','2025-06-01',94),('M065','BenGay','2024-12-31',93),('M066','Icy Hot','2025-12-23',98),('M067','Salonpas','2024-06-05',90),('M068','Tiger Balm','2026-12-25',98),('M069','Gold Bond','2026-10-05',96),('M070','Orajel','2024-12-05',94),('M071','Anbesol','2025-11-12',96),('M072','Blistex','2025-03-10',96),('M073','Carmex','2026-06-06',92),('M074','Abreva','2025-10-26',97),('M075','Zovirax','2026-02-23',94),('M076','Monistat','2027-02-18',91),('M077','Canesten','2026-09-22',90),('M078','Vagisil','2027-04-10',90),('M079','Plan B','2025-03-21',95),('M080','Depo-Provera','2026-10-10',97),('M081','NuvaRing','2024-11-25',91),('M082','Ortho Tri-Cyclen','2024-10-01',95),('M083','Yaz','2024-06-15',92),('M084','Seasonique','2026-12-04',99),('M085','Implanon','2024-09-17',97),('M086','Mirena','2026-08-26',98),('M087','Skyla','2025-06-20',99),('M088','Nexplanon','2025-08-24',93),('M089','Paragard','2024-08-11',97),('M090','Ella','2026-09-01',91);
/*!40000 ALTER TABLE `medicines_equipments` ENABLE KEYS */;
UNLOCK TABLES;

--
-- Table structure for table `opd`
--

DROP TABLE IF EXISTS `opd`;
/*!40101 SET @saved_cs_client     = @@character_set_client */;
/*!50503 SET character_set_client = utf8mb4 */;
CREATE TABLE `opd` (
  `Serial_Number` int NOT NULL,
  `Date` date NOT NULL,
  `Time` time NOT NULL,
  `Patient_ID` int DEFAULT NULL,
  `Doctor_ID` int DEFAULT NULL,
  `Case_Type` varchar(50) NOT NULL,
  PRIMARY KEY (`Date`,`Time`,`Serial_Number`),
  KEY `Patient_ID` (`Patient_ID`),
  KEY `Doctor_ID` (`Doctor_ID`),
  KEY `Idx_OPD_type` (`Case_Type`),
  CONSTRAINT `opd_ibfk_1` FOREIGN KEY (`Patient_ID`) REFERENCES `patient` (`Patient_ID`),
  CONSTRAINT `opd_ibfk_2` FOREIGN KEY (`Doctor_ID`) REFERENCES `doctor` (`Doctor_ID`)
) ENGINE=InnoDB DEFAULT CHARSET=utf8mb4 COLLATE=utf8mb4_0900_ai_ci;
/*!40101 SET character_set_client = @saved_cs_client */;

--
-- Dumping data for table `opd`
--

LOCK TABLES `opd` WRITE;
/*!40000 ALTER TABLE `opd` DISABLE KEYS */;
INSERT INTO `opd` VALUES (2,'2023-11-01','14:14:27',23024,1403,'New'),(7,'2023-11-01','15:53:20',19055,1403,'New'),(5,'2023-11-01','16:24:30',19011,1503,'New'),(1,'2023-11-01','16:36:44',21060,156,'New'),(4,'2023-11-01','16:36:50',19027,1702,'New'),(3,'2023-11-01','18:24:12',19034,1601,'New'),(6,'2023-11-01','19:08:39',22013,1502,'New'),(6,'2023-11-02','14:22:37',19013,1601,'New'),(2,'2023-11-02','14:23:01',19006,1702,'New'),(3,'2023-11-02','15:47:47',21026,1602,'New'),(4,'2023-11-02','16:45:38',21030,1402,'New'),(1,'2023-11-02','17:47:02',23012,1601,'New'),(5,'2023-11-02','18:45:42',22022,1702,'New'),(4,'2023-11-03','14:01:35',22016,1401,'New'),(3,'2023-11-03','16:09:23',22018,1402,'New'),(1,'2023-11-03','16:28:22',22051,1701,'New'),(7,'2023-11-03','17:07:25',19039,1601,'New'),(8,'2023-11-03','17:08:45',21038,1702,'New'),(2,'2023-11-03','18:33:57',19023,1602,'New'),(9,'2023-11-03','19:03:32',23007,1601,'New'),(6,'2023-11-03','19:10:13',20025,1402,'New'),(5,'2023-11-03','19:58:34',23010,1702,'New'),(9,'2023-11-04','14:08:56',20032,1602,'New'),(2,'2023-11-04','14:42:27',23020,1503,'New'),(11,'2023-11-04','15:00:45',22018,1403,'New'),(4,'2023-11-04','15:05:59',21038,1701,'Old'),(3,'2023-11-04','15:09:45',22057,1402,'New'),(8,'2023-11-04','15:30:21',21038,1702,'New'),(14,'2023-11-04','16:14:23',19012,1702,'New'),(6,'2023-11-04','16:16:49',19040,1701,'New'),(7,'2023-11-04','16:27:42',20012,1401,'New'),(1,'2023-11-04','17:30:45',19060,1701,'New'),(15,'2023-11-04','18:12:39',23035,1502,'New'),(5,'2023-11-04','18:24:21',23044,1403,'New'),(12,'2023-11-04','19:37:28',23015,1601,'New'),(13,'2023-11-04','19:49:22',23034,1702,'New'),(10,'2023-11-04','19:58:36',23054,1601,'New'),(9,'2023-11-05','14:15:46',23009,1702,'New'),(3,'2023-11-05','14:17:56',22043,1403,'New'),(1,'2023-11-05','15:16:15',20046,1503,'New'),(10,'2023-11-05','15:48:17',19030,1402,'New'),(11,'2023-11-05','15:57:04',20001,1501,'New'),(6,'2023-11-05','16:38:23',20021,1601,'New'),(8,'2023-11-05','17:03:23',19034,1401,'Old'),(7,'2023-11-05','17:09:34',22052,1401,'New'),(12,'2023-11-05','17:19:09',21028,1401,'New'),(4,'2023-11-05','17:22:15',19053,1701,'New'),(2,'2023-11-05','17:39:58',20028,1702,'New'),(5,'2023-11-05','17:57:26',23037,1701,'New'),(13,'2023-11-05','18:03:03',23019,1602,'New'),(14,'2023-11-05','18:19:24',20003,1401,'New'),(7,'2023-11-06','14:26:52',19048,1602,'New'),(5,'2023-11-06','15:39:07',21015,1702,'New'),(2,'2023-11-06','15:52:13',20032,1502,'Old'),(1,'2023-11-06','17:47:49',19012,1403,'Old'),(3,'2023-11-06','18:58:49',23056,1502,'New'),(4,'2023-11-06','19:03:20',22059,1701,'New'),(6,'2023-11-06','19:32:37',23046,1402,'New'),(1,'2023-11-07','14:42:24',20058,1503,'New'),(5,'2023-11-07','18:08:50',20035,1501,'New'),(6,'2023-11-07','18:25:38',23018,1602,'New'),(4,'2023-11-07','19:03:18',19051,1403,'New'),(2,'2023-11-07','19:46:02',22027,1502,'New'),(3,'2023-11-07','19:50:11',20039,1503,'New'),(11,'2023-11-08','14:54:44',19027,1502,'Old'),(12,'2023-11-08','15:17:08',23053,1403,'New'),(8,'2023-11-08','16:05:23',21014,1401,'New'),(5,'2023-11-08','16:13:42',19022,1602,'New'),(7,'2023-11-08','16:28:55',20036,1702,'New'),(6,'2023-11-08','16:29:19',22049,1701,'New'),(2,'2023-11-08','16:57:49',22016,1503,'Old'),(9,'2023-11-08','17:38:33',22012,1601,'New'),(4,'2023-11-08','17:43:49',20002,1602,'New'),(1,'2023-11-08','18:27:10',23041,1501,'New'),(3,'2023-11-08','18:57:23',22020,1601,'New'),(10,'2023-11-08','19:07:01',21011,1501,'New'),(14,'2023-11-09','14:18:53',21058,1403,'New'),(18,'2023-11-09','14:19:25',19044,1601,'New'),(13,'2023-11-09','14:26:21',22044,1502,'New'),(12,'2023-11-09','14:49:33',22017,1401,'New'),(9,'2023-11-09','15:21:41',20032,1601,'New'),(10,'2023-11-09','15:27:28',23030,1402,'New'),(4,'2023-11-09','15:35:02',23038,1503,'New'),(6,'2023-11-09','16:08:39',21035,1702,'New'),(11,'2023-11-09','16:47:09',23051,1701,'New'),(20,'2023-11-09','16:48:37',23058,1501,'New'),(16,'2023-11-09','17:17:55',22027,1701,'Old'),(2,'2023-11-09','17:27:27',19015,1401,'New'),(3,'2023-11-09','17:30:32',20009,1702,'New'),(15,'2023-11-09','18:31:23',19032,1501,'New'),(8,'2023-11-09','18:32:59',22041,1701,'New'),(17,'2023-11-09','18:47:48',20039,1501,'Old'),(7,'2023-11-09','19:01:02',20043,1701,'New'),(1,'2023-11-09','19:21:05',22009,1503,'New'),(5,'2023-11-09','19:37:05',20031,1402,'New'),(19,'2023-11-09','19:58:24',22043,1503,'Old'),(9,'2023-11-10','14:14:10',23055,1502,'New'),(11,'2023-11-10','14:16:03',23002,1501,'New'),(4,'2023-11-10','14:26:18',21030,1502,'New'),(8,'2023-11-10','15:00:47',21029,1402,'New'),(5,'2023-11-10','15:04:38',21060,1602,'New'),(15,'2023-11-10','15:05:54',22048,1602,'New'),(20,'2023-11-10','15:12:31',20013,1701,'New'),(7,'2023-11-10','15:14:12',22051,1503,'Old'),(16,'2023-11-10','16:00:31',21052,1501,'New'),(14,'2023-11-10','16:16:15',22059,1503,'Old'),(18,'2023-11-10','16:53:23',22049,1701,'New'),(12,'2023-11-10','17:08:40',21034,1601,'New'),(3,'2023-11-10','17:36:57',19041,1402,'New'),(17,'2023-11-10','17:39:26',21041,1402,'New'),(10,'2023-11-10','18:37:16',22013,1403,'Old'),(6,'2023-11-10','18:49:28',22030,1701,'New'),(13,'2023-11-10','18:52:45',20008,1701,'New'),(1,'2023-11-10','19:02:00',22055,1502,'New'),(2,'2023-11-10','19:02:40',23003,1701,'New'),(19,'2023-11-10','19:54:45',23010,1403,'New'),(4,'2023-11-11','14:14:48',19025,1501,'New'),(2,'2023-11-11','14:23:42',22035,1701,'New'),(6,'2023-11-11','14:29:45',20014,1601,'New'),(7,'2023-11-11','16:00:02',21034,1702,'New'),(1,'2023-11-11','16:29:44',19038,1403,'New'),(3,'2023-11-11','18:28:02',22033,1401,'New'),(5,'2023-11-11','19:03:05',21033,1701,'New'),(3,'2023-11-12','14:14:13',20057,1502,'New'),(7,'2023-11-12','15:16:15',23052,1402,'New'),(6,'2023-11-12','15:38:01',20005,1502,'New'),(4,'2023-11-12','16:18:45',21059,1501,'New'),(10,'2023-11-12','16:33:20',21035,1403,'Old'),(2,'2023-11-12','16:58:44',20020,1502,'New'),(9,'2023-11-12','17:34:41',19016,1402,'New'),(8,'2023-11-12','17:35:36',21054,1502,'New'),(5,'2023-11-12','19:24:35',21056,1402,'New'),(1,'2023-11-12','19:49:11',21026,1602,'New'),(2,'2023-11-13','14:42:48',22019,1501,'New'),(6,'2023-11-13','14:52:32',23035,1403,'New'),(1,'2023-11-13','15:08:06',23057,1601,'New'),(17,'2023-11-13','15:17:12',19031,1501,'New'),(12,'2023-11-13','15:43:36',22038,1402,'New'),(3,'2023-11-13','16:34:01',22049,1502,'New'),(11,'2023-11-13','16:35:02',20049,1503,'New'),(9,'2023-11-13','16:50:19',23016,1503,'New'),(14,'2023-11-13','17:01:10',23040,1402,'New'),(16,'2023-11-13','17:23:40',23012,1702,'New'),(7,'2023-11-13','17:37:08',23011,1401,'New'),(13,'2023-11-13','17:46:36',22050,1503,'New'),(8,'2023-11-13','18:22:58',21030,1601,'New'),(5,'2023-11-13','18:24:50',19014,1602,'New'),(10,'2023-11-13','18:48:50',22006,1602,'New'),(4,'2023-11-13','19:10:58',19049,1601,'New'),(15,'2023-11-13','19:16:23',22047,1403,'New'),(9,'2023-11-14','14:52:31',21010,1702,'New'),(7,'2023-11-14','14:54:30',21007,1502,'Old'),(4,'2023-11-14','14:54:53',23048,1503,'New'),(8,'2023-11-14','16:12:07',20018,1701,'New'),(5,'2023-11-14','17:33:20',21007,1403,'New'),(1,'2023-11-14','17:45:12',22041,1503,'New'),(2,'2023-11-14','18:33:50',22015,1601,'New'),(6,'2023-11-14','19:30:39',20002,1403,'New'),(3,'2023-11-14','19:32:33',21032,1502,'New'),(14,'2023-11-15','14:03:28',20043,1401,'Old'),(2,'2023-11-15','15:22:37',22014,1601,'New'),(10,'2023-11-15','15:33:12',22006,1602,'New'),(5,'2023-11-15','15:48:46',22047,1402,'New'),(6,'2023-11-15','15:54:30',20003,1502,'New'),(1,'2023-11-15','16:00:35',21034,1701,'Old'),(8,'2023-11-15','16:15:44',19025,1501,'New'),(3,'2023-11-15','17:17:52',20046,1602,'New'),(4,'2023-11-15','17:19:19',22049,1402,'New'),(9,'2023-11-15','17:22:30',22011,1403,'New'),(15,'2023-11-15','17:24:45',20015,1501,'New'),(13,'2023-11-15','18:53:23',19040,1502,'New'),(12,'2023-11-15','18:53:33',23049,1403,'New'),(7,'2023-11-15','19:01:28',19033,1701,'New'),(11,'2023-11-15','19:16:22',19060,1403,'New'),(4,'2023-11-16','14:18:19',21057,1403,'New'),(12,'2023-11-16','15:04:25',23021,1601,'New'),(5,'2023-11-16','15:18:22',20021,1702,'New'),(13,'2023-11-16','15:55:32',22040,1701,'New'),(10,'2023-11-16','16:16:25',22020,1701,'Old'),(6,'2023-11-16','17:07:29',23059,1402,'New'),(9,'2023-11-16','18:02:08',23040,1602,'New'),(3,'2023-11-16','18:18:15',22002,1403,'New'),(2,'2023-11-16','18:29:39',22016,1602,'Old'),(1,'2023-11-16','18:30:53',20051,1402,'New'),(7,'2023-11-16','18:55:35',20034,1401,'New'),(8,'2023-11-16','18:56:28',20026,1702,'New'),(11,'2023-11-16','19:15:08',20010,1403,'New'),(6,'2023-11-17','14:04:56',20022,1402,'New'),(7,'2023-11-17','14:29:53',21058,1501,'New'),(2,'2023-11-17','15:35:48',19025,1402,'Old'),(1,'2023-11-17','15:43:24',19057,1402,'New'),(5,'2023-11-17','16:12:47',20006,1503,'New'),(3,'2023-11-17','19:00:42',19050,1501,'New'),(4,'2023-11-17','19:15:28',19024,1602,'New'),(2,'2023-11-18','14:04:29',19043,1602,'New'),(9,'2023-11-18','14:29:35',22013,1402,'Old'),(12,'2023-11-18','14:31:31',19004,1701,'New'),(6,'2023-11-18','14:52:17',22030,1602,'New'),(3,'2023-11-18','14:56:12',19043,1402,'New'),(1,'2023-11-18','16:02:56',23004,1401,'New'),(4,'2023-11-18','16:07:27',19027,1501,'New'),(13,'2023-11-18','17:55:20',19007,1403,'New'),(7,'2023-11-18','18:15:13',21040,1503,'New'),(8,'2023-11-18','19:09:37',23042,1401,'New'),(10,'2023-11-18','19:10:56',20036,1701,'Old'),(11,'2023-11-18','19:31:53',22035,1503,'New'),(5,'2023-11-18','19:41:22',21018,1501,'New'),(12,'2023-11-19','14:37:42',22006,1403,'New'),(10,'2023-11-19','15:12:08',21033,1503,'Old'),(1,'2023-11-19','15:15:55',21031,1402,'New'),(4,'2023-11-19','15:16:30',22058,1402,'New'),(13,'2023-11-19','15:18:20',20050,1602,'New'),(15,'2023-11-19','15:41:37',22034,1601,'New'),(6,'2023-11-19','15:42:42',19031,1501,'New'),(5,'2023-11-19','15:59:16',23060,1702,'New'),(11,'2023-11-19','16:11:47',21036,1502,'New'),(3,'2023-11-19','16:39:18',22027,1602,'Old'),(8,'2023-11-19','16:43:56',21051,1401,'New'),(9,'2023-11-19','17:25:15',20033,1702,'New'),(14,'2023-11-19','17:26:18',19009,1401,'New'),(7,'2023-11-19','18:57:30',22012,1502,'New'),(16,'2023-11-19','19:10:06',23056,1602,'Old'),(2,'2023-11-19','19:56:28',19036,1602,'New'),(10,'2023-11-20','14:24:15',22048,1401,'New'),(4,'2023-11-20','14:46:15',21045,1401,'New'),(5,'2023-11-20','14:48:29',23035,1403,'New'),(2,'2023-11-20','15:33:29',21028,1602,'Old'),(3,'2023-11-20','16:47:24',22010,1601,'New'),(9,'2023-11-20','16:48:32',22042,1503,'New'),(1,'2023-11-20','17:29:48',20038,1503,'New'),(7,'2023-11-20','18:07:02',19022,1602,'New'),(11,'2023-11-20','18:57:17',23060,1503,'Old'),(6,'2023-11-20','19:03:38',21010,1402,'Old'),(8,'2023-11-20','19:14:17',23053,1401,'New'),(2,'2023-11-21','14:17:03',22060,1501,'New'),(14,'2023-11-21','14:37:55',21014,1402,'New'),(17,'2023-11-21','14:47:11',22007,1602,'Old'),(6,'2023-11-21','15:10:43',22007,1503,'New'),(7,'2023-11-21','15:33:46',20023,1702,'New'),(11,'2023-11-21','15:51:59',22030,1602,'New'),(10,'2023-11-21','16:04:50',21041,1602,'Old'),(3,'2023-11-21','16:29:39',21040,1501,'New'),(16,'2023-11-21','16:38:09',22017,1602,'New'),(4,'2023-11-21','16:46:33',21008,1403,'New'),(1,'2023-11-21','17:03:13',20051,1701,'New'),(8,'2023-11-21','17:47:09',22042,1501,'Old'),(12,'2023-11-21','17:49:07',19035,1403,'New'),(5,'2023-11-21','18:36:23',20038,1402,'Old'),(13,'2023-11-21','19:10:29',20052,1503,'New'),(15,'2023-11-21','19:10:48',21044,1501,'New'),(9,'2023-11-21','19:29:47',19042,1702,'New'),(11,'2023-11-22','14:12:43',20016,1501,'New'),(1,'2023-11-22','14:17:01',22008,1701,'New'),(8,'2023-11-22','14:31:21',20006,1602,'Old'),(2,'2023-11-22','15:10:37',20019,1501,'New'),(10,'2023-11-22','15:49:15',23010,1401,'New'),(14,'2023-11-22','15:50:20',21045,1401,'Old'),(5,'2023-11-22','16:05:00',23058,1503,'New'),(6,'2023-11-22','16:57:20',23007,1502,'Old'),(9,'2023-11-22','17:13:00',22011,1402,'Old'),(4,'2023-11-22','17:13:30',22030,1401,'New'),(12,'2023-11-22','18:24:07',20035,1403,'New'),(3,'2023-11-22','18:37:23',19038,1402,'Old'),(7,'2023-11-22','19:05:00',20034,1403,'Old'),(13,'2023-11-22','19:18:46',23021,1403,'Old'),(9,'2023-11-23','14:18:13',20057,1601,'Old'),(11,'2023-11-23','15:07:18',23019,1503,'New'),(10,'2023-11-23','15:25:19',20043,1402,'New'),(7,'2023-11-23','15:41:52',19030,1403,'Old'),(8,'2023-11-23','15:44:48',20017,1601,'New'),(6,'2023-11-23','16:35:30',22010,1701,'New'),(4,'2023-11-23','16:52:55',20010,1702,'New'),(1,'2023-11-23','16:54:11',23045,1502,'New'),(5,'2023-11-23','16:54:56',21002,1403,'New'),(2,'2023-11-23','17:52:36',21011,1502,'Old'),(12,'2023-11-23','18:27:58',23009,1502,'Old'),(3,'2023-11-23','19:21:49',22036,1401,'New'),(6,'2023-11-24','15:13:53',23019,1503,'Old'),(3,'2023-11-24','17:46:49',20010,1701,'New'),(4,'2023-11-24','17:50:34',22003,1503,'New'),(8,'2023-11-24','18:02:52',22051,1601,'Old'),(2,'2023-11-24','18:19:00',21060,1601,'Old'),(1,'2023-11-24','18:20:33',23009,1601,'New'),(7,'2023-11-24','18:32:24',22015,1501,'New'),(5,'2023-11-24','19:54:56',23009,1402,'Old'),(8,'2023-11-25','14:03:43',19017,1503,'New'),(11,'2023-11-25','14:29:24',22034,1602,'Old'),(1,'2023-11-25','14:31:27',23045,1502,'New'),(7,'2023-11-25','15:10:16',21055,1701,'New'),(9,'2023-11-25','15:26:49',23049,1701,'Old'),(3,'2023-11-25','15:51:56',22025,1503,'New'),(6,'2023-11-25','15:54:47',20049,1503,'New'),(12,'2023-11-25','16:09:23',20033,1402,'Old'),(10,'2023-11-25','17:16:10',23009,1502,'Old'),(13,'2023-11-25','17:50:03',20058,1701,'New'),(16,'2023-11-25','17:54:25',22054,1501,'New'),(2,'2023-11-25','18:16:29',23032,1402,'New'),(17,'2023-11-25','18:31:11',19009,1602,'Old'),(5,'2023-11-25','18:39:38',23017,1402,'New'),(15,'2023-11-25','18:47:36',19034,1601,'Old'),(14,'2023-11-25','18:57:26',20005,1602,'Old'),(4,'2023-11-25','19:07:46',21020,1602,'New'),(18,'2023-11-25','19:38:44',20015,1503,'Old'),(7,'2023-11-26','14:51:43',19014,1701,'New'),(3,'2023-11-26','15:33:40',20060,1601,'New'),(1,'2023-11-26','15:42:34',22029,1602,'New'),(15,'2023-11-26','15:52:17',23005,1501,'New'),(12,'2023-11-26','16:03:33',21018,1701,'Old'),(14,'2023-11-26','16:03:45',22057,1503,'Old'),(16,'2023-11-26','16:18:02',20030,1503,'New'),(10,'2023-11-26','17:02:55',23005,1403,'New'),(4,'2023-11-26','17:34:28',20033,1701,'New'),(5,'2023-11-26','17:51:48',19051,1702,'New'),(13,'2023-11-26','18:29:35',21043,1701,'New'),(11,'2023-11-26','18:42:38',21017,1401,'New'),(6,'2023-11-26','18:45:09',23057,1502,'Old'),(9,'2023-11-26','18:46:02',22019,1402,'Old'),(8,'2023-11-26','19:45:27',23025,1401,'New'),(2,'2023-11-26','19:46:01',22025,1601,'Old'),(12,'2023-11-27','14:04:55',21048,1403,'New'),(2,'2023-11-27','14:10:00',20021,1502,'Old'),(4,'2023-11-27','14:21:50',19053,1401,'New'),(1,'2023-11-27','15:34:21',19059,1503,'New'),(10,'2023-11-27','16:10:58',23041,1402,'Old'),(3,'2023-11-27','16:18:07',20055,1503,'New'),(7,'2023-11-27','16:45:57',19031,1701,'New'),(6,'2023-11-27','16:55:20',22006,1401,'New'),(11,'2023-11-27','17:15:52',21034,1503,'New'),(9,'2023-11-27','17:16:55',21052,1602,'New'),(13,'2023-11-27','18:05:32',22035,1601,'New'),(14,'2023-11-27','18:18:58',23022,1503,'New'),(16,'2023-11-27','19:10:19',19045,1503,'New'),(15,'2023-11-27','19:51:32',19035,1502,'Old'),(5,'2023-11-27','19:52:57',23031,1601,'New'),(8,'2023-11-27','19:56:38',22025,1701,'New'),(8,'2023-11-28','14:31:09',21039,1402,'New'),(7,'2023-11-28','15:54:04',20050,1503,'Old'),(6,'2023-11-28','16:02:44',20035,1502,'Old'),(2,'2023-11-28','16:43:19',19048,1403,'New'),(5,'2023-11-28','17:02:21',19013,1501,'Old'),(4,'2023-11-28','17:07:55',20021,1601,'Old'),(1,'2023-11-28','19:10:33',21006,1501,'New'),(9,'2023-11-28','19:12:36',19010,1602,'New'),(3,'2023-11-28','19:21:55',23019,1503,'Old'),(4,'2023-11-29','15:03:00',23032,1401,'Old'),(8,'2023-11-29','15:13:03',22028,1401,'New'),(3,'2023-11-29','15:42:22',20034,1602,'New'),(6,'2023-11-29','16:01:13',21001,1403,'New'),(1,'2023-11-29','16:13:02',23011,1702,'New'),(2,'2023-11-29','16:41:22',19056,1403,'New'),(7,'2023-11-29','17:25:15',19042,1401,'New'),(9,'2023-11-29','17:46:37',21042,1501,'New'),(5,'2023-11-29','18:00:10',22012,1701,'Old'),(3,'2023-11-30','14:02:28',22021,1501,'New'),(5,'2023-11-30','15:04:27',20057,1401,'Old'),(18,'2023-11-30','15:32:03',23010,1702,'New'),(11,'2023-11-30','15:55:46',20059,1401,'New'),(8,'2023-11-30','16:05:38',21054,1402,'New'),(7,'2023-11-30','16:09:19',20055,1402,'Old'),(20,'2023-11-30','16:42:15',20029,1403,'New'),(19,'2023-11-30','16:50:17',20036,1401,'New'),(12,'2023-11-30','16:57:13',23022,1503,'New'),(4,'2023-11-30','17:00:26',20013,1601,'Old'),(10,'2023-11-30','17:03:41',21053,1701,'New'),(16,'2023-11-30','17:26:09',20044,1401,'New'),(1,'2023-11-30','18:40:45',22041,1601,'New'),(2,'2023-11-30','18:47:44',21049,1601,'New'),(14,'2023-11-30','18:57:23',21024,1403,'New'),(15,'2023-11-30','19:08:52',23046,1402,'Old'),(17,'2023-11-30','19:13:49',21035,1503,'Old'),(9,'2023-11-30','19:25:21',22001,1501,'New'),(6,'2023-11-30','19:32:02',20039,1502,'Old'),(13,'2023-11-30','19:50:39',23019,1601,'New'),(3,'2023-12-01','16:52:01',23048,1402,'Old'),(1,'2023-12-01','17:17:01',22058,1602,'New'),(5,'2023-12-01','17:25:59',20051,1401,'New'),(2,'2023-12-01','18:46:37',23049,1402,'Old'),(6,'2023-12-01','19:21:31',19043,1503,'Old'),(4,'2023-12-01','19:31:50',21051,1501,'New'),(8,'2023-12-02','14:24:19',20059,1602,'New'),(3,'2023-12-02','14:46:24',23028,1501,'New'),(5,'2023-12-02','14:58:18',21049,1402,'New'),(7,'2023-12-02','15:34:39',19030,1501,'Old'),(4,'2023-12-02','16:07:47',23004,1502,'New'),(1,'2023-12-02','16:18:56',22006,1501,'Old'),(6,'2023-12-02','18:05:57',23042,1501,'New'),(9,'2023-12-02','18:56:54',19036,1403,'New'),(2,'2023-12-02','19:35:43',20023,1501,'Old'),(12,'2023-12-03','14:30:39',21028,1401,'Old'),(3,'2023-12-03','15:01:31',20028,1503,'Old'),(11,'2023-12-03','15:08:07',23050,1502,'New'),(1,'2023-12-03','15:14:49',19026,1402,'New'),(4,'2023-12-03','15:20:34',20012,1502,'Old'),(5,'2023-12-03','15:45:43',19053,1601,'Old'),(10,'2023-12-03','16:51:51',22008,1602,'New'),(6,'2023-12-03','17:13:10',19014,1403,'Old'),(7,'2023-12-03','17:17:08',22047,1701,'Old'),(2,'2023-12-03','17:29:09',23039,1602,'New'),(9,'2023-12-03','17:39:51',23009,1701,'Old'),(8,'2023-12-03','19:30:27',19033,1702,'New'),(9,'2023-12-04','14:30:50',20016,1501,'New'),(11,'2023-12-04','14:38:53',20060,1602,'New'),(5,'2023-12-04','15:27:13',20015,1701,'Old'),(10,'2023-12-04','15:37:24',22059,1401,'Old'),(12,'2023-12-04','15:53:35',20010,1502,'New'),(13,'2023-12-04','15:55:47',22003,1403,'New'),(8,'2023-12-04','16:27:57',19001,1503,'New'),(4,'2023-12-04','16:48:45',19052,1403,'New'),(3,'2023-12-04','17:49:39',19024,1601,'Old'),(6,'2023-12-04','18:23:09',21050,1702,'New'),(1,'2023-12-04','19:05:19',22045,1401,'New'),(2,'2023-12-04','19:22:39',21051,1503,'Old'),(7,'2023-12-04','19:41:50',22007,1403,'Old'),(4,'2023-12-05','14:44:18',22003,1501,'New'),(1,'2023-12-05','15:05:52',21003,1601,'New'),(6,'2023-12-05','15:51:11',20038,1601,'New'),(5,'2023-12-05','16:01:27',19016,1401,'New'),(7,'2023-12-05','16:52:16',20044,1602,'Old'),(8,'2023-12-05','17:07:02',21020,1403,'New'),(9,'2023-12-05','18:01:23',23009,1403,'New'),(2,'2023-12-05','19:16:59',23012,1601,'Old'),(3,'2023-12-05','19:56:06',21050,1403,'New'),(14,'2023-12-06','14:02:52',19046,1502,'New'),(16,'2023-12-06','14:23:53',19024,1601,'Old'),(4,'2023-12-06','14:26:03',19019,1601,'New'),(5,'2023-12-06','15:03:32',21060,1601,'New'),(6,'2023-12-06','15:26:45',22016,1402,'Old'),(19,'2023-12-06','15:56:57',22026,1402,'New'),(11,'2023-12-06','16:16:16',20026,1503,'Old'),(12,'2023-12-06','16:33:56',22018,1701,'Old'),(9,'2023-12-06','16:43:18',20019,1402,'Old'),(7,'2023-12-06','16:48:13',21030,1402,'Old'),(1,'2023-12-06','16:53:38',21027,1402,'New'),(18,'2023-12-06','16:57:12',22026,1403,'New'),(8,'2023-12-06','17:03:44',21030,1701,'New'),(17,'2023-12-06','17:05:53',19044,1503,'New'),(2,'2023-12-06','18:15:59',19054,1401,'New'),(10,'2023-12-06','18:33:08',21035,1701,'Old'),(3,'2023-12-06','18:37:53',19019,1502,'New'),(13,'2023-12-06','19:31:23',20002,1602,'Old'),(15,'2023-12-06','19:33:39',21053,1401,'New'),(5,'2023-12-07','14:10:17',22051,1602,'Old'),(8,'2023-12-07','15:51:23',21021,1702,'New'),(1,'2023-12-07','16:16:55',22013,1402,'Old'),(6,'2023-12-07','16:45:21',23027,1502,'New'),(9,'2023-12-07','16:56:07',23006,1601,'New'),(4,'2023-12-07','17:32:21',21058,1401,'Old'),(7,'2023-12-07','17:50:06',21014,1503,'New'),(3,'2023-12-07','18:00:46',20041,1503,'New'),(2,'2023-12-07','18:06:57',19031,1402,'Old'),(4,'2023-12-08','14:05:50',23018,1401,'Old'),(6,'2023-12-08','14:53:14',21032,1501,'Old'),(10,'2023-12-08','15:09:46',20026,1601,'Old'),(11,'2023-12-08','15:10:39',20016,1402,'Old'),(17,'2023-12-08','15:17:33',22045,1402,'Old'),(2,'2023-12-08','15:18:42',21022,1701,'New'),(18,'2023-12-08','15:37:44',21059,1401,'Old'),(15,'2023-12-08','16:05:59',20022,1702,'New'),(5,'2023-12-08','17:06:51',20024,1502,'New'),(8,'2023-12-08','17:12:30',20057,1502,'Old'),(7,'2023-12-08','17:17:46',20023,1501,'Old'),(9,'2023-12-08','18:38:07',20045,1403,'New'),(12,'2023-12-08','18:41:42',19018,1403,'New'),(16,'2023-12-08','18:42:53',19001,1701,'Old'),(13,'2023-12-08','19:36:25',21058,1701,'New'),(3,'2023-12-08','19:45:47',23046,1503,'New'),(14,'2023-12-08','19:58:01',23015,1601,'New'),(1,'2023-12-08','19:58:48',22055,1403,'Old'),(6,'2023-12-09','14:04:21',23050,1403,'New'),(8,'2023-12-09','14:26:46',20015,1401,'Old'),(9,'2023-12-09','14:32:06',23036,1503,'New'),(5,'2023-12-09','14:38:00',21055,1501,'New'),(1,'2023-12-09','15:13:33',21034,1602,'Old'),(3,'2023-12-09','17:22:27',22027,1402,'Old'),(4,'2023-12-09','17:54:14',21032,1702,'New'),(7,'2023-12-09','18:10:05',22013,1502,'Old'),(2,'2023-12-09','18:19:37',20037,1503,'New'),(3,'2023-12-10','14:14:09',20014,1503,'New'),(4,'2023-12-10','14:38:13',22053,1403,'New'),(1,'2023-12-10','15:51:04',22003,1502,'Old'),(2,'2023-12-10','15:54:51',21027,1402,'Old'),(7,'2023-12-10','16:20:49',23016,1401,'Old'),(5,'2023-12-10','17:12:41',23019,1503,'Old'),(15,'2023-12-10','18:00:01',20006,1701,'Old'),(9,'2023-12-10','18:11:58',22036,1502,'New'),(11,'2023-12-10','18:12:18',20004,1501,'New'),(10,'2023-12-10','18:30:56',20013,1501,'New'),(8,'2023-12-10','18:49:58',19035,1403,'Old'),(6,'2023-12-10','18:53:02',22017,1401,'Old'),(14,'2023-12-10','18:57:21',22036,1402,'Old'),(12,'2023-12-10','19:42:42',19059,1503,'Old'),(13,'2023-12-10','19:44:21',19036,1501,'Old'),(8,'2023-12-11','16:11:52',23001,1502,'New'),(7,'2023-12-11','16:24:45',19009,1602,'New'),(5,'2023-12-11','16:42:19',22014,1401,'New'),(1,'2023-12-11','17:53:27',20058,1401,'Old'),(4,'2023-12-11','18:23:46',20024,1503,'Old'),(2,'2023-12-11','18:26:03',21009,1601,'New'),(3,'2023-12-11','19:18:30',21031,1601,'New'),(6,'2023-12-11','19:20:17',22055,1403,'Old'),(1,'2024-04-11','11:11:11',19001,156,'Old');
/*!40000 ALTER TABLE `opd` ENABLE KEYS */;
UNLOCK TABLES;

--
-- Table structure for table `ordered_by`
--

DROP TABLE IF EXISTS `ordered_by`;
/*!40101 SET @saved_cs_client     = @@character_set_client */;
/*!50503 SET character_set_client = utf8mb4 */;
CREATE TABLE `ordered_by` (
  `Bill_Number` varchar(20) NOT NULL,
  `Staff_ID` int DEFAULT NULL,
  `Ordered_date` date DEFAULT NULL,
  PRIMARY KEY (`Bill_Number`),
  KEY `Staff_ID` (`Staff_ID`),
  CONSTRAINT `ordered_by_ibfk_1` FOREIGN KEY (`Bill_Number`) REFERENCES `purchase_order` (`Bill_Number`),
  CONSTRAINT `ordered_by_ibfk_2` FOREIGN KEY (`Staff_ID`) REFERENCES `staff` (`Staff_ID`)
) ENGINE=InnoDB DEFAULT CHARSET=utf8mb4 COLLATE=utf8mb4_0900_ai_ci;
/*!40101 SET character_set_client = @saved_cs_client */;

--
-- Dumping data for table `ordered_by`
--

LOCK TABLES `ordered_by` WRITE;
/*!40000 ALTER TABLE `ordered_by` DISABLE KEYS */;
INSERT INTO `ordered_by` VALUES ('B0001',2009,'2022-01-01'),('B0002',2002,'2022-01-02'),('B0003',2005,'2022-01-03'),('B0004',2012,'2022-01-04'),('B0005',2013,'2022-01-05'),('B0006',2004,'2022-01-06'),('B0007',2016,'2022-01-07'),('B0008',2019,'2022-01-08'),('B0009',2004,'2022-01-09'),('B0010',2010,'2022-01-10'),('B0011',2018,'2022-01-11'),('B0012',2006,'2022-01-12'),('B0013',2011,'2022-01-13'),('B0014',2011,'2022-01-14'),('B0015',2011,'2022-01-15'),('B0016',2008,'2022-01-16'),('B0017',2009,'2022-01-17'),('B0018',2013,'2022-01-18'),('B0019',2004,'2022-01-19'),('B0020',2016,'2022-01-20'),('B0021',2013,'2022-01-21'),('B0022',2010,'2022-01-22'),('B0023',2002,'2022-01-23'),('B0024',2012,'2022-01-24'),('B0025',2019,'2022-01-25'),('B0026',2001,'2022-01-26'),('B0027',2014,'2022-01-27'),('B0028',2013,'2022-01-28'),('B0029',2011,'2022-01-29'),('B0030',2018,'2022-01-30'),('B0031',2010,'2022-01-31'),('B0032',2002,'2022-02-01'),('B0033',2013,'2022-02-02'),('B0034',2009,'2022-02-03'),('B0035',2018,'2022-02-04'),('B0036',2011,'2022-02-05'),('B0037',2001,'2022-02-06'),('B0038',2005,'2022-02-07'),('B0039',2006,'2022-02-08'),('B0040',2004,'2022-02-09'),('B0041',2007,'2022-02-10'),('B0042',2015,'2022-02-11'),('B0043',2003,'2022-02-12'),('B0044',2012,'2022-02-13'),('B0045',2002,'2022-02-14'),('B0046',2014,'2022-02-15'),('B0047',2019,'2022-02-16'),('B0048',2017,'2022-02-17'),('B0049',2001,'2022-02-18'),('B0050',2008,'2022-02-19'),('B0051',2017,'2022-02-20'),('B0052',2005,'2022-02-21'),('B0053',2009,'2022-02-22'),('B0054',2016,'2022-02-23'),('B0055',2013,'2022-02-24'),('B0056',2003,'2022-02-25'),('B0057',2003,'2022-02-26'),('B0058',2018,'2022-02-27'),('B0059',2005,'2022-02-28'),('B0060',2002,'2022-03-01'),('B0061',2016,'2022-03-02'),('B0062',2011,'2022-03-03'),('B0063',2001,'2022-03-04'),('B0064',2018,'2022-03-05'),('B0065',2007,'2022-03-06'),('B0066',2008,'2022-03-07'),('B0067',2001,'2022-03-08'),('B0068',2009,'2022-03-09'),('B0069',2010,'2022-03-10'),('B0070',2002,'2022-03-11'),('B0071',2009,'2022-03-12'),('B0072',2017,'2022-03-13'),('B0073',2014,'2022-03-14'),('B0074',2004,'2022-03-15'),('B0075',2015,'2022-03-16'),('B0076',2019,'2022-03-17'),('B0077',2006,'2022-03-18'),('B0078',2002,'2022-03-19'),('B0079',2013,'2022-03-20'),('B0080',2009,'2022-03-21'),('B0081',2005,'2022-03-22'),('B0082',2006,'2022-03-23'),('B0083',2018,'2022-03-24'),('B0084',2005,'2022-03-25'),('B0085',2007,'2022-03-26'),('B0086',2017,'2022-03-27'),('B0087',2014,'2022-03-28'),('B0088',2006,'2022-03-29'),('B0089',2003,'2022-03-30'),('B0090',2016,'2022-03-31'),('B0091',2008,'2022-04-01'),('B0092',2009,'2022-04-02'),('B0093',2010,'2022-04-03'),('B0094',2007,'2022-04-04'),('B0095',2001,'2022-04-05'),('B0096',2006,'2022-04-06'),('B0097',2012,'2022-04-07'),('B0098',2019,'2022-04-08'),('B0099',2008,'2022-04-09'),('B0100',2015,'2022-04-10'),('B0101',2001,'2022-04-11'),('B0102',2010,'2022-04-12'),('B0103',2002,'2022-04-13'),('B0104',2003,'2022-04-14'),('B0105',2018,'2022-04-15'),('B0106',2004,'2022-04-16'),('B0107',2003,'2022-04-17'),('B0108',2007,'2022-04-18'),('B0109',2006,'2022-04-19'),('B0110',2011,'2022-04-20'),('B0111',2014,'2022-04-21'),('B0112',2008,'2022-04-22'),('B0113',2009,'2022-04-23'),('B0114',2001,'2022-04-24'),('B0115',2017,'2022-04-25'),('B0116',2012,'2022-04-26'),('B0117',2010,'2022-04-27'),('B0118',2016,'2022-04-28'),('B0119',2012,'2022-04-29'),('B0120',2005,'2022-04-30'),('B0121',2007,'2022-05-01'),('B0122',2008,'2022-05-02'),('B0123',2011,'2022-05-03'),('B0124',2004,'2022-05-04'),('B0125',2015,'2022-05-05'),('B0126',2003,'2022-05-06'),('B0127',2003,'2022-05-07'),('B0128',2010,'2022-05-08'),('B0129',2014,'2022-05-09'),('B0130',2006,'2022-05-10'),('B0131',2013,'2022-05-11'),('B0132',2016,'2022-05-12'),('B0133',2007,'2022-05-13'),('B0134',2019,'2022-05-14'),('B0135',2018,'2022-05-15'),('B0136',2009,'2022-05-16'),('B0137',2013,'2022-05-17'),('B0138',2015,'2022-05-18'),('B0139',2008,'2022-05-19'),('B0140',2004,'2022-05-20'),('B0141',2001,'2022-05-21'),('B0142',2002,'2022-05-22'),('B0143',2001,'2022-05-23'),('B0144',2005,'2022-05-24'),('B0145',2012,'2022-05-25'),('B0146',2014,'2022-05-26'),('B0147',2009,'2022-05-27'),('B0148',2010,'2022-05-28'),('B0149',2007,'2022-05-29'),('B0150',2018,'2022-05-30'),('B0151',2004,'2022-05-31'),('B0152',2003,'2022-06-01'),('B0153',2013,'2022-06-02'),('B0154',2002,'2022-06-03'),('B0155',2015,'2022-06-04'),('B0156',2011,'2022-06-05'),('B0157',2016,'2022-06-06'),('B0158',2006,'2022-06-07'),('B0159',2001,'2022-06-08'),('B0160',2007,'2022-06-09'),('B0161',2019,'2022-06-10'),('B0162',2014,'2022-06-11'),('B0163',2008,'2022-06-12'),('B0164',2015,'2022-06-13'),('B0165',2016,'2022-06-14'),('B0166',2017,'2022-06-15'),('B0167',2003,'2022-06-16'),('B0168',2013,'2022-06-17'),('B0169',2002,'2022-06-18'),('B0170',2018,'2022-06-19'),('B0171',2005,'2022-06-20'),('B0172',2009,'2022-06-21'),('B0173',2006,'2022-06-22'),('B0174',2011,'2022-06-23'),('B0175',2004,'2022-06-24'),('B0176',2017,'2022-06-25'),('B0177',2001,'2022-06-26'),('B0178',2002,'2022-06-27'),('B0179',2016,'2022-06-28'),('B0180',2007,'2022-06-29'),('B0181',2012,'2022-06-30'),('B0182',2018,'2022-07-01'),('B0183',2013,'2022-07-02'),('B0184',2019,'2022-07-03'),('B0185',2003,'2022-07-04'),('B0186',2004,'2022-07-05'),('B0187',2014,'2022-07-06'),('B0188',2010,'2022-07-07'),('B0189',2001,'2022-07-08'),('B0190',2005,'2022-07-09'),('B0191',2011,'2022-07-10'),('B0192',2015,'2022-07-11'),('B0193',2008,'2022-07-12'),('B0194',2017,'2022-07-13'),('B0195',2012,'2022-07-14'),('B0196',2006,'2022-07-15'),('B0197',2019,'2022-07-16'),('B0198',2009,'2022-07-17'),('B0199',2013,'2022-07-18'),('B0200',2003,'2022-07-19'),('B0201',2004,'2022-07-20'),('B0202',2010,'2022-07-21'),('B0203',2001,'2022-07-22'),('B0204',2017,'2022-07-23'),('B0205',2007,'2022-07-24'),('B0206',2015,'2022-07-25'),('B0207',2014,'2022-07-26'),('B0208',2012,'2022-07-27'),('B0209',2008,'2022-07-28'),('B0210',2016,'2022-07-29'),('B0211',2018,'2022-07-30'),('B0212',2005,'2022-07-31'),('B0213',2002,'2022-08-01'),('B0214',2006,'2022-08-02'),('B0215',2004,'2022-08-03'),('B0216',2009,'2022-08-04'),('B0217',2003,'2022-08-05'),('B0218',2011,'2022-08-06'),('B0219',2010,'2022-08-07'),('B0220',2016,'2022-08-08'),('B0221',2017,'2022-08-09'),('B0222',2014,'2022-08-10'),('B0223',2002,'2022-08-11'),('B0224',2001,'2022-08-12'),('B0225',2008,'2022-08-13'),('B0226',2007,'2022-08-14'),('B0227',2013,'2022-08-15'),('B0228',2019,'2022-08-16'),('B0229',2006,'2022-08-17'),('B0230',2015,'2022-08-18'),('B0231',2011,'2022-08-19'),('B0232',2004,'2022-08-20'),('B0233',2012,'2022-08-21'),('B0234',2018,'2022-08-22'),('B0235',2003,'2022-08-23'),('B0236',2005,'2022-08-24'),('B0237',2009,'2022-08-25'),('B0238',2010,'2022-08-26'),('B0239',2017,'2022-08-27'),('B0240',2001,'2022-08-28'),('B0241',2008,'2022-08-29'),('B0242',2020,'2022-08-30'),('B0243',2003,'2022-08-31'),('B0244',2013,'2022-09-01'),('B0245',2014,'2022-09-02'),('B0246',2012,'2022-09-03'),('B0247',2018,'2022-09-04'),('B0248',2015,'2022-09-05'),('B0249',2005,'2022-09-06'),('B0250',2016,'2022-09-07'),('B0251',2007,'2022-09-08'),('B0252',2009,'2022-09-09'),('B0253',2006,'2022-09-10'),('B0254',2011,'2022-09-11'),('B0255',2004,'2022-09-12'),('B0256',2001,'2022-09-13'),('B0257',2019,'2022-09-14'),('B0258',2010,'2022-09-15'),('B0259',2008,'2022-09-16'),('B0260',2017,'2022-09-17'),('B0261',2013,'2022-09-18'),('B0262',2015,'2022-09-19'),('B0263',2014,'2022-09-20'),('B0264',2002,'2022-09-21'),('B0265',2012,'2022-09-22'),('B0266',2003,'2022-09-23'),('B0267',2006,'2022-09-24'),('B0268',2018,'2022-09-25'),('B0269',2001,'2022-09-26'),('B0270',2009,'2022-09-27'),('B0271',2011,'2022-09-28'),('B0272',2016,'2022-09-29'),('B0273',2007,'2022-09-30'),('B0274',2015,'2022-10-01'),('B0275',2004,'2022-10-02'),('B0276',2014,'2022-10-03'),('B0277',2008,'2022-10-04'),('B0278',2019,'2022-10-05'),('B0279',2010,'2022-10-06'),('B0280',2003,'2022-10-07'),('B0281',2002,'2022-10-08'),('B0282',2017,'2022-10-09'),('B0283',2013,'2022-10-10'),('B0284',2005,'2022-10-11'),('B0285',2016,'2022-10-12'),('B0286',2011,'2022-10-13'),('B0287',2004,'2022-10-14'),('B0288',2012,'2022-10-15'),('B0289',2019,'2022-10-16'),('B0290',2008,'2022-10-17'),('B0291',2007,'2022-10-18'),('B0292',2001,'2022-10-19'),('B0293',2014,'2022-10-20'),('B0294',2015,'2022-10-21'),('B0295',2016,'2022-10-22'),('B0296',2003,'2022-10-23'),('B0297',2002,'2022-10-24'),('B0298',2017,'2022-10-25'),('B0299',2006,'2022-10-26'),('B0300',2009,'2022-10-27'),('B0301',2004,'2022-10-28'),('B0302',2011,'2022-10-29'),('B0303',2018,'2022-10-30'),('B0304',2015,'2022-10-31'),('B0305',2010,'2022-11-01'),('B0306',2008,'2022-11-02'),('B0307',2001,'2022-11-03'),('B0308',2012,'2022-11-04'),('B0309',2019,'2022-11-05'),('B0310',2007,'2022-11-06'),('B0311',2014,'2022-11-07'),('B0312',2006,'2022-11-08'),('B0313',2003,'2022-11-09'),('B0314',2005,'2022-11-10'),('B0315',2002,'2022-11-11'),('B0316',2011,'2022-11-12'),('B0317',2009,'2022-11-13'),('B0318',2016,'2022-11-14'),('B0319',2017,'2022-11-15'),('B0320',2004,'2022-11-16'),('B0321',2008,'2022-11-17'),('B0322',2010,'2022-11-18'),('B0323',2013,'2022-11-19'),('B0324',2015,'2022-11-20'),('B0325',2018,'2022-11-21'),('B0326',2001,'2022-11-22'),('B0327',2007,'2022-11-23'),('B0328',2012,'2022-11-24'),('B0329',2019,'2022-11-25'),('B0330',2006,'2022-11-26'),('B0331',2014,'2022-11-27'),('B0332',2002,'2022-11-28'),('B0333',2005,'2022-11-29'),('B0334',2011,'2022-11-30'),('B0335',2003,'2022-12-01'),('B0336',2008,'2022-12-02'),('B0337',2010,'2022-12-03'),('B0338',2017,'2022-12-04'),('B0339',2004,'2022-12-05'),('B0340',2009,'2022-12-06'),('B0341',2016,'2022-12-07'),('B0342',2013,'2022-12-08'),('B0343',2001,'2022-12-09'),('B0344',2012,'2022-12-10'),('B0345',2005,'2022-12-11'),('B0346',2018,'2022-12-12'),('B0347',2007,'2022-12-13'),('B0348',2019,'2022-12-14'),('B0349',2006,'2022-12-15'),('B0350',2011,'2022-12-16'),('B0351',2002,'2022-12-17'),('B0352',2010,'2022-12-18'),('B0353',2013,'2022-12-19'),('B0354',2008,'2022-12-20'),('B0355',2014,'2022-12-21'),('B0356',2015,'2022-12-22'),('B0357',2003,'2022-12-23'),('B0358',2004,'2022-12-24'),('B0359',2017,'2022-12-25'),('B0360',2016,'2022-12-26'),('B0361',2001,'2022-12-27'),('B0362',2002,'2022-12-28'),('B0363',2006,'2022-12-29'),('B0364',2018,'2022-12-30'),('B0365',2013,'2022-12-31'),('B0366',2005,'2023-01-01'),('B0367',2012,'2023-01-02'),('B0368',2008,'2023-01-03'),('B0369',2011,'2023-01-04'),('B0370',2010,'2023-01-05'),('B0371',2004,'2023-01-06'),('B0372',2007,'2023-01-07'),('B0373',2009,'2023-01-08'),('B0374',2019,'2023-01-09'),('B0375',2014,'2023-01-10'),('B0376',2016,'2023-01-11'),('B0377',2003,'2023-01-12'),('B0378',2015,'2023-01-13'),('B0379',2001,'2023-01-14'),('B0380',2017,'2023-01-15'),('B0381',2018,'2023-01-16'),('B0382',2002,'2023-01-17'),('B0383',2005,'2023-01-18'),('B0384',2011,'2023-01-19'),('B0385',2010,'2023-01-20'),('B0386',2019,'2023-01-21'),('B0387',2006,'2023-01-22'),('B0388',2012,'2023-01-23'),('B0389',2007,'2023-01-24'),('B0390',2004,'2023-01-25'),('B0391',2009,'2023-01-26'),('B0392',2013,'2023-01-27'),('B0393',2008,'2023-01-28'),('B0394',2003,'2023-01-29'),('B0395',2014,'2023-01-30'),('B0396',2016,'2023-01-31'),('B0397',2015,'2023-02-01'),('B0398',2001,'2023-02-02'),('B0399',2002,'2023-02-03'),('B0400',2010,'2023-02-04'),('B0401',2017,'2023-02-05'),('B0402',2008,'2023-02-06'),('B0403',2018,'2023-02-07'),('B0404',2005,'2023-02-08'),('B0405',2009,'2023-02-09'),('B0406',2013,'2023-02-10'),('B0407',2006,'2023-02-11'),('B0408',2012,'2023-02-12'),('B0409',2007,'2023-02-13'),('B0410',2004,'2023-02-14'),('B0411',2015,'2023-02-15'),('B0412',2014,'2023-02-16'),('B0413',2003,'2023-02-17'),('B0414',2011,'2023-02-18'),('B0415',2001,'2023-02-19'),('B0416',2016,'2023-02-20'),('B0417',2019,'2023-02-21'),('B0418',2002,'2023-02-22'),('B0419',2005,'2023-02-23'),('B0420',2008,'2023-02-24'),('B0421',2012,'2023-02-25'),('B0422',2010,'2023-02-26'),('B0423',2006,'2023-02-27'),('B0424',2018,'2023-02-28'),('B0425',2013,'2023-03-01'),('B0426',2001,'2023-03-02'),('B0427',2004,'2023-03-03'),('B0428',2017,'2023-03-04'),('B0429',2003,'2023-03-05'),('B0430',2007,'2023-03-06'),('B0431',2016,'2023-03-07'),('B0432',2015,'2023-03-08'),('B0433',2009,'2023-03-09'),('B0434',2011,'2023-03-10'),('B0435',2014,'2023-03-11'),('B0436',2019,'2023-03-12'),('B0437',2012,'2023-03-13'),('B0438',2018,'2023-03-14'),('B0439',2006,'2023-03-15'),('B0440',2008,'2023-03-16'),('B0441',2001,'2023-03-17'),('B0442',2010,'2023-03-18'),('B0443',2017,'2023-03-19'),('B0444',2005,'2023-03-20'),('B0445',2014,'2023-03-21'),('B0446',2011,'2023-03-22'),('B0447',2016,'2023-03-23'),('B0448',2002,'2023-03-24'),('B0449',2003,'2023-03-25'),('B0450',2012,'2023-03-26'),('B0451',2009,'2023-03-27'),('B0452',2004,'2023-03-28'),('B0453',2018,'2023-03-29'),('B0454',2007,'2023-03-30'),('B0455',2015,'2023-03-31'),('B0456',2013,'2023-04-01'),('B0457',2006,'2023-04-02'),('B0458',2001,'2023-04-03'),('B0459',2011,'2023-04-04'),('B0460',2017,'2023-04-05'),('B0461',2019,'2023-04-06'),('B0462',2005,'2023-04-07'),('B0463',2012,'2023-04-08'),('B0464',2008,'2023-04-09'),('B0465',2013,'2023-04-10'),('B0466',2010,'2023-04-11'),('B0467',2004,'2023-04-12'),('B0468',2014,'2023-04-13'),('B0469',2016,'2023-04-14'),('B0470',2002,'2023-04-15'),('B0471',2003,'2023-04-16'),('B0472',2015,'2023-04-17'),('B0473',2018,'2023-04-18'),('B0474',2006,'2023-04-19'),('B0475',2001,'2023-04-20'),('B0476',2011,'2023-04-21'),('B0477',2017,'2023-04-22'),('B0478',2009,'2023-04-23'),('B0479',2014,'2023-04-24'),('B0480',2012,'2023-04-25'),('B0481',2008,'2023-04-26'),('B0482',2016,'2023-04-27'),('B0483',2004,'2023-04-28'),('B0484',2005,'2023-04-29'),('B0485',2010,'2023-04-30'),('B0486',2019,'2023-05-01'),('B0487',2007,'2023-05-02'),('B0488',2003,'2023-05-03'),('B0489',2013,'2023-05-04'),('B0490',2001,'2023-05-05'),('B0491',2008,'2023-05-06'),('B0492',2012,'2023-05-07'),('B0493',2014,'2023-05-08'),('B0494',2016,'2023-05-09'),('B0495',2011,'2023-05-10'),('B0496',2002,'2023-05-11'),('B0497',2005,'2023-05-12'),('B0498',2019,'2023-05-13'),('B0499',2010,'2023-05-14'),('B0500',2004,'2023-05-15');
/*!40000 ALTER TABLE `ordered_by` ENABLE KEYS */;
UNLOCK TABLES;

--
-- Table structure for table `others_patients`
--

DROP TABLE IF EXISTS `others_patients`;
/*!40101 SET @saved_cs_client     = @@character_set_client */;
/*!50503 SET character_set_client = utf8mb4 */;
CREATE TABLE `others_patients` (
  `Patient_ID` int NOT NULL,
  `First_Name` varchar(50) NOT NULL,
  `Middle_Name` varchar(50) DEFAULT NULL,
  `Last_Name` varchar(50) NOT NULL,
  `DOB` date NOT NULL,
  `Street_Number` varchar(20) DEFAULT NULL,
  `Street_Name` varchar(100) NOT NULL,
  `Apartment_Number` varchar(20) DEFAULT NULL,
  `City` varchar(100) NOT NULL,
  `Pincode` int DEFAULT NULL,
  `Gender` enum('Male','Female','Other') NOT NULL,
  `Email` varchar(255) DEFAULT NULL
) ENGINE=InnoDB DEFAULT CHARSET=utf8mb4 COLLATE=utf8mb4_0900_ai_ci;
/*!40101 SET character_set_client = @saved_cs_client */;

--
-- Dumping data for table `others_patients`
--

LOCK TABLES `others_patients` WRITE;
/*!40000 ALTER TABLE `others_patients` DISABLE KEYS */;
INSERT INTO `others_patients` VALUES (19001,'James','Jesus','Harris','1977-11-27','397','Diana Lake','21','Zacharyberg',366855,'Other','xcarr@example.org'),(19003,'Howard','Maria','Bernard','1955-10-14','741','Hardin Track','14','Claymouth',607898,'Other','michele76@example.org'),(19013,'Melinda','Juan','Roberts','1967-07-22','467','Julie Greens','23','East Justinburgh',951215,'Other','perezanthony@example.net'),(19014,'Holly','Brittany','Burnett','1956-10-08','151','Peterson Ports','33','North Devin',823519,'Other','ecarpenter@example.com'),(19015,'Christopher','Wendy','Gibbs','1968-03-24','204','Moses Trail','99','South Johnny',602634,'Other','carolmorgan@example.org'),(19018,'Brian','Kenneth','Gonzalez','1952-01-04','519','Kevin Ranch','27','East Christopher',371551,'Other','ymoss@example.net'),(19025,'Jacob','Tina','Underwood','1997-04-23','352','Beth Passage','58','Vanceland',787882,'Other','gardnernicole@example.org'),(19026,'Michele','Robert','Davis','1985-11-12','703','Sandra Plains','39','Haydenside',511022,'Other','mary77@example.org'),(19029,'Ronald','Bruce','Buck','1945-03-09','857','Wilson Hill','45','Cookmouth',646447,'Other','christinejohnson@example.com'),(19030,'Michelle','Linda','Knight','1981-12-20','782','Wilson Throughway','81','Lake Matthewfurt',589328,'Other','jermainenorton@example.com'),(19033,'Connie','Jerry','Gordon','1947-10-06','832','Walton Fort','11','South Stephanie',978249,'Other','btaylor@example.com'),(19035,'Dylan','Megan','Garcia','2006-04-02','156','Murillo Dam','4','Romanshire',335329,'Other','ysmith@example.com'),(19037,'Gary','Brooke','Robinson','1948-08-13','528','Christopher Gateway','91','Alvarezchester',155872,'Other','leejennifer@example.net'),(19038,'Gabriel','Robin','Rodriguez','2004-08-06','251','Michelle Loop','9','East Ryan',791621,'Other','colemanjohn@example.org'),(19044,'Austin','Shane','Tran','1944-07-09','114','Martin Crossroad','95','Port Kristyville',443838,'Other','mdavenport@example.net'),(19051,'Stacy','Kurt','Ho','1947-12-10','326','Rachel Squares','82','Ashleyside',522639,'Other','amberwhite@example.com'),(19053,'Sharon','Jessica','Romero','1964-08-16','181','Lee Isle','35','North Tammy',895808,'Other','bellmaria@example.org'),(19056,'Robert','Amanda','Jordan','1971-01-13','699','Julia Loaf','7','Lake Jacobtown',229007,'Other','mthompson@example.org'),(19059,'Gregory','Lisa','Gonzalez','1998-09-21','467','Joseph Point','17','East Johnhaven',842823,'Other','ruizthomas@example.org'),(20001,'Tyler','Tracy','Buchanan','1946-03-28','562','Melissa Path','29','New Jared',620018,'Other','stacy87@example.org'),(20005,'Adam','Eduardo','Nelson','1954-05-18','528','Rhonda Path','1','North Jeffrey',386852,'Other','dbradley@example.com'),(20006,'Julia','Philip','Hines','1982-01-28','790','Bradley Village','77','Carrilloton',838847,'Other','ajarvis@example.net'),(20014,'Michael','Walter','Gonzalez','1978-05-22','145','Smith Pines','57','Brianville',102601,'Other','dgonzales@example.net'),(20016,'Barry','Timothy','Hernandez','1972-01-18','697','Andrea Plaza','97','Stephanieburgh',305765,'Other','eric97@example.com'),(20019,'Charles','Katherine','Morales','1964-03-18','478','Wade Lodge','81','South Jessicafurt',680054,'Other','dennisyoung@example.net'),(20020,'Michael','Eric','Blair','2003-08-05','874','Mccormick Crescent','87','Victoriachester',690643,'Other','logan88@example.net'),(20023,'Alison','Christopher','Carroll','1998-01-28','554','James Lake','13','Arnoldberg',103777,'Other','csalinas@example.com'),(20024,'Amanda','Victor','Simpson','1951-01-11','608','Jennifer Squares','88','New Jacob',170666,'Other','abailey@example.net'),(20027,'Cynthia','Christian','Ortiz','1970-01-28','206','Bonnie Park','99','Robertsshire',683974,'Other','heidi27@example.com'),(20031,'John','Amanda','Lee','2005-10-05','401','Cabrera Unions','14','Port Michellestad',741033,'Other','elizabethwilliams@example.com'),(20032,'Rhonda','Kellie','Hill','2006-10-12','364','Lopez Islands','79','South Wendybury',119293,'Other','patriciaperkins@example.org'),(20034,'Jay','Craig','Baker','1992-01-02','433','Amanda Manors','4','East Elizabeth',404600,'Other','laura70@example.com'),(20038,'Bradley','Heather','Carpenter','1973-05-25','688','Wilson Valleys','73','West Michael',997971,'Other','vli@example.net'),(20041,'Jennifer','Sherri','Jones','1978-06-09','542','Denise Squares','96','Nancyburgh',779977,'Other','daniellynch@example.com'),(20044,'Teresa','Troy','Morgan','1993-01-30','452','Morrow Trail','12','South Susan',829924,'Other','iewing@example.org'),(20053,'Kevin','Alejandra','Bush','1997-09-01','615','Schroeder Alley','42','Port Alejandro',708695,'Other','salazarsherry@example.com'),(20058,'Lisa','Derek','Ward','2015-09-30','972','Ashley Extension','64','Karaport',828565,'Other','cobbdeanna@example.org'),(21005,'Sara','Cory','Singleton','2018-06-29','186','Fry Streets','21','Julieton',642064,'Other','jeffreyhickman@example.com'),(21006,'Anne','Ana','Guzman','2018-05-27','131','Brown Plain','34','Lake Michelle',689641,'Other','shawnanderson@example.com'),(21007,'Suzanne','Kathleen','Morales','2020-02-01','106','Robyn Ports','58','Port Thomaschester',411576,'Other','joshuasimmons@example.net'),(21013,'Jeffrey','Sarah','Murray','2023-06-17','860','Sheri Canyon','99','Benjaminberg',279255,'Other','christinedavis@example.net'),(21014,'Joseph','Dawn','Novak','1950-01-27','980','Hughes Mountains','2','Bethbury',779366,'Other','teresapatterson@example.org'),(21018,'Andrea','Tracey','Rivera','1964-02-08','674','Lauren Plaza','37','Markhaven',979107,'Other','dcrawford@example.com'),(21023,'Adrian','Bradley','Chung','1974-03-14','446','Danielle Centers','23','Tamaraport',334583,'Other','davidking@example.com'),(21027,'Amanda','Taylor','Perez','1998-07-13','447','Dawson Field','21','Port Stephaniebury',547288,'Other','kanderson@example.org'),(21028,'Caroline','David','Cook','1982-09-09','254','Samantha Springs','55','South Shirley',973574,'Other','castillojimmy@example.com'),(21048,'Richard','Stephanie','Thomas','1965-02-11','504','Wright Forks','88','North Alejandrachester',445133,'Other','erichowell@example.com'),(21049,'Jonathan','Jonathan','Wu','2002-03-04','918','Marie Junction','61','North Yvonne',473680,'Other','scottmurphy@example.org'),(21052,'Jamie','Matthew','Hines','2006-12-21','151','Kathy Points','89','West Shane',996613,'Other','bharris@example.net'),(21054,'Kaylee','Cindy','Frank','1964-01-22','548','Lang Lodge','64','Smithstad',805075,'Other','ferrellclaire@example.net'),(21055,'Linda','Jeffery','Patterson','1997-04-02','205','Jordan Lock','17','Catherineview',759203,'Other','joshuarodriguez@example.net'),(22002,'Edgar','Nancy','Murillo','2002-09-28','363','Hogan Village','98','West Samanthaton',296039,'Other','stephanie73@example.com'),(22003,'Kenneth','Samuel','Moore','2011-12-06','792','Mitchell Villages','97','Port Richard',792110,'Other','kendraingram@example.com'),(22004,'Shane','Mario','Hart','1982-09-14','779','Brady Course','25','Lake Amandafurt',617221,'Other','deanna20@example.org'),(22005,'Mary','Bianca','Hamilton','1972-02-07','577','Eddie Overpass','63','Pruittfurt',576304,'Other','ogould@example.com'),(22007,'Maria','Mary','Stewart','2019-11-17','794','Martinez Harbors','45','West Christine',152361,'Other','campbelljoseph@example.com'),(22009,'Paul','Tammy','Roberts','1980-09-19','990','Baker Canyon','45','North Christopherstad',771883,'Other','lopezjohn@example.com'),(22012,'Katelyn','Debbie','Stuart','1961-06-07','804','Joseph Vista','40','Port Maria',370487,'Other','slyons@example.net'),(22018,'Chelsey','Bob','Hurley','1982-11-24','450','Montoya Ranch','78','East Angela',412261,'Other','zmartinez@example.net'),(22022,'Anthony','Daniel','Pope','2010-01-04','705','Johnson Skyway','13','Port Jessicaborough',205393,'Other','fernandezkevin@example.com'),(22023,'Matthew','Autumn','Rivera','1948-10-17','572','Michael Locks','59','West Jacob',223077,'Other','angela05@example.net'),(22026,'Matthew','Brian','Smith','1989-03-02','365','James Squares','76','South Hollytown',163126,'Other','klee@example.org'),(22027,'Monica','Lori','Morris','2013-11-10','24','Eric Terrace','28','Mossport',433245,'Other','richardweeks@example.com'),(22031,'Teresa','Austin','Murphy','1972-07-14','181','Brittany Overpass','1','Reedton',616564,'Other','mayjennifer@example.net'),(22039,'Julia','Daniel','Price','1994-04-18','323','Ross Camp','82','Christophershire',676426,'Other','marcusrogers@example.org'),(22045,'Jeffrey','Alicia','Harvey','1958-12-07','640','Melanie Wells','60','Walkershire',107807,'Other','melaniebrooks@example.net'),(22046,'Benjamin','Mary','Harrington','1962-09-27','294','Mora Expressway','3','New Anita',838013,'Other','nicole23@example.net'),(22047,'Carolyn','Taylor','Hunt','1959-08-08','326','Hill Extensions','72','East Courtneyshire',771635,'Other','clarson@example.com'),(22049,'Samantha','Joel','Mason','1996-12-22','380','Benjamin Trail','94','Oliverview',212402,'Other','jonestammy@example.com'),(22051,'Devin','Suzanne','Olson','1974-11-25','89','Michael Cape','85','Henrychester',193637,'Other','catherine60@example.org'),(22053,'Renee','Maureen','Norman','1997-03-11','194','Wood Views','37','West Sylvia',583134,'Other','stanley63@example.com'),(22056,'Harry','Brian','Merritt','1983-05-15','812','Jason Common','25','North Richard',736350,'Other','miguelharris@example.net'),(22057,'Robert','Javier','Vargas','2005-12-28','904','Gutierrez Park','100','West Penny',584041,'Other','kaitlynaguilar@example.org'),(23002,'Megan','Chelsea','Russell','2012-09-01','690','Martin Highway','86','Jenniferstad',561214,'Other','orobinson@example.net'),(23003,'Billy','Austin','Schultz','1994-12-08','73','Alexandria Well','15','East Andrew',510186,'Other','bradleymccarthy@example.com'),(23004,'Austin','Mary','Weaver','1959-07-28','616','Barry Road','59','Port Amy',258632,'Other','qkim@example.net'),(23009,'Christopher','William','Serrano','1990-09-15','994','Maria Mills','32','Port Randyfort',443643,'Other','cynthiaallen@example.org'),(23011,'Dana','Lisa','Acosta','1978-03-24','243','Bishop Landing','86','Port Jared',272660,'Other','robert01@example.com'),(23013,'Jennifer','Sarah','Gordon','1957-10-12','368','Caroline Rapids','77','East Kellychester',645869,'Other','amanda39@example.com'),(23019,'Laurie','Lynn','Williams','1986-05-07','487','Cole Junction','70','Dunlaphaven',458615,'Other','christinebrooks@example.com'),(23021,'Kyle','Andrea','Lang','1964-12-27','764','Phillips Lake','62','West Kelly',356342,'Other','nicholasrowe@example.com'),(23024,'Mark','Rhonda','Perez','1959-12-28','921','Allen Point','81','New Traceytown',100085,'Other','veronica91@example.com'),(23025,'Emma','Tony','Murphy','1987-08-01','830','Cruz Fords','93','Port Elizabeth',698494,'Other','ylopez@example.com'),(23028,'Jeremy','Jennifer','Aguilar','1999-03-25','845','Flores Lodge','89','Jimenezview',237547,'Other','jeremy17@example.com'),(23029,'Harry','Patricia','Garcia','2022-11-15','951','Joshua Mountain','92','South Thomas',671695,'Other','richard24@example.net'),(23032,'Jeanette','Daniel','Webb','1981-01-13','34','Amber Radial','54','Brownborough',381748,'Other','daniel87@example.net'),(23038,'Jeremy','William','Johnson','1949-12-15','537','Carpenter Forges','23','Melissamouth',280757,'Other','amanda51@example.com'),(23039,'Joshua','Christian','Wolfe','1978-12-27','150','Fowler Oval','6','Ryanberg',700528,'Other','ysalas@example.org'),(23049,'Ryan','Jeffrey','Cowan','1980-09-11','108','Ware Rapids','63','West William',248030,'Other','michelepitts@example.net'),(23051,'Joshua','Kevin','King','2021-09-27','567','Mayo Flats','42','Henrymouth',379779,'Other','paulcarter@example.net'),(23057,'Caleb','Emily','Brown','1962-07-28','921','Jennifer Trail','22','Phillipsmouth',616502,'Other','graybobby@example.org');
/*!40000 ALTER TABLE `others_patients` ENABLE KEYS */;
UNLOCK TABLES;

--
-- Table structure for table `patient`
--

DROP TABLE IF EXISTS `patient`;
/*!40101 SET @saved_cs_client     = @@character_set_client */;
/*!50503 SET character_set_client = utf8mb4 */;
CREATE TABLE `patient` (
  `Patient_ID` int NOT NULL,
  `First_Name` varchar(50) NOT NULL,
  `Middle_Name` varchar(50) DEFAULT NULL,
  `Last_Name` varchar(50) NOT NULL,
  `DOB` date NOT NULL,
  `Street_Number` varchar(20) DEFAULT NULL,
  `Street_Name` varchar(100) NOT NULL,
  `Apartment_Number` varchar(20) DEFAULT NULL,
  `City` varchar(100) NOT NULL,
  `Pincode` int DEFAULT NULL,
  `Gender` enum('Male','Female','Other') NOT NULL,
  `Email` varchar(255) DEFAULT NULL,
  PRIMARY KEY (`Patient_ID`),
  UNIQUE KEY `Email` (`Email`),
  KEY `idx_pat_gen` (`Gender`),
  CONSTRAINT `patient_chk_1` CHECK (((`Pincode` >= 100000) and (`Pincode` <= 999999)))
) ENGINE=InnoDB DEFAULT CHARSET=utf8mb4 COLLATE=utf8mb4_0900_ai_ci;
/*!40101 SET character_set_client = @saved_cs_client */;

--
-- Dumping data for table `patient`
--

LOCK TABLES `patient` WRITE;
/*!40000 ALTER TABLE `patient` DISABLE KEYS */;
INSERT INTO `patient` VALUES (19001,'Jame','Jesus','Harris','1977-11-27','397','Diana Lake','21','Zacharyberg',366855,'Male','xcarr@example.org'),(19002,'Brandon','Maria','Lester','2000-11-13','555','Fuller Parkway','15','Michaelmouth',681901,'Male','oali@example.com'),(19003,'Howard','Maria','Bernard','1955-10-14','741','Hardin Track','14','Claymouth',607898,'Other','michele76@example.org'),(19004,'Gregory','Bianca','Cannon','1962-11-01','881','Jones Loaf','5','East Cassandratown',110947,'Male','brandonhester@example.org'),(19005,'Gina','Darius','Contreras','1982-03-13','65','Kimberly Creek','90','South Heatherfurt',536915,'Female','huffadam@example.net'),(19006,'Leslie','Timothy','Parker','1968-01-10','315','Obrien Squares','5','South Mitchell',647290,'Female','pclay@example.com'),(19007,'Jason','Kathryn','Anderson','1975-05-18','421','Gina Mills','42','North Nathanielshire',621234,'Male','romerokeith@example.org'),(19008,'Carlos','Lori','Herman','1980-08-02','553','Tyler Forges','92','Ramosberg',912511,'Male','spencerstephanie@example.org'),(19009,'Alyssa','Michael','Gomez','1975-04-12','97','Lopez Village','40','Port Amandabury',953428,'Male','gonzalezjohn@example.org'),(19010,'Danielle','Dylan','Padilla','2020-11-21','323','Smith Islands','27','Josephburgh',235949,'Female','tony33@example.net'),(19011,'Joseph','Connor','Craig','1960-03-03','18','Leslie Neck','57','Stevensbury',581971,'Male','albertolson@example.net'),(19012,'Karen','Carrie','Ibarra','1976-09-15','253','Fox Court','80','West Rodney',414906,'Female','mtaylor@example.net'),(19013,'Melinda','Juan','Roberts','1967-07-22','467','Julie Greens','23','East Justinburgh',951215,'Other','perezanthony@example.net'),(19014,'Holly','Brittany','Burnett','1956-10-08','151','Peterson Ports','33','North Devin',823519,'Other','ecarpenter@example.com'),(19015,'Christopher','Wendy','Gibbs','1968-03-24','204','Moses Trail','99','South Johnny',602634,'Other','carolmorgan@example.org'),(19016,'Amy','Sarah','Harris','1991-12-17','374','Baker Rue','86','Smithtown',505964,'Male','christopherjohnson@example.com'),(19017,'Sharon','Aaron','Oliver','1978-06-17','514','Earl Highway','77','Sarahbury',238377,'Female','randalloneill@example.com'),(19018,'Brian','Kenneth','Gonzalez','1952-01-04','519','Kevin Ranch','27','East Christopher',371551,'Other','ymoss@example.net'),(19019,'Peter','Alexander','Klein','1973-01-25','384','Kimberly Plain','87','Hartchester',950473,'Female','gary05@example.com'),(19020,'Betty','Mason','Stokes','2010-03-29','234','Nicole Tunnel','6','Lake Allentown',929947,'Male','syoung@example.com'),(19021,'Joseph','Matthew','Taylor','1951-08-09','554','Valenzuela Stream','63','New Kylemouth',219476,'Male','james27@example.org'),(19022,'Kelly','Shannon','Wilson','1953-11-18','81','Holly Trace','98','Frederickshire',590344,'Male','susan16@example.org'),(19023,'Ruth','Carl','Mclaughlin','2020-05-02','37','Stewart Passage','68','West Ericmouth',554123,'Female','bfarrell@example.com'),(19024,'Jason','Zachary','Mcgee','1994-06-28','812','Kurt Hollow','2','West Mary',716822,'Female','lanceglover@example.org'),(19025,'Jacob','Tina','Underwood','1997-04-23','352','Beth Passage','58','Vanceland',787882,'Other','gardnernicole@example.org'),(19026,'Michele','Robert','Davis','1985-11-12','703','Sandra Plains','39','Haydenside',511022,'Other','mary77@example.org'),(19027,'Derek','Mathew','Brown','1949-09-02','345','Davis Mount','26','Geraldview',950135,'Female','lisa43@example.org'),(19028,'Laura','Joseph','Castillo','1985-06-27','959','Ryan Summit','17','Charlesmouth',195409,'Male','richardhudson@example.net'),(19029,'Ronald','Bruce','Buck','1945-03-09','857','Wilson Hill','45','Cookmouth',646447,'Other','christinejohnson@example.com'),(19030,'Michelle','Linda','Knight','1981-12-20','782','Wilson Throughway','81','Lake Matthewfurt',589328,'Other','jermainenorton@example.com'),(19031,'Rachel','James','Williams','1951-05-29','898','Michael View','27','West Amandaville',496125,'Female','heather51@example.net'),(19032,'Sharon','Michael','Steele','2001-01-01','822','Jackson Rapids','67','Popeland',790699,'Male','rmcdonald@example.org'),(19033,'Connie','Jerry','Gordon','1947-10-06','832','Walton Fort','11','South Stephanie',978249,'Other','btaylor@example.com'),(19034,'Marie','Bradley','Wood','1979-08-05','74','Justin Land','20','Murphyshire',721505,'Female','wsheppard@example.com'),(19035,'Dylan','Megan','Garcia','2006-04-02','156','Murillo Dam','4','Romanshire',335329,'Other','ysmith@example.com'),(19036,'Jeremy','Margaret','Hogan','2000-05-01','86','Jessica Crossing','66','Williamsview',115124,'Male','johnsonchristina@example.org'),(19037,'Gary','Brooke','Robinson','1948-08-13','528','Christopher Gateway','91','Alvarezchester',155872,'Other','leejennifer@example.net'),(19038,'Gabriel','Robin','Rodriguez','2004-08-06','251','Michelle Loop','9','East Ryan',791621,'Other','colemanjohn@example.org'),(19039,'Richard','Jodi','Diaz','1967-07-09','555','Stewart Mall','81','Lynchfort',663624,'Female','michaelfox@example.org'),(19040,'Paul','Kelly','Baker','1969-09-03','56','Thomas Rapid','43','Chavezland',148997,'Male','lesterthomas@example.com'),(19041,'Jane','Larry','Gray','2020-05-09','643','Carol Locks','1','Wattsside',349594,'Female','william78@example.net'),(19042,'Debra','Kristopher','Ruiz','1996-11-09','606','Smith Parkways','86','Port Kimberly',166606,'Female','aaronlopez@example.net'),(19043,'Annette','David','Johnson','1981-01-05','969','Tran Plaza','84','East Bryan',429909,'Female','watsondonna@example.org'),(19044,'Austin','Shane','Tran','1944-07-09','114','Martin Crossroad','95','Port Kristyville',443838,'Other','mdavenport@example.net'),(19045,'Keith','Justin','Carpenter','2023-10-29','428','Lyons Crossroad','31','North Gregory',888767,'Male','larry70@example.net'),(19046,'Thomas','Robert','Tanner','1984-01-03','330','Judy Plains','38','Ericborough',337214,'Male','lolson@example.com'),(19047,'Katrina','John','Vaughn','1964-11-26','779','Robert Springs','45','Clarkmouth',127743,'Female','anne82@example.org'),(19048,'Chelsea','Beth','Johnson','2020-11-19','937','Lonnie Highway','35','North Erinport',691484,'Female','carolyn45@example.net'),(19049,'Jennifer','Sarah','Perry','1967-01-25','411','Nelson Haven','36','Johnsonburgh',613170,'Female','castillothomas@example.net'),(19050,'Brandon','Amanda','Salazar','2016-11-05','440','James Isle','47','North Laura',325255,'Female','gonzalezamanda@example.com'),(19051,'Stacy','Kurt','Ho','1947-12-10','326','Rachel Squares','82','Ashleyside',522639,'Other','amberwhite@example.com'),(19052,'Melissa','Morgan','Moore','1963-07-10','401','Cunningham Well','21','South Josephbury',989515,'Female','ccontreras@example.org'),(19053,'Sharon','Jessica','Romero','1964-08-16','181','Lee Isle','35','North Tammy',895808,'Other','bellmaria@example.org'),(19054,'Monique','Daniel','Mcfarland','2016-08-04','235','Griffin Overpass','5','Woodburgh',741489,'Male','opham@example.com'),(19055,'David','Kayla','Parks','1974-09-12','427','Krista Vista','4','Housefort',879252,'Female','melindacontreras@example.org'),(19056,'Robert','Amanda','Jordan','1971-01-13','699','Julia Loaf','7','Lake Jacobtown',229007,'Other','mthompson@example.org'),(19057,'Richard','Alisha','Davis','1980-10-12','518','White Points','78','Raymondburgh',699393,'Male','mgonzalez@example.org'),(19058,'Jessica','Dawn','Finley','1955-10-30','995','Armstrong Gateway','32','Holtborough',699468,'Male','alexandra06@example.org'),(19059,'Gregory','Lisa','Gonzalez','1998-09-21','467','Joseph Point','17','East Johnhaven',842823,'Other','ruizthomas@example.org'),(19060,'William','Christopher','Miller','1977-08-11','487','Sarah Flat','100','Stuartville',685743,'Male','kelseyflores@example.net'),(20001,'Tyler','Tracy','Buchanan','1946-03-28','562','Melissa Path','29','New Jared',620018,'Other','stacy87@example.org'),(20002,'Patrick','Levi','Cook','2015-07-09','732','Campbell Court','14','Wadeview',962870,'Female','ramoscarl@example.net'),(20003,'Christopher','Melinda','Morgan','2010-11-18','581','Karen Harbor','64','Barkerport',197698,'Male','robertsonandrew@example.com'),(20004,'Robert','Lauren','Contreras','1956-04-27','922','Hart Plain','70','New Daniel',767821,'Female','rjames@example.net'),(20005,'Adam','Eduardo','Nelson','1954-05-18','528','Rhonda Path','1','North Jeffrey',386852,'Other','dbradley@example.com'),(20006,'Julia','Philip','Hines','1982-01-28','790','Bradley Village','77','Carrilloton',838847,'Other','ajarvis@example.net'),(20007,'Nicholas','Susan','Matthews','1959-11-23','550','Elizabeth Turnpike','31','Andersonview',841902,'Female','catherinebowman@example.org'),(20008,'Nathan','Christopher','Barnes','2011-09-01','207','Gonzales Court','87','East Reginashire',155982,'Male','brownronald@example.org'),(20009,'Carol','Barry','Farley','1949-09-12','511','Rich Turnpike','53','New Diana',377791,'Male','josedavis@example.org'),(20010,'James','David','Moyer','2021-11-19','938','Gary Union','27','Jessechester',319226,'Female','crawfordmax@example.org'),(20011,'Brian','Keith','Williams','1988-02-01','679','Anderson Points','81','West Darrenfort',400676,'Female','garciajacob@example.com'),(20012,'Teresa','Ronald','Sanchez','2010-11-13','255','Martinez Islands','56','Justintown',368504,'Female','dwhite@example.org'),(20013,'Tracey','Tracy','Barnes','2014-10-31','983','Kevin Port','99','Floresland',857130,'Male','fthomas@example.org'),(20014,'Michael','Walter','Gonzalez','1978-05-22','145','Smith Pines','57','Brianville',102601,'Other','dgonzales@example.net'),(20015,'Dawn','Michael','Walker','1967-01-08','656','Tanya Valley','55','Paigeview',580216,'Female','courtneytaylor@example.com'),(20016,'Barry','Timothy','Hernandez','1972-01-18','697','Andrea Plaza','97','Stephanieburgh',305765,'Other','eric97@example.com'),(20017,'Jennifer','Keith','Smith','1992-11-24','162','Jackson Extension','40','Kristenville',682690,'Female','dmorales@example.com'),(20018,'Natalie','Katherine','Marshall','1950-02-12','819','Rivera Wall','43','South Jasonton',407883,'Female','thoward@example.org'),(20019,'Charles','Katherine','Morales','1964-03-18','478','Wade Lodge','81','South Jessicafurt',680054,'Other','dennisyoung@example.net'),(20020,'Michael','Eric','Blair','2003-08-05','874','Mccormick Crescent','87','Victoriachester',690643,'Other','logan88@example.net'),(20021,'Wendy','Brandon','Baker','1969-04-30','975','Rodriguez Spur','70','Robertmouth',582871,'Male','eric53@example.com'),(20022,'Julie','Alexander','Tanner','2020-09-15','560','Julie Trafficway','21','Petersview',301770,'Female','kyle87@example.net'),(20023,'Alison','Christopher','Carroll','1998-01-28','554','James Lake','13','Arnoldberg',103777,'Other','csalinas@example.com'),(20024,'Amanda','Victor','Simpson','1951-01-11','608','Jennifer Squares','88','New Jacob',170666,'Other','abailey@example.net'),(20025,'Jacqueline','Donna','Armstrong','2023-04-28','505','Salazar Via','76','Lake Julie',537892,'Male','jacobsjustin@example.net'),(20026,'John','Erin','Hill','2017-01-29','183','Destiny Motorway','47','Kristinport',655988,'Female','joshuasims@example.org'),(20027,'Cynthia','Christian','Ortiz','1970-01-28','206','Bonnie Park','99','Robertsshire',683974,'Other','heidi27@example.com'),(20028,'Joan','Sarah','Miller','2019-09-21','648','Patricia Plaza','75','Michelleside',177643,'Female','ccharles@example.org'),(20029,'Jacqueline','Kendra','Bass','1974-04-13','679','Molly Springs','44','Lake Amyfurt',718245,'Male','beth76@example.net'),(20030,'Lisa','Whitney','Gonzales','1977-05-27','582','Jon Ways','45','Lake Robert',118016,'Female','rodriguezkevin@example.net'),(20031,'John','Amanda','Lee','2005-10-05','401','Cabrera Unions','14','Port Michellestad',741033,'Other','elizabethwilliams@example.com'),(20032,'Rhonda','Kellie','Hill','2006-10-12','364','Lopez Islands','79','South Wendybury',119293,'Other','patriciaperkins@example.org'),(20033,'Stephen','Kristen','Carr','1990-04-17','117','Mason Park','28','Jenniferport',174812,'Male','ambercarter@example.com'),(20034,'Jay','Craig','Baker','1992-01-02','433','Amanda Manors','4','East Elizabeth',404600,'Other','laura70@example.com'),(20035,'Holly','Justin','Sanchez','2012-04-20','923','Patterson Viaduct','69','Mendezburgh',841824,'Female','goldenscott@example.net'),(20036,'Mckenzie','Matthew','Coleman','2015-08-10','125','Michelle Summit','11','West Rachael',395025,'Male','pharris@example.net'),(20037,'Peter','Tyler','Pennington','2004-08-05','597','Jason Valleys','66','Hughesborough',566822,'Male','elizabeth40@example.org'),(20038,'Bradley','Heather','Carpenter','1973-05-25','688','Wilson Valleys','73','West Michael',997971,'Other','vli@example.net'),(20039,'Brandon','James','Ortiz','1985-01-11','243','Lawrence Lane','75','South Andrew',361909,'Male','john31@example.net'),(20040,'Corey','Christina','Benson','1950-05-31','763','Williamson Viaduct','48','East Alexandrafurt',488317,'Male','vrichards@example.com'),(20041,'Jennifer','Sherri','Jones','1978-06-09','542','Denise Squares','96','Nancyburgh',779977,'Other','daniellynch@example.com'),(20042,'Paul','John','Moore','2020-08-24','39','Omar Islands','59','West Ryanmouth',154150,'Male','nicholsmatthew@example.org'),(20043,'Janet','Krista','Owen','1956-07-15','558','Collins Causeway','69','Hillbury',932686,'Female','sara48@example.com'),(20044,'Teresa','Troy','Morgan','1993-01-30','452','Morrow Trail','12','South Susan',829924,'Other','iewing@example.org'),(20045,'Stephanie','David','Choi','1983-11-20','598','Green Courts','82','Carlsonfurt',626273,'Female','stevenking@example.net'),(20046,'Amanda','Mark','Hall','1961-09-24','520','Cantu Ford','41','South Anne',448148,'Female','flowersalyssa@example.org'),(20047,'Kimberly','Devon','Hayes','2010-11-05','811','Smith Plains','85','North Daniel',522186,'Male','weaverkim@example.net'),(20048,'Kevin','Michael','Rodriguez','1992-10-10','669','Ryan Park','69','Joneshaven',826315,'Female','carrie00@example.com'),(20049,'Kenneth','Mark','Rhodes','1958-02-06','990','Knight Circles','58','Wrightbury',730615,'Male','ymacdonald@example.com'),(20050,'Jane','Jacob','Perez','1959-07-31','800','Fields Wells','65','Michaelland',736651,'Male','lwilliams@example.com'),(20051,'William','Melissa','Wade','1977-01-29','107','Nguyen Flat','77','North Samuelview',224306,'Male','wrivera@example.com'),(20052,'Emily','Rebekah','Farmer','1971-06-28','928','Buckley Station','58','Foxmouth',381146,'Male','rbond@example.com'),(20053,'Kevin','Alejandra','Bush','1997-09-01','615','Schroeder Alley','42','Port Alejandro',708695,'Other','salazarsherry@example.com'),(20054,'Ronald','Brandi','Carroll','1961-03-05','750','Gabriel Estate','8','New Michaelfurt',185095,'Female','deantroy@example.net'),(20055,'Monica','Sydney','Avery','1968-10-03','989','Wright Spurs','50','Christinaburgh',684904,'Male','phughes@example.com'),(20056,'Greg','Brandon','Mendoza','1964-01-25','864','Spencer Way','9','New Brandonland',499506,'Female','jonesjennifer@example.net'),(20057,'Courtney','Jacqueline','Cline','2009-12-24','246','David Unions','50','Donnabury',324584,'Male','vcampbell@example.org'),(20058,'Lisa','Derek','Ward','2015-09-30','972','Ashley Extension','64','Karaport',828565,'Other','cobbdeanna@example.org'),(20059,'Ian','Patrick','King','1985-09-21','175','Kathy Mews','90','South Jeffreyport',278906,'Male','kimberly45@example.com'),(20060,'Natalie','Karen','Owens','2016-07-01','308','Benjamin Ridge','26','South Rodneychester',571365,'Male','morgandaniel@example.org'),(21001,'Sandra','Jason','Neal','1946-11-23','694','Christopher Overpass','46','Ortizhaven',125417,'Male','vlopez@example.net'),(21002,'Wendy','Tim','Ward','1949-09-22','745','Thompson Mission','35','Ronaldview',177082,'Female','richmondnicholas@example.org'),(21003,'Maria','Elizabeth','Wright','1981-12-30','164','Samantha Forges','96','South Rachel',189980,'Male','danagallagher@example.net'),(21004,'Eric','Janice','Mejia','1972-03-13','495','Tyler Pike','34','Port Raymond',366790,'Male','anne42@example.net'),(21005,'Sara','Cory','Singleton','2018-06-29','186','Fry Streets','21','Julieton',642064,'Other','jeffreyhickman@example.com'),(21006,'Anne','Ana','Guzman','2018-05-27','131','Brown Plain','34','Lake Michelle',689641,'Other','shawnanderson@example.com'),(21007,'Suzanne','Kathleen','Morales','2020-02-01','106','Robyn Ports','58','Port Thomaschester',411576,'Other','joshuasimmons@example.net'),(21008,'Peter','Aaron','Mitchell','2010-03-19','795','Cook Orchard','61','Lake Alexander',475949,'Male','jameshicks@example.org'),(21009,'Abigail','Jacob','Bell','1962-06-21','546','Reynolds River','13','Martinezmouth',371688,'Female','moranalexandria@example.net'),(21010,'Ryan','Michael','Mcdonald','2023-08-17','286','Benjamin Springs','27','Jamesfurt',116827,'Male','ytaylor@example.net'),(21011,'Anthony','Steven','Brewer','1982-11-08','256','Thomas Parkway','35','East Terrence',168467,'Male','andersonrobert@example.org'),(21012,'Whitney','Brianna','Ewing','1967-11-06','226','Campbell Stravenue','94','Williamsmouth',472769,'Male','smithchristopher@example.com'),(21013,'Jeffrey','Sarah','Murray','2023-06-17','860','Sheri Canyon','99','Benjaminberg',279255,'Other','christinedavis@example.net'),(21014,'Joseph','Dawn','Novak','1950-01-27','980','Hughes Mountains','2','Bethbury',779366,'Other','teresapatterson@example.org'),(21015,'Matthew','Frank','Bernard','1966-06-17','390','Ewing Landing','68','Lynnmouth',153838,'Male','hbrown@example.com'),(21016,'Lawrence','Robin','Gray','1961-05-16','188','Cruz Glens','43','Pageburgh',385601,'Female','john88@example.com'),(21017,'Sandra','Jeremy','Arnold','1996-07-27','336','Cohen Loaf','95','Tiffanystad',121401,'Male','smithcynthia@example.org'),(21018,'Andrea','Tracey','Rivera','1964-02-08','674','Lauren Plaza','37','Markhaven',979107,'Other','dcrawford@example.com'),(21019,'Kimberly','James','Griffin','2009-06-10','970','Sara Centers','94','North Rachel',432149,'Female','michael46@example.org'),(21020,'Larry','Michael','Brown','2015-04-19','259','Smith Stream','15','North Emilyton',326791,'Male','helenduarte@example.com'),(21021,'Charles','Cheryl','Banks','1958-02-14','419','Jeffrey Alley','15','Devinborough',507273,'Female','phelpsheidi@example.org'),(21022,'Alec','Julie','Bryant','2002-06-24','270','Matthew Roads','93','Brittanystad',932043,'Female','nperez@example.org'),(21023,'Adrian','Bradley','Chung','1974-03-14','446','Danielle Centers','23','Tamaraport',334583,'Other','davidking@example.com'),(21024,'Kara','Christine','Gonzales','2017-08-28','414','Misty Summit','37','Ashleymouth',550391,'Male','faustin@example.net'),(21025,'Gary','Sherry','Shepherd','1974-09-19','746','Sherri Isle','46','West Amber',461846,'Female','kclark@example.org'),(21026,'Tracy','Mary','Bailey','2003-02-09','223','Pamela Ways','53','North Annette',745473,'Male','nelsonallison@example.com'),(21027,'Amanda','Taylor','Perez','1998-07-13','447','Dawson Field','21','Port Stephaniebury',547288,'Other','kanderson@example.org'),(21028,'Caroline','David','Cook','1982-09-09','254','Samantha Springs','55','South Shirley',973574,'Other','castillojimmy@example.com'),(21029,'Brian','Melissa','Grant','1944-07-12','704','Rodriguez Turnpike','4','Jenningsbury',725765,'Female','eric55@example.net'),(21030,'John','Michael','Ponce','2006-12-11','899','Thompson Drives','59','West Megan',490364,'Male','ymiller@example.com'),(21031,'Gail','Daniel','Hall','1964-06-14','95','Blake Well','90','Coreychester',840803,'Female','williamtorres@example.org'),(21032,'Jennifer','Kari','Mills','1956-02-08','597','Mccormick Course','66','Melendezbury',739799,'Female','nicole53@example.org'),(21033,'Emily','Jacob','Lara','1973-03-03','359','Jones Track','19','West Michaelville',109704,'Male','tina68@example.org'),(21034,'Sharon','Michael','Jackson','1990-03-22','184','Castillo Village','45','Lake Kathleen',581753,'Female','wpark@example.net'),(21035,'Michael','Henry','Mendez','1992-05-14','10','Figueroa Walk','5','Lake Michael',501216,'Male','michael47@example.net'),(21036,'Paul','Morgan','Jones','2023-07-07','529','Leah Lodge','3','Davidborough',315191,'Male','tyrone62@example.com'),(21037,'Kathryn','Brianna','Thompson','1974-07-07','863','Zachary Plaza','30','New Sheila',870423,'Male','maddendavid@example.com'),(21038,'Kristina','Kayla','Simmons','1996-12-30','465','Jordan Locks','73','Wilsonport',829693,'Male','dsawyer@example.net'),(21039,'Cody','Victor','Parker','1945-09-23','388','William Spring','74','South Timothy',231679,'Female','bethrobinson@example.net'),(21040,'Brianna','Briana','Marquez','1995-03-12','619','Johnson Field','82','Alexland',883535,'Female','timothyjimenez@example.org'),(21041,'Heather','Nathan','Mclean','1970-04-18','851','Edward Island','37','Wilsonberg',460434,'Male','stacyberry@example.com'),(21042,'Kevin','Brian','Roy','2019-08-15','207','Rice Plain','1','Port Kaylaburgh',861583,'Female','martinezryan@example.net'),(21043,'Gregory','Clayton','Taylor','2007-07-11','525','Janet Flat','63','New Laurenview',401643,'Male','ronaldalexander@example.org'),(21044,'Tamara','Kimberly','Ellis','1945-05-01','292','Nicholas Ramp','35','Rasmussenburgh',524662,'Male','nicholasbooker@example.org'),(21045,'Chelsey','Daniel','Jones','2019-10-08','665','Harrington Cliff','88','Kirbyton',301117,'Female','leslieoneal@example.net'),(21046,'Annette','Mary','Parker','2011-10-11','117','Gardner Isle','88','Merrittburgh',536927,'Female','jessica40@example.com'),(21047,'Andrew','Katelyn','Olson','1971-12-13','575','Brown Trail','39','Terryville',505329,'Male','brendarosario@example.com'),(21048,'Richard','Stephanie','Thomas','1965-02-11','504','Wright Forks','88','North Alejandrachester',445133,'Other','erichowell@example.com'),(21049,'Jonathan','Jonathan','Wu','2002-03-04','918','Marie Junction','61','North Yvonne',473680,'Other','scottmurphy@example.org'),(21050,'Jose','Charles','Randall','1967-01-18','337','Miranda Trail','80','Jessicaside',105330,'Female','austinbruce@example.net'),(21051,'Dylan','Greg','Hansen','2002-12-26','959','Webb Harbors','64','Thomasburgh',448384,'Female','dramos@example.net'),(21052,'Jamie','Matthew','Hines','2006-12-21','151','Kathy Points','89','West Shane',996613,'Other','bharris@example.net'),(21053,'Theresa','David','Brock','1950-03-15','884','Lee Tunnel','72','Stephaniefort',675530,'Male','marquezandrew@example.com'),(21054,'Kaylee','Cindy','Frank','1964-01-22','548','Lang Lodge','64','Smithstad',805075,'Other','ferrellclaire@example.net'),(21055,'Linda','Jeffery','Patterson','1997-04-02','205','Jordan Lock','17','Catherineview',759203,'Other','joshuarodriguez@example.net'),(21056,'Heidi','Jesse','Jones','1980-02-19','716','Kelli Park','60','Brianport',151368,'Male','franciscoweber@example.org'),(21057,'Bradley','Maria','Weaver','2017-01-05','374','Bradley Village','10','Port Derekport',379552,'Male','wyattzachary@example.net'),(21058,'Joseph','Morgan','Silva','1954-06-19','38','Christopher Dale','30','Billborough',165606,'Male','bedwards@example.com'),(21059,'Lisa','Trevor','Bowers','1973-02-27','513','Barber Locks','39','West Kaylahaven',843883,'Female','meyerangela@example.com'),(21060,'Michael','Stephanie','Shaffer','1967-07-31','325','Morales Court','28','Alyssafurt',617570,'Male','ramosfrancisco@example.com'),(22001,'John','Carol','Barnes','1974-01-06','660','Palmer Island','18','East Hunter',770083,'Female','randolphwilliam@example.com'),(22002,'Edgar','Nancy','Murillo','2002-09-28','363','Hogan Village','98','West Samanthaton',296039,'Other','stephanie73@example.com'),(22003,'Kenneth','Samuel','Moore','2011-12-06','792','Mitchell Villages','97','Port Richard',792110,'Other','kendraingram@example.com'),(22004,'Shane','Mario','Hart','1982-09-14','779','Brady Course','25','Lake Amandafurt',617221,'Other','deanna20@example.org'),(22005,'Mary','Bianca','Hamilton','1972-02-07','577','Eddie Overpass','63','Pruittfurt',576304,'Other','ogould@example.com'),(22006,'Maria','Christopher','Lee','1986-08-10','564','Kelly Camp','37','West Stephenside',719780,'Female','williamsebony@example.org'),(22007,'Maria','Mary','Stewart','2019-11-17','794','Martinez Harbors','45','West Christine',152361,'Other','campbelljoseph@example.com'),(22008,'Carol','Amy','Stevens','2017-06-10','754','Mitchell Gardens','56','East Jorgeberg',132060,'Female','ryanherrera@example.net'),(22009,'Paul','Tammy','Roberts','1980-09-19','990','Baker Canyon','45','North Christopherstad',771883,'Other','lopezjohn@example.com'),(22010,'Lisa','Stephanie','Smith','1996-10-17','376','Mata Island','70','Markchester',289740,'Male','tylertara@example.com'),(22011,'Kristi','Gerald','Yu','2006-05-20','986','Lee Inlet','67','West Johnmouth',625233,'Male','zstephens@example.net'),(22012,'Katelyn','Debbie','Stuart','1961-06-07','804','Joseph Vista','40','Port Maria',370487,'Other','slyons@example.net'),(22013,'Selena','Corey','Cameron','2018-01-16','457','Jackson Villages','89','Robertsfurt',218640,'Male','evan38@example.net'),(22014,'Janice','Kelly','Wright','1960-12-03','782','Richards Turnpike','68','East Jonathanland',377155,'Female','heather31@example.org'),(22015,'Mary','Elizabeth','Hill','2018-07-24','465','Wells Gateway','1','North Garrett',416782,'Male','debbie76@example.com'),(22016,'Ryan','Betty','Cobb','1969-10-12','143','Romero Villages','75','Jacobhaven',194678,'Female','joseph30@example.com'),(22017,'Thomas','Patricia','Hurley','2006-07-09','495','Jennifer Extension','97','Sullivanhaven',893739,'Female','michelle42@example.org'),(22018,'Chelsey','Bob','Hurley','1982-11-24','450','Montoya Ranch','78','East Angela',412261,'Other','zmartinez@example.net'),(22019,'Karen','Micheal','Lutz','1965-01-03','130','Elizabeth Gateway','91','East Josephtown',613048,'Female','ovazquez@example.net'),(22020,'Matthew','Christina','Hale','1970-05-24','485','Stephen Estate','90','Port Courtney',523434,'Female','omoore@example.com'),(22021,'Paul','Yolanda','Baker','2014-05-23','523','Brandon Junction','41','East Rachel',529304,'Female','jonesjames@example.org'),(22022,'Anthony','Daniel','Pope','2010-01-04','705','Johnson Skyway','13','Port Jessicaborough',205393,'Other','fernandezkevin@example.com'),(22023,'Matthew','Autumn','Rivera','1948-10-17','572','Michael Locks','59','West Jacob',223077,'Other','angela05@example.net'),(22024,'Steven','Jeremy','Leonard','1952-02-01','513','Jennifer Way','77','East Annette',960899,'Female','elozano@example.net'),(22025,'Thomas','Jeffrey','Davidson','1968-02-01','22','Roberts Cliffs','94','Hannahhaven',126695,'Female','amandarowe@example.net'),(22026,'Matthew','Brian','Smith','1989-03-02','365','James Squares','76','South Hollytown',163126,'Other','klee@example.org'),(22027,'Monica','Lori','Morris','2013-11-10','24','Eric Terrace','28','Mossport',433245,'Other','richardweeks@example.com'),(22028,'Steven','Samantha','Williams','1960-11-11','595','Keith Ranch','26','Lake Maureen',667092,'Female','heather22@example.net'),(22029,'Brian','Ashley','Park','1945-02-16','542','Christine Pine','44','South Lauren',503007,'Female','cwilliams@example.com'),(22030,'Alexandria','Calvin','Price','1997-10-18','233','Freeman Fall','1','Hallmouth',228925,'Male','berryjohnathan@example.org'),(22031,'Teresa','Austin','Murphy','1972-07-14','181','Brittany Overpass','1','Reedton',616564,'Other','mayjennifer@example.net'),(22032,'Michael','Tyler','Wilson','1961-12-31','797','Michelle Cliff','61','East Kristinatown',819427,'Male','vmorse@example.net'),(22033,'Gina','John','Thomas','1961-12-30','48','Morgan Views','43','Adamschester',116350,'Male','nathanielshields@example.com'),(22034,'Michael','Anthony','Greene','1988-06-03','606','Briana Mill','40','Alecbury',390833,'Female','shannonhurley@example.com'),(22035,'Carmen','Joe','Harris','2008-06-02','270','Shawn Plains','83','North Tammy',542130,'Female','smithallen@example.net'),(22036,'Cynthia','William','Freeman','1962-08-02','109','Williams Light','30','North Bradleyfurt',334732,'Male','staceyhuerta@example.com'),(22037,'Gary','Maria','Ryan','1984-11-07','188','Jennifer Road','84','Port Jason',193357,'Male','jatkinson@example.com'),(22038,'Timothy','James','Montgomery','1996-02-24','652','Johnathan Court','20','Watsontown',468390,'Female','nmiller@example.org'),(22039,'Julia','Daniel','Price','1994-04-18','323','Ross Camp','82','Christophershire',676426,'Other','marcusrogers@example.org'),(22040,'Peter','Jill','Bryan','2017-04-30','194','Glenn Burg','30','Richardshire',239163,'Female','castrostephen@example.com'),(22041,'Wanda','Sara','Ward','1967-06-16','402','Laura Path','42','Biancaside',675414,'Male','bowmanangela@example.com'),(22042,'Carmen','Chad','Hopkins','1983-04-18','970','Wheeler Greens','75','West Victoriaport',279400,'Male','elizabethtaylor@example.net'),(22043,'Aaron','Mark','Gutierrez','1963-04-10','843','Donna Lock','16','East Randallport',903930,'Male','malloryking@example.net'),(22044,'Jeffrey','Harold','Moreno','1977-07-23','439','Garcia Branch','55','Tylerberg',468308,'Male','pjones@example.com'),(22045,'Jeffrey','Alicia','Harvey','1958-12-07','640','Melanie Wells','60','Walkershire',107807,'Other','melaniebrooks@example.net'),(22046,'Benjamin','Mary','Harrington','1962-09-27','294','Mora Expressway','3','New Anita',838013,'Other','nicole23@example.net'),(22047,'Carolyn','Taylor','Hunt','1959-08-08','326','Hill Extensions','72','East Courtneyshire',771635,'Other','clarson@example.com'),(22048,'Anthony','Patricia','Martinez','2000-06-07','518','Allen Station','24','South Brian',800080,'Female','adamanderson@example.net'),(22049,'Samantha','Joel','Mason','1996-12-22','380','Benjamin Trail','94','Oliverview',212402,'Other','jonestammy@example.com'),(22050,'Morgan','Karen','Cruz','1985-10-03','48','Toni Fords','67','Rodriguezland',150975,'Male','maria18@example.net'),(22051,'Devin','Suzanne','Olson','1974-11-25','89','Michael Cape','85','Henrychester',193637,'Other','catherine60@example.org'),(22052,'Rodney','Steven','Graham','1952-03-10','493','James Route','18','Lake Natasha',657982,'Male','crosbykristy@example.org'),(22053,'Renee','Maureen','Norman','1997-03-11','194','Wood Views','37','West Sylvia',583134,'Other','stanley63@example.com'),(22054,'David','Thomas','Osborne','1992-04-07','505','Farmer Cove','53','Brooksburgh',801919,'Female','sandra76@example.org'),(22055,'Loretta','Justin','Watson','1952-12-05','33','Curtis Forge','84','Ronaldfort',607425,'Female','hubbardrandy@example.net'),(22056,'Harry','Brian','Merritt','1983-05-15','812','Jason Common','25','North Richard',736350,'Other','miguelharris@example.net'),(22057,'Robert','Javier','Vargas','2005-12-28','904','Gutierrez Park','100','West Penny',584041,'Other','kaitlynaguilar@example.org'),(22058,'Dawn','Timothy','Johnson','2017-04-28','638','David Lane','6','North Kimberlyport',842588,'Female','floreskathryn@example.com'),(22059,'Kari','David','Cannon','1964-09-02','52','William Vista','88','East Ethanside',469482,'Female','moorejacqueline@example.com'),(22060,'Brian','Connor','Robinson','1946-05-18','801','Gallegos Pine','21','Sawyermouth',789315,'Female','justinthomas@example.org'),(23001,'Raymond','Janet','Hale','1950-01-26','967','Amanda Pines','24','West Daniel',327282,'Male','jeffrey25@example.org'),(23002,'Megan','Chelsea','Russell','2012-09-01','690','Martin Highway','86','Jenniferstad',561214,'Other','orobinson@example.net'),(23003,'Billy','Austin','Schultz','1994-12-08','73','Alexandria Well','15','East Andrew',510186,'Other','bradleymccarthy@example.com'),(23004,'Austin','Mary','Weaver','1959-07-28','616','Barry Road','59','Port Amy',258632,'Other','qkim@example.net'),(23005,'Alan','Richard','Rojas','1977-04-01','288','Kenneth Mountain','35','New Darrenberg',978842,'Female','chapmansandra@example.com'),(23006,'Larry','Sara','Cortez','2022-01-29','571','Angela Pass','74','Paulshire',136872,'Male','lreyes@example.org'),(23007,'Joseph','William','Murphy','1991-05-21','10','Jennifer Skyway','77','Escobarstad',344171,'Female','christina94@example.org'),(23008,'Sue','Robert','Simpson','2001-03-15','627','Contreras Underpass','90','Port Holly',872631,'Male','townsendchelsea@example.com'),(23009,'Christopher','William','Serrano','1990-09-15','994','Maria Mills','32','Port Randyfort',443643,'Other','cynthiaallen@example.org'),(23010,'Jennifer','Janice','Sanchez','2022-09-18','916','Carrie Springs','88','West Thomas',497392,'Female','nalvarez@example.com'),(23011,'Dana','Lisa','Acosta','1978-03-24','243','Bishop Landing','86','Port Jared',272660,'Other','robert01@example.com'),(23012,'Melinda','Michael','Mccall','1964-04-03','833','Lawrence Loop','31','Mullinsview',126157,'Female','joshuamoran@example.net'),(23013,'Jennifer','Sarah','Gordon','1957-10-12','368','Caroline Rapids','77','East Kellychester',645869,'Other','amanda39@example.com'),(23014,'Michael','Robert','Lewis','1985-09-05','392','Megan Plains','51','Williamsshire',545079,'Female','jenniferyu@example.net'),(23015,'Kelly','Angela','Allen','2013-01-14','474','Julia Drives','51','Weaverport',537004,'Male','kenneth32@example.com'),(23016,'Jennifer','Joshua','Harris','1991-08-04','642','Galvan Falls','100','Ballport',312658,'Female','munozjohn@example.net'),(23017,'Beverly','Sean','Simmons','2000-12-03','588','Mcpherson Squares','94','West Carol',257849,'Female','natalieroman@example.net'),(23018,'Kimberly','Lisa','Oliver','2007-05-02','616','Justin Forks','38','Jamiechester',759143,'Female','qwiggins@example.net'),(23019,'Laurie','Lynn','Williams','1986-05-07','487','Cole Junction','70','Dunlaphaven',458615,'Other','christinebrooks@example.com'),(23020,'Carly','Kimberly','Hines','1987-04-25','92','Boyle Hills','90','Port Sherylberg',301984,'Female','james16@example.org'),(23021,'Kyle','Andrea','Lang','1964-12-27','764','Phillips Lake','62','West Kelly',356342,'Other','nicholasrowe@example.com'),(23022,'Teresa','Teresa','Glass','1987-09-11','832','Whitehead Crossroad','73','Lake Johnfort',458070,'Male','charris@example.net'),(23023,'Michael','Susan','Sweeney','1966-07-28','185','Cunningham Forges','71','Watsonmouth',806338,'Female','mark64@example.com'),(23024,'Mark','Rhonda','Perez','1959-12-28','921','Allen Point','81','New Traceytown',100085,'Other','veronica91@example.com'),(23025,'Emma','Tony','Murphy','1987-08-01','830','Cruz Fords','93','Port Elizabeth',698494,'Other','ylopez@example.com'),(23026,'Robert','Margaret','Perez','2003-04-30','434','Johnson Ports','98','Jefferyberg',313877,'Male','shannonweaver@example.net'),(23027,'Anthony','Joann','Huff','1948-02-24','285','Gonzalez Freeway','49','Randychester',360251,'Male','fsanford@example.org'),(23028,'Jeremy','Jennifer','Aguilar','1999-03-25','845','Flores Lodge','89','Jimenezview',237547,'Other','jeremy17@example.com'),(23029,'Harry','Patricia','Garcia','2022-11-15','951','Joshua Mountain','92','South Thomas',671695,'Other','richard24@example.net'),(23030,'Peter','Teresa','Taylor','2000-09-15','911','Martinez Meadow','63','East Angelachester',981205,'Male','hillkevin@example.com'),(23031,'April','Stephanie','Lewis','2015-02-24','384','Diana Inlet','96','Richmondbury',556900,'Female','melissawilson@example.org'),(23032,'Jeanette','Daniel','Webb','1981-01-13','34','Amber Radial','54','Brownborough',381748,'Other','daniel87@example.net'),(23033,'Alisha','George','Rice','1952-03-10','223','Stephanie Skyway','26','New Brittany',949411,'Male','john75@example.com'),(23034,'April','Mary','Nunez','1962-02-18','449','Rojas Roads','58','Robinland',447300,'Male','charleschandler@example.org'),(23035,'Alexis','Christopher','Hawkins','1984-08-21','406','Andrews Prairie','31','Stevenburgh',912771,'Male','nicholas48@example.net'),(23036,'Vanessa','Christopher','Stokes','1973-02-06','75','Eric Via','63','West Micheleview',389455,'Male','hmitchell@example.net'),(23037,'Tina','Brad','Hill','2016-05-26','599','Donald Roads','38','Taylorchester',434300,'Male','robert53@example.net'),(23038,'Jeremy','William','Johnson','1949-12-15','537','Carpenter Forges','23','Melissamouth',280757,'Other','amanda51@example.com'),(23039,'Joshua','Christian','Wolfe','1978-12-27','150','Fowler Oval','6','Ryanberg',700528,'Other','ysalas@example.org'),(23040,'Samantha','Janice','Anderson','2022-09-20','429','James Village','37','Eugenetown',178002,'Male','cmiller@example.net'),(23041,'Brianna','David','Vazquez','1965-11-02','988','Blake Bridge','53','Port Joshua',352060,'Female','brian90@example.net'),(23042,'Brandon','Curtis','Thompson','1980-12-03','873','William Cove','50','Allisonchester',404147,'Male','james66@example.net'),(23043,'Jason','Kurt','Kim','2006-10-12','654','Miller Vista','88','Melissahaven',277301,'Female','martinsharon@example.com'),(23044,'Meghan','Michael','Zamora','2009-07-31','78','Amanda Circles','72','Sarahberg',115547,'Female','connierogers@example.net'),(23045,'Jeremy','Ethan','Conner','1950-10-16','235','Felicia Locks','47','South Eddie',137676,'Male','jonesrobert@example.org'),(23046,'Carlos','Victor','Smith','1996-11-14','141','Chad Circles','42','North Deanna',955062,'Female','ydavis@example.org'),(23047,'Catherine','Jason','Jordan','1951-08-02','481','Rebecca Ville','74','West Kathleen',225291,'Female','rebeccathomas@example.net'),(23048,'Miranda','Ashley','Davis','1999-08-24','537','Moore Unions','18','North Davidmouth',810297,'Female','mannraymond@example.com'),(23049,'Ryan','Jeffrey','Cowan','1980-09-11','108','Ware Rapids','63','West William',248030,'Other','michelepitts@example.net'),(23050,'Rachel','Amy','Smith','1991-10-27','919','Emma Crossing','4','Annamouth',613294,'Female','smorton@example.com'),(23051,'Joshua','Kevin','King','2021-09-27','567','Mayo Flats','42','Henrymouth',379779,'Other','paulcarter@example.net'),(23052,'Wendy','Jeffrey','Obrien','2007-10-29','852','James Coves','75','Andrewberg',185725,'Male','ryanmurphy@example.org'),(23053,'Joseph','Carmen','Baker','1990-03-31','902','Cordova Roads','28','New Mark',649557,'Female','emilyalvarez@example.org'),(23054,'Carol','Ronald','Quinn','2011-09-04','746','Ryan Divide','20','Elizabethside',944662,'Male','nlove@example.org'),(23055,'Jay','Gabriel','Ortega','1994-04-13','955','Conway Lodge','59','West Melinda',960898,'Male','chelsea57@example.net'),(23056,'Hailey','Jessica','Parker','1964-07-21','325','Jennifer Isle','94','Cardenaston',469423,'Female','johncox@example.org'),(23057,'Caleb','Emily','Brown','1962-07-28','921','Jennifer Trail','22','Phillipsmouth',616502,'Other','graybobby@example.org'),(23058,'Ricky','Michael','Sawyer','1987-12-23','10','Wanda Skyway','51','East Amy',361442,'Male','richard15@example.net'),(23059,'Harry','Sarah','Baker','1972-12-22','252','Earl Prairie','10','Lake April',174641,'Female','anthony93@example.net'),(23060,'Deborah','Amber','Garcia','1984-02-01','802','Meyer Vista','82','New Stacy',742646,'Male','wandamoody@example.com');
/*!40000 ALTER TABLE `patient` ENABLE KEYS */;
UNLOCK TABLES;

--
-- Table structure for table `patient_allergy`
--

DROP TABLE IF EXISTS `patient_allergy`;
/*!40101 SET @saved_cs_client     = @@character_set_client */;
/*!50503 SET character_set_client = utf8mb4 */;
CREATE TABLE `patient_allergy` (
  `Patient_ID` int NOT NULL,
  `Allergy` varchar(50) NOT NULL,
  PRIMARY KEY (`Patient_ID`,`Allergy`),
  CONSTRAINT `patient_allergy_ibfk_1` FOREIGN KEY (`Patient_ID`) REFERENCES `patient` (`Patient_ID`)
) ENGINE=InnoDB DEFAULT CHARSET=utf8mb4 COLLATE=utf8mb4_0900_ai_ci;
/*!40101 SET character_set_client = @saved_cs_client */;

--
-- Dumping data for table `patient_allergy`
--

LOCK TABLES `patient_allergy` WRITE;
/*!40000 ALTER TABLE `patient_allergy` DISABLE KEYS */;
INSERT INTO `patient_allergy` VALUES (19003,'Avocado'),(19003,'Shellfish'),(19003,'Wheat'),(19004,'Banana'),(19004,'Pineapple'),(19005,'Animal dander'),(19005,'Food additives'),(19008,'Animal dander'),(19008,'Pollen'),(19009,'Milk'),(19012,'Oak'),(19013,'Mustard'),(19013,'Ragweed'),(19014,'Fish'),(19014,'Insect stings'),(19014,'Pineapple'),(19015,'Birch'),(19015,'Insect stings'),(19015,'Tomato'),(19016,'Mustard'),(19016,'Pineapple'),(19017,'Penicillin'),(19017,'Sesame seeds'),(19018,'Shellfish'),(19018,'Tomato'),(19019,'Chemotherapy drugs'),(19019,'Nonsteroidal anti-inflammatory drugs (NSAIDs)'),(19019,'Wheat'),(19020,'Melon'),(19020,'Soy'),(19021,'Antibiotics'),(19021,'Kiwi'),(19021,'Tomato'),(19024,'Citrus fruits'),(19025,'Citrus fruits'),(19025,'Pollen'),(19026,'Pollen'),(19029,'Citrus fruits'),(19029,'Nonsteroidal anti-inflammatory drugs (NSAIDs)'),(19030,'Melon'),(19033,'Penicillin'),(19033,'Pollen'),(19035,'Chocolate'),(19035,'Grass'),(19036,'Dust mites'),(19036,'Pollen'),(19036,'Strawberries'),(19037,'Eggs'),(19039,'Antibiotics'),(19039,'Cockroach droppings'),(19039,'Sulfa drugs'),(19040,'Eggs'),(19040,'Ragweed'),(19041,'Citrus fruits'),(19041,'Peanuts'),(19042,'Corn'),(19042,'Strawberries'),(19044,'Cockroach droppings'),(19045,'Bell peppers'),(19045,'Pineapple'),(19045,'Sulfa drugs'),(19046,'Grass'),(19046,'Tree nuts'),(19047,'Citrus fruits'),(19047,'Kiwi'),(19047,'Latex'),(19048,'Ragweed'),(19048,'Tree nuts'),(19050,'Antibiotics'),(19050,'Milk'),(19051,'Animal dander'),(19051,'Mold'),(19053,'Chocolate'),(19053,'Latex'),(19054,'Ragweed'),(19054,'Tree nuts'),(19055,'Eggs'),(19056,'Avocado'),(19056,'Pollen'),(19057,'Citrus fruits'),(19057,'Food additives'),(19057,'Kiwi'),(19058,'Eggs'),(19058,'Latex'),(19059,'Cockroach droppings'),(19060,'Peanuts'),(20001,'Bell peppers'),(20002,'Sulfa drugs'),(20003,'Sesame seeds'),(20003,'Shellfish'),(20004,'Banana'),(20004,'Dust mites'),(20004,'Shellfish'),(20006,'Food additives'),(20007,'Avocado'),(20007,'Corn'),(20009,'Dust mites'),(20009,'Insect stings'),(20009,'Penicillin'),(20011,'Fish'),(20011,'Kiwi'),(20011,'Soy'),(20014,'Banana'),(20014,'Pollen'),(20014,'Soy'),(20015,'Antibiotics'),(20015,'Latex'),(20015,'Peanuts'),(20016,'Sulfa drugs'),(20017,'Avocado'),(20018,'Chocolate'),(20018,'Pineapple'),(20019,'Corn'),(20019,'Penicillin'),(20020,'Corn'),(20021,'Cedar'),(20021,'Penicillin'),(20021,'Tomato'),(20022,'Animal dander'),(20022,'Cedar'),(20023,'Sesame seeds'),(20023,'Wheat'),(20024,'Soy'),(20025,'Pollen'),(20026,'Cockroach droppings'),(20026,'Dust mites'),(20026,'Mango'),(20027,'Citrus fruits'),(20027,'Pollen'),(20027,'Strawberries'),(20028,'Pineapple'),(20029,'Antibiotics'),(20030,'Citrus fruits'),(20030,'Mango'),(20030,'Wheat'),(20031,'Strawberries'),(20032,'Birch'),(20032,'Penicillin'),(20032,'Tomato'),(20034,'Birch'),(20034,'Cedar'),(20034,'Tomato'),(20036,'Penicillin'),(20036,'Sulfa drugs'),(20036,'Wheat'),(20037,'Wheat'),(20038,'Antibiotics'),(20039,'Bell peppers'),(20039,'Cockroach droppings'),(20039,'Milk'),(20040,'Animal dander'),(20042,'Latex'),(20042,'Strawberries'),(20043,'Avocado'),(20043,'Pineapple'),(20043,'Sulfa drugs'),(20044,'Cedar'),(20044,'Chemotherapy drugs'),(20044,'Wheat'),(20046,'Nonsteroidal anti-inflammatory drugs (NSAIDs)'),(20046,'Strawberries'),(20047,'Pollen'),(20049,'Food additives'),(20049,'Tomato'),(20050,'Oak'),(20050,'Strawberries'),(20051,'Insect stings'),(20051,'Wheat'),(20052,'Cockroach droppings'),(20052,'Pineapple'),(20052,'Tree nuts'),(20053,'Peanuts'),(20054,'Mango'),(20054,'Ragweed'),(20054,'Sesame seeds'),(20055,'Sesame seeds'),(20056,'Eggs'),(20057,'Shellfish'),(20057,'Sulfa drugs'),(20058,'Animal dander'),(20058,'Cedar'),(20058,'Ragweed'),(20059,'Nonsteroidal anti-inflammatory drugs (NSAIDs)'),(20059,'Tomato'),(20060,'Cedar'),(20060,'Grass'),(20060,'Peanuts'),(21001,'Birch'),(21001,'Citrus fruits'),(21001,'Sulfa drugs'),(21002,'Cockroach droppings'),(21003,'Chocolate'),(21006,'Mustard'),(21007,'Fish'),(21010,'Bell peppers'),(21010,'Latex'),(21010,'Wheat'),(21011,'Bell peppers'),(21011,'Dust mites'),(21012,'Bell peppers'),(21012,'Peanuts'),(21012,'Sulfa drugs'),(21014,'Chocolate'),(21014,'Mango'),(21015,'Cockroach droppings'),(21015,'Pollen'),(21015,'Ragweed'),(21016,'Mustard'),(21016,'Nonsteroidal anti-inflammatory drugs (NSAIDs)'),(21016,'Tomato'),(21018,'Antibiotics'),(21018,'Milk'),(21020,'Mango'),(21020,'Strawberries'),(21020,'Wheat'),(21021,'Bell peppers'),(21021,'Mustard'),(21023,'Latex'),(21023,'Nonsteroidal anti-inflammatory drugs (NSAIDs)'),(21025,'Ragweed'),(21025,'Tree nuts'),(21026,'Kiwi'),(21027,'Citrus fruits'),(21027,'Kiwi'),(21027,'Tomato'),(21028,'Insect stings'),(21028,'Kiwi'),(21028,'Pineapple'),(21029,'Food additives'),(21029,'Nonsteroidal anti-inflammatory drugs (NSAIDs)'),(21030,'Cockroach droppings'),(21031,'Sulfa drugs'),(21033,'Mustard'),(21033,'Ragweed'),(21033,'Wheat'),(21034,'Antibiotics'),(21034,'Milk'),(21035,'Grass'),(21036,'Mold'),(21036,'Pineapple'),(21036,'Strawberries'),(21038,'Latex'),(21038,'Tree nuts'),(21039,'Avocado'),(21039,'Dust mites'),(21039,'Milk'),(21040,'Avocado'),(21041,'Birch'),(21042,'Grass'),(21042,'Shellfish'),(21042,'Wheat'),(21043,'Pineapple'),(21043,'Soy'),(21043,'Tree nuts'),(21045,'Soy'),(21046,'Penicillin'),(21046,'Ragweed'),(21047,'Cedar'),(21047,'Mango'),(21048,'Grass'),(21049,'Latex'),(21049,'Mustard'),(21050,'Banana'),(21050,'Bell peppers'),(21051,'Kiwi'),(21051,'Latex'),(21051,'Pollen'),(21052,'Tomato'),(21053,'Avocado'),(21053,'Citrus fruits'),(21054,'Ragweed'),(21055,'Mango'),(21055,'Pineapple'),(21056,'Avocado'),(21056,'Pollen'),(21057,'Dust mites'),(21057,'Food additives'),(21058,'Chocolate'),(21059,'Chocolate'),(21059,'Citrus fruits'),(21059,'Penicillin'),(21060,'Animal dander'),(21060,'Fish'),(22001,'Citrus fruits'),(22003,'Chemotherapy drugs'),(22003,'Latex'),(22003,'Nonsteroidal anti-inflammatory drugs (NSAIDs)'),(22004,'Chocolate'),(22004,'Milk'),(22006,'Cockroach droppings'),(22006,'Fish'),(22007,'Dust mites'),(22008,'Birch'),(22010,'Birch'),(22010,'Cockroach droppings'),(22011,'Sulfa drugs'),(22012,'Sesame seeds'),(22013,'Birch'),(22013,'Cedar'),(22013,'Soy'),(22014,'Nonsteroidal anti-inflammatory drugs (NSAIDs)'),(22014,'Ragweed'),(22015,'Citrus fruits'),(22015,'Eggs'),(22015,'Sesame seeds'),(22016,'Mustard'),(22016,'Oak'),(22018,'Cockroach droppings'),(22018,'Ragweed'),(22023,'Bell peppers'),(22024,'Dust mites'),(22025,'Animal dander'),(22025,'Peanuts'),(22025,'Strawberries'),(22027,'Strawberries'),(22028,'Animal dander'),(22028,'Tomato'),(22030,'Shellfish'),(22032,'Mustard'),(22032,'Tomato'),(22033,'Grass'),(22035,'Chocolate'),(22035,'Melon'),(22035,'Soy'),(22036,'Mango'),(22036,'Sulfa drugs'),(22037,'Food additives'),(22037,'Strawberries'),(22038,'Cedar'),(22038,'Chemotherapy drugs'),(22039,'Bell peppers'),(22039,'Sesame seeds'),(22041,'Kiwi'),(22042,'Bell peppers'),(22042,'Melon'),(22043,'Nonsteroidal anti-inflammatory drugs (NSAIDs)'),(22043,'Penicillin'),(22045,'Corn'),(22047,'Chemotherapy drugs'),(22047,'Insect stings'),(22047,'Strawberries'),(22049,'Peanuts'),(22049,'Tree nuts'),(22052,'Melon'),(22052,'Mustard'),(22059,'Chemotherapy drugs'),(22059,'Grass'),(22060,'Shellfish'),(23002,'Mango'),(23002,'Peanuts'),(23003,'Pollen'),(23003,'Tree nuts'),(23004,'Insect stings'),(23004,'Wheat'),(23005,'Melon'),(23005,'Sesame seeds'),(23005,'Shellfish'),(23006,'Grass'),(23006,'Pineapple'),(23006,'Sesame seeds'),(23008,'Chocolate'),(23009,'Bell peppers'),(23009,'Fish'),(23010,'Strawberries'),(23013,'Chemotherapy drugs'),(23013,'Fish'),(23014,'Avocado'),(23014,'Mold'),(23017,'Cedar'),(23017,'Milk'),(23018,'Shellfish'),(23019,'Eggs'),(23019,'Fish'),(23019,'Soy'),(23020,'Peanuts'),(23020,'Pollen'),(23020,'Sulfa drugs'),(23021,'Banana'),(23021,'Birch'),(23021,'Pollen'),(23023,'Mango'),(23023,'Pineapple'),(23023,'Wheat'),(23024,'Animal dander'),(23025,'Melon'),(23025,'Nonsteroidal anti-inflammatory drugs (NSAIDs)'),(23028,'Soy'),(23030,'Animal dander'),(23030,'Eggs'),(23030,'Insect stings'),(23031,'Banana'),(23031,'Soy'),(23033,'Eggs'),(23034,'Oak'),(23034,'Sesame seeds'),(23035,'Citrus fruits'),(23035,'Mango'),(23035,'Peanuts'),(23038,'Food additives'),(23038,'Penicillin'),(23038,'Strawberries'),(23040,'Antibiotics'),(23040,'Banana'),(23040,'Penicillin'),(23041,'Chemotherapy drugs'),(23041,'Insect stings'),(23042,'Mold'),(23042,'Soy'),(23043,'Chemotherapy drugs'),(23044,'Bell peppers'),(23044,'Shellfish'),(23046,'Animal dander'),(23046,'Ragweed'),(23047,'Mustard'),(23048,'Citrus fruits'),(23048,'Peanuts'),(23049,'Insect stings'),(23049,'Mold'),(23049,'Penicillin'),(23052,'Cedar'),(23052,'Pollen'),(23052,'Shellfish'),(23054,'Mango'),(23054,'Pineapple'),(23054,'Wheat'),(23056,'Citrus fruits'),(23056,'Kiwi'),(23056,'Strawberries'),(23057,'Avocado'),(23057,'Chocolate'),(23057,'Pollen'),(23059,'Chocolate'),(23059,'Ragweed'),(23059,'Tomato'),(23060,'Avocado'),(23060,'Banana'),(23060,'Wheat');
/*!40000 ALTER TABLE `patient_allergy` ENABLE KEYS */;
UNLOCK TABLES;

--
-- Table structure for table `patient_contact`
--

DROP TABLE IF EXISTS `patient_contact`;
/*!40101 SET @saved_cs_client     = @@character_set_client */;
/*!50503 SET character_set_client = utf8mb4 */;
CREATE TABLE `patient_contact` (
  `Patient_ID` int NOT NULL,
  `Phone_Number` bigint NOT NULL,
  PRIMARY KEY (`Patient_ID`,`Phone_Number`),
  CONSTRAINT `patient_contact_ibfk_1` FOREIGN KEY (`Patient_ID`) REFERENCES `patient` (`Patient_ID`),
  CONSTRAINT `patient_contact_chk_1` CHECK (((`Phone_Number` > 999999999) and (`Phone_Number` <= 9999999999)))
) ENGINE=InnoDB DEFAULT CHARSET=utf8mb4 COLLATE=utf8mb4_0900_ai_ci;
/*!40101 SET character_set_client = @saved_cs_client */;

--
-- Dumping data for table `patient_contact`
--

LOCK TABLES `patient_contact` WRITE;
/*!40000 ALTER TABLE `patient_contact` DISABLE KEYS */;
INSERT INTO `patient_contact` VALUES (19001,7588273724),(19001,9387434382),(19002,6883275323),(19003,7208461643),(19004,7889972514),(19005,7219315993),(19006,9715245362),(19007,7412399739),(19007,7776782674),(19008,8495854752),(19009,7094483850),(19009,7205306964),(19010,6744088486),(19010,9811687424),(19011,8996733633),(19012,6346882389),(19013,8894972405),(19014,6936348434),(19014,6946930063),(19015,8363476932),(19016,8683307130),(19017,9301237103),(19018,7979675234),(19018,8059781289),(19019,7953976742),(19019,9595451830),(19020,8883966378),(19021,9749018028),(19022,6284656066),(19022,8387511750),(19023,7936055062),(19023,8399219744),(19024,7466508732),(19024,9429977725),(19025,6377965724),(19025,8263757882),(19026,6702951463),(19026,8087906655),(19027,8190089963),(19027,9889638926),(19028,6881122800),(19028,8872360175),(19029,8385511127),(19029,8457806985),(19030,6600706921),(19030,8582820336),(19031,6762451515),(19031,9113443006),(19032,8517799874),(19033,8367871168),(19034,9924535442),(19035,6875398445),(19035,9561459497),(19036,7343664055),(19037,7608343072),(19038,6489731969),(19038,9829446224),(19039,7550845450),(19039,9483178310),(19040,8049943938),(19041,8419869442),(19041,9018142498),(19042,6798800914),(19042,9871660079),(19043,6147534036),(19043,7957637163),(19044,7024891490),(19044,7427203558),(19045,6763522484),(19045,9116034599),(19046,7573709663),(19047,6649933616),(19048,6894745583),(19049,6598763576),(19049,8548387510),(19050,6755760852),(19051,7707365508),(19052,6660370186),(19052,8905832894),(19053,6062654481),(19053,6631069408),(19054,7679518480),(19054,8896608988),(19055,9774863278),(19056,6603582340),(19056,7086987878),(19057,7770171160),(19057,8026849946),(19058,7727607728),(19058,9758038396),(19059,6778409103),(19059,8482704198),(19060,8654027894),(20001,7107347469),(20001,9415632083),(20002,6661462167),(20002,7515162539),(20003,7217255258),(20004,9381396660),(20004,9408270604),(20005,9957828704),(20006,6028630403),(20006,8081967204),(20007,7653001598),(20007,7892824910),(20008,8529034771),(20009,7182497001),(20009,9119892494),(20010,8963019833),(20011,6629752115),(20011,9623389717),(20012,8546724502),(20012,9123178910),(20013,8169172650),(20013,8279532359),(20014,6023763509),(20015,9815837535),(20016,9471095060),(20017,7110612957),(20017,7357244303),(20018,8234923549),(20018,9014267732),(20019,6526277754),(20019,8119585316),(20020,8135497764),(20020,9070473580),(20021,8424985365),(20021,9595436226),(20022,6832958912),(20023,7370312071),(20024,7683631531),(20025,6007489221),(20025,7353919828),(20026,7513691663),(20027,6792236342),(20027,7264519052),(20028,6141994283),(20029,7532667152),(20030,8084791634),(20031,7801835918),(20032,7074421364),(20032,9373576128),(20033,6839555262),(20033,7878749829),(20034,6532252507),(20034,8106210926),(20035,8228065531),(20035,9698047997),(20036,8577605742),(20037,6406639950),(20038,8307547449),(20038,9724757511),(20039,7633379088),(20040,7685184065),(20041,9431556300),(20042,6634996966),(20042,7623855131),(20043,9186494700),(20044,6888400714),(20045,6110251570),(20045,9757475477),(20046,7281070609),(20046,8512205488),(20047,6301581438),(20047,9124891766),(20048,8721799199),(20049,8868967427),(20049,9022581295),(20050,7432183414),(20050,9393743742),(20051,7656889880),(20051,8300707285),(20052,8564724097),(20052,9000378022),(20053,9288659821),(20053,9992686170),(20054,6503785463),(20055,7908800813),(20056,6322947910),(20056,9894292068),(20057,7825142710),(20057,7832138919),(20058,9435407946),(20059,7227362086),(20059,7291500669),(20060,7808804921),(20060,7945638132),(21001,7552353725),(21001,7643991941),(21002,6413938820),(21002,8981360966),(21003,6046902035),(21003,8343219154),(21004,8142903586),(21005,6334915721),(21005,6801783349),(21006,6109206410),(21006,8279363511),(21007,9126284396),(21008,7497961399),(21008,9253723857),(21009,6159168104),(21009,7168977057),(21010,9042551423),(21011,6001891558),(21012,9187767747),(21013,6703919620),(21013,7798087613),(21014,7399894025),(21014,8298085280),(21015,6692335483),(21015,7193523796),(21016,7908968882),(21017,6291277450),(21018,7421017155),(21018,8491735538),(21019,8581768163),(21019,9248285405),(21020,6545985972),(21020,9121737907),(21021,9955264269),(21022,9121928817),(21023,9608846486),(21023,9758746527),(21024,8606629816),(21024,9409789371),(21025,8208434589),(21026,6024860600),(21027,6259339927),(21027,7303446854),(21028,8393853478),(21028,8719347632),(21029,7536694905),(21029,9333291127),(21030,9157618531),(21030,9790455734),(21031,6019962017),(21032,8621791880),(21033,7725055131),(21034,6005644047),(21035,6159608825),(21035,9883070732),(21036,7226555201),(21036,8404036378),(21037,7421622193),(21038,7967481582),(21038,8671304063),(21039,7887453871),(21039,8444241434),(21040,9419591817),(21041,8370065517),(21041,8960990664),(21042,9424178143),(21043,7841381358),(21043,8318999896),(21044,6843367833),(21044,8487329296),(21045,9405896003),(21046,6802470554),(21047,9356539697),(21048,6438554611),(21049,8723671654),(21050,6851997805),(21051,8155303823),(21052,9222560017),(21053,8226680663),(21053,8827325633),(21054,7802609496),(21054,7937512275),(21055,8539715321),(21056,7397277624),(21056,8921904507),(21057,7245453859),(21057,7271981411),(21058,7288744187),(21059,7827923746),(21060,7955910239),(21060,9030095929),(22001,6817164616),(22001,9450197354),(22002,8286970489),(22002,9247394045),(22003,8508972588),(22004,6900519721),(22005,7087272337),(22006,6317308833),(22007,8794397856),(22008,8608474456),(22008,8677328492),(22009,7116612539),(22009,9538796974),(22010,7360346472),(22010,8504675019),(22011,7329597164),(22012,8219242976),(22013,6476602049),(22014,9504870150),(22015,7461975114),(22016,6165557516),(22016,7350302474),(22017,7798807379),(22017,9236142141),(22018,6775339708),(22018,9758564658),(22019,6804524214),(22019,9969626426),(22020,6186928992),(22021,9563533357),(22022,8612601889),(22023,7147770062),(22023,9237442842),(22024,8842027890),(22024,9771187475),(22025,6500581732),(22026,9493248121),(22027,7006311171),(22028,6121428396),(22028,9403168720),(22029,6053043261),(22029,9844149671),(22030,8371472921),(22031,7094707790),(22031,7536351856),(22032,6302193220),(22032,7611047417),(22033,6005598948),(22033,7628884183),(22034,6491287035),(22034,8872093371),(22035,6881851454),(22035,8411356724),(22036,6702461208),(22037,6635131506),(22037,7097792721),(22038,6128326309),(22039,9097843554),(22040,9450424300),(22041,6022746132),(22041,9619874929),(22042,9187070840),(22042,9551839770),(22043,6868405624),(22043,7351707233),(22044,7376653917),(22044,9098723125),(22045,7212402324),(22045,7513349779),(22046,9330736938),(22047,6591035055),(22047,8784494762),(22048,8258993069),(22049,8525275623),(22050,6520380213),(22050,9312069445),(22051,7857701689),(22051,8932919219),(22052,9450348992),(22053,8876450872),(22054,6299176813),(22054,7118134139),(22055,7923555401),(22055,9866218995),(22056,7144507286),(22057,6522369406),(22057,9948748838),(22058,7831181299),(22058,8291592719),(22059,9721173024),(22060,8345968129),(23001,9347917443),(23002,6155725570),(23002,9408836582),(23003,6591796661),(23003,9861037437),(23004,6486095120),(23004,7584896820),(23005,6129521205),(23006,6544893046),(23007,8552610007),(23008,8446206841),(23009,7414095207),(23010,8354065659),(23010,9933998474),(23011,6142007599),(23012,6146447889),(23012,9238763316),(23013,6519355365),(23014,9660699520),(23015,6259322318),(23015,8671037466),(23016,9043994718),(23017,8693298367),(23018,9306305066),(23019,8099053255),(23020,6735271645),(23021,7599280475),(23021,9793809303),(23022,6214368253),(23023,8052600388),(23023,9447002865),(23024,6319349667),(23025,6135641978),(23025,9242218503),(23026,8007905213),(23026,9044605767),(23027,9501769813),(23028,6998198794),(23028,8326053660),(23029,6481058226),(23030,6183409882),(23031,6092015439),(23031,9631735602),(23032,9524801825),(23033,6087691563),(23033,8988671566),(23034,7891137144),(23035,9169700212),(23036,8805827962),(23037,8286296513),(23037,9788078723),(23038,7259694470),(23039,6779017466),(23039,8162350953),(23040,7368245327),(23041,8264582752),(23041,9254463135),(23042,8918741592),(23043,8124042017),(23044,6506955625),(23044,8067200313),(23045,7286765770),(23045,8209918174),(23046,6972634407),(23046,8751329534),(23047,8967671384),(23047,9135733111),(23048,6875374756),(23048,8969915063),(23049,6671796943),(23049,8857036038),(23050,8529114244),(23051,6059183363),(23051,9621985318),(23052,9210182347),(23052,9504458724),(23053,8744373525),(23054,8732290044),(23055,6865617775),(23056,7243270338),(23057,7679960982),(23058,6054776774),(23059,6388761756),(23060,6810021512);
/*!40000 ALTER TABLE `patient_contact` ENABLE KEYS */;
UNLOCK TABLES;

--
-- Table structure for table `prescribed_to`
--

DROP TABLE IF EXISTS `prescribed_to`;
/*!40101 SET @saved_cs_client     = @@character_set_client */;
/*!50503 SET character_set_client = utf8mb4 */;
CREATE TABLE `prescribed_to` (
  `Prescription_ID` varchar(20) NOT NULL,
  `Patient_ID` int DEFAULT NULL,
  PRIMARY KEY (`Prescription_ID`),
  KEY `Patient_ID` (`Patient_ID`),
  CONSTRAINT `prescribed_to_ibfk_1` FOREIGN KEY (`Prescription_ID`) REFERENCES `prescription` (`Prescription_ID`),
  CONSTRAINT `prescribed_to_ibfk_2` FOREIGN KEY (`Patient_ID`) REFERENCES `patient` (`Patient_ID`)
) ENGINE=InnoDB DEFAULT CHARSET=utf8mb4 COLLATE=utf8mb4_0900_ai_ci;
/*!40101 SET character_set_client = @saved_cs_client */;

--
-- Dumping data for table `prescribed_to`
--

LOCK TABLES `prescribed_to` WRITE;
/*!40000 ALTER TABLE `prescribed_to` DISABLE KEYS */;
INSERT INTO `prescribed_to` VALUES ('P0408',19001),('P0466',19001),('P0206',19004),('P0009',19006),('P0207',19007),('P0221',19009),('P0302',19009),('P0499',19009),('P0344',19010),('P0005',19011),('P0036',19012),('P0052',19012),('P0013',19013),('P0340',19013),('P0138',19014),('P0310',19014),('P0394',19014),('P0078',19015),('P0132',19016),('P0418',19016),('P0293',19017),('P0462',19018),('P0425',19019),('P0426',19019),('P0069',19022),('P0230',19022),('P0015',19023),('P0191',19024),('P0403',19024),('P0438',19024),('P0120',19025),('P0167',19025),('P0189',19025),('P0389',19026),('P0004',19027),('P0075',19027),('P0198',19027),('P0047',19030),('P0272',19030),('P0386',19030),('P0150',19031),('P0213',19031),('P0326',19031),('P0443',19031),('P0091',19032),('P0166',19033),('P0396',19033),('P0003',19034),('P0045',19034),('P0300',19034),('P0246',19035),('P0334',19035),('P0485',19035),('P0209',19036),('P0388',19036),('P0490',19036),('P0117',19038),('P0254',19038),('P0020',19039),('P0028',19040),('P0172',19040),('P0099',19041),('P0243',19042),('P0351',19042),('P0196',19043),('P0197',19043),('P0379',19043),('P0094',19044),('P0439',19044),('P0335',19045),('P0436',19046),('P0058',19048),('P0337',19048),('P0137',19049),('P0190',19050),('P0062',19051),('P0308',19051),('P0404',19052),('P0041',19053),('P0323',19053),('P0393',19053),('P0424',19054),('P0007',19055),('P0346',19056),('P0188',19057),('P0320',19059),('P0489',19059),('P0023',19060),('P0170',19060),('P0048',20001),('P0068',20002),('P0156',20002),('P0435',20002),('P0051',20003),('P0165',20003),('P0488',20004),('P0129',20005),('P0299',20005),('P0192',20006),('P0259',20006),('P0492',20006),('P0109',20008),('P0079',20009),('P0185',20010),('P0269',20010),('P0280',20010),('P0412',20010),('P0029',20012),('P0392',20012),('P0116',20013),('P0357',20013),('P0487',20013),('P0122',20014),('P0480',20014),('P0174',20015),('P0303',20015),('P0405',20015),('P0476',20015),('P0262',20016),('P0409',20016),('P0461',20016),('P0273',20017),('P0158',20018),('P0253',20019),('P0431',20019),('P0125',20020),('P0043',20021),('P0179',20021),('P0321',20021),('P0339',20021),('P0193',20022),('P0465',20022),('P0241',20023),('P0381',20023),('P0457',20023),('P0455',20024),('P0496',20024),('P0019',20025),('P0182',20026),('P0433',20026),('P0460',20026),('P0039',20028),('P0391',20028),('P0373',20029),('P0319',20030),('P0081',20031),('P0031',20032),('P0053',20032),('P0085',20032),('P0216',20033),('P0297',20033),('P0307',20033),('P0181',20034),('P0258',20034),('P0347',20034),('P0063',20035),('P0263',20035),('P0341',20035),('P0071',20036),('P0204',20036),('P0372',20036),('P0470',20037),('P0224',20038),('P0239',20038),('P0419',20038),('P0061',20039),('P0093',20039),('P0359',20039),('P0444',20041),('P0083',20043),('P0173',20043),('P0275',20043),('P0369',20044),('P0420',20044),('P0459',20045),('P0038',20046),('P0162',20046),('P0144',20049),('P0291',20049),('P0220',20050),('P0342',20050),('P0175',20051),('P0235',20051),('P0378',20051),('P0247',20052),('P0322',20055),('P0360',20055),('P0126',20057),('P0274',20057),('P0358',20057),('P0458',20057),('P0059',20058),('P0298',20058),('P0493',20058),('P0364',20059),('P0387',20059),('P0306',20060),('P0411',20060),('P0350',21001),('P0270',21002),('P0414',21003),('P0336',21006),('P0155',21007),('P0157',21007),('P0238',21008),('P0494',21009),('P0159',21010),('P0229',21010),('P0074',21011),('P0267',21011),('P0072',21014),('P0248',21014),('P0448',21014),('P0056',21015),('P0314',21017),('P0199',21018),('P0315',21018),('P0289',21020),('P0421',21020),('P0449',21021),('P0452',21022),('P0367',21024),('P0010',21026),('P0124',21026),('P0423',21027),('P0479',21027),('P0049',21028),('P0225',21028),('P0400',21028),('P0104',21029),('P0011',21030),('P0100',21030),('P0141',21030),('P0429',21030),('P0430',21030),('P0208',21031),('P0495',21031),('P0153',21032),('P0456',21032),('P0472',21032),('P0121',21033),('P0217',21033),('P0108',21034),('P0123',21034),('P0160',21034),('P0330',21034),('P0469',21034),('P0082',21035),('P0133',21035),('P0370',21035),('P0432',21035),('P0218',21036),('P0021',21038),('P0026',21038),('P0030',21038),('P0343',21039),('P0201',21040),('P0237',21040),('P0113',21041),('P0244',21041),('P0353',21042),('P0316',21043),('P0249',21044),('P0227',21045),('P0265',21045),('P0331',21048),('P0355',21049),('P0384',21049),('P0406',21050),('P0416',21050),('P0215',21051),('P0377',21051),('P0402',21051),('P0112',21052),('P0328',21052),('P0363',21053),('P0437',21053),('P0131',21054),('P0361',21054),('P0292',21055),('P0473',21055),('P0128',21056),('P0178',21057),('P0090',21058),('P0194',21058),('P0445',21058),('P0463',21058),('P0127',21059),('P0468',21059),('P0001',21060),('P0101',21060),('P0279',21060),('P0427',21060),('P0362',22001),('P0177',22002),('P0281',22003),('P0413',22003),('P0417',22003),('P0478',22003),('P0143',22006),('P0169',22006),('P0219',22006),('P0325',22006),('P0380',22006),('P0240',22007),('P0251',22007),('P0407',22007),('P0252',22008),('P0398',22008),('P0077',22009),('P0226',22010),('P0271',22010),('P0168',22011),('P0260',22011),('P0073',22012),('P0214',22012),('P0349',22012),('P0006',22013),('P0106',22013),('P0203',22013),('P0442',22013),('P0475',22013),('P0161',22014),('P0497',22014),('P0152',22015),('P0284',22015),('P0017',22016),('P0066',22016),('P0176',22016),('P0428',22016),('P0088',22017),('P0250',22017),('P0483',22017),('P0016',22018),('P0033',22018),('P0434',22018),('P0135',22019),('P0312',22019),('P0067',22020),('P0184',22020),('P0356',22021),('P0012',22022),('P0288',22025),('P0305',22025),('P0327',22025),('P0440',22026),('P0441',22026),('P0060',22027),('P0092',22027),('P0210',22027),('P0471',22027),('P0352',22028),('P0304',22029),('P0102',22030),('P0200',22030),('P0245',22030),('P0255',22030),('P0119',22033),('P0222',22034),('P0296',22034),('P0118',22035),('P0205',22035),('P0332',22035),('P0268',22036),('P0486',22036),('P0491',22036),('P0145',22038),('P0187',22040),('P0084',22041),('P0151',22041),('P0354',22041),('P0232',22042),('P0242',22042),('P0040',22043),('P0095',22043),('P0089',22044),('P0401',22045),('P0467',22045),('P0148',22047),('P0164',22047),('P0395',22047),('P0111',22048),('P0233',22048),('P0070',22049),('P0114',22049),('P0136',22049),('P0163',22049),('P0146',22050),('P0014',22051),('P0103',22051),('P0285',22051),('P0446',22051),('P0044',22052),('P0481',22053),('P0301',22054),('P0097',22055),('P0451',22055),('P0498',22055),('P0025',22057),('P0317',22057),('P0211',22058),('P0374',22058),('P0055',22059),('P0110',22059),('P0410',22059),('P0236',22060),('P0500',23001),('P0107',23002),('P0098',23003),('P0195',23004),('P0383',23004),('P0313',23005),('P0318',23005),('P0450',23006),('P0022',23007),('P0257',23007),('P0046',23009),('P0277',23009),('P0278',23009),('P0282',23009),('P0295',23009),('P0397',23009),('P0422',23009),('P0018',23010),('P0115',23010),('P0261',23010),('P0371',23010),('P0140',23011),('P0345',23011),('P0008',23012),('P0149',23012),('P0415',23012),('P0034',23015),('P0464',23015),('P0142',23016),('P0484',23016),('P0290',23017),('P0064',23018),('P0454',23018),('P0050',23019),('P0276',23019),('P0283',23019),('P0338',23019),('P0366',23019),('P0482',23019),('P0024',23020),('P0186',23021),('P0264',23021),('P0333',23022),('P0365',23022),('P0002',23024),('P0311',23025),('P0447',23027),('P0382',23028),('P0086',23030),('P0324',23031),('P0287',23032),('P0348',23032),('P0035',23034),('P0037',23035),('P0139',23035),('P0228',23035),('P0477',23036),('P0042',23037),('P0080',23038),('P0390',23039),('P0147',23040),('P0183',23040),('P0065',23041),('P0329',23041),('P0202',23042),('P0385',23042),('P0027',23044),('P0266',23045),('P0286',23045),('P0057',23046),('P0368',23046),('P0453',23046),('P0154',23048),('P0376',23048),('P0171',23049),('P0294',23049),('P0375',23049),('P0399',23050),('P0474',23050),('P0087',23051),('P0130',23052),('P0076',23053),('P0231',23053),('P0032',23054),('P0105',23055),('P0054',23056),('P0223',23056),('P0134',23057),('P0309',23057),('P0096',23058),('P0256',23058),('P0180',23059),('P0212',23060),('P0234',23060);
/*!40000 ALTER TABLE `prescribed_to` ENABLE KEYS */;
UNLOCK TABLES;

--
-- Table structure for table `prescribes`
--

DROP TABLE IF EXISTS `prescribes`;
/*!40101 SET @saved_cs_client     = @@character_set_client */;
/*!50503 SET character_set_client = utf8mb4 */;
CREATE TABLE `prescribes` (
  `Prescription_ID` varchar(20) NOT NULL,
  `Doctor_ID` int DEFAULT NULL,
  PRIMARY KEY (`Prescription_ID`),
  KEY `Doctor_ID` (`Doctor_ID`),
  CONSTRAINT `prescribes_ibfk_1` FOREIGN KEY (`Prescription_ID`) REFERENCES `prescription` (`Prescription_ID`),
  CONSTRAINT `prescribes_ibfk_2` FOREIGN KEY (`Doctor_ID`) REFERENCES `doctor` (`Doctor_ID`)
) ENGINE=InnoDB DEFAULT CHARSET=utf8mb4 COLLATE=utf8mb4_0900_ai_ci;
/*!40101 SET character_set_client = @saved_cs_client */;

--
-- Dumping data for table `prescribes`
--

LOCK TABLES `prescribes` WRITE;
/*!40000 ALTER TABLE `prescribes` DISABLE KEYS */;
INSERT INTO `prescribes` VALUES ('P0017',1401),('P0029',1401),('P0044',1401),('P0045',1401),('P0049',1401),('P0051',1401),('P0072',1401),('P0078',1401),('P0088',1401),('P0119',1401),('P0140',1401),('P0173',1401),('P0181',1401),('P0195',1401),('P0202',1401),('P0215',1401),('P0221',1401),('P0227',1401),('P0231',1401),('P0233',1401),('P0255',1401),('P0261',1401),('P0265',1401),('P0268',1401),('P0311',1401),('P0314',1401),('P0323',1401),('P0325',1401),('P0348',1401),('P0351',1401),('P0352',1401),('P0358',1401),('P0364',1401),('P0369',1401),('P0372',1401),('P0378',1401),('P0400',1401),('P0401',1401),('P0410',1401),('P0418',1401),('P0424',1401),('P0437',1401),('P0445',1401),('P0454',1401),('P0468',1401),('P0476',1401),('P0483',1401),('P0484',1401),('P0493',1401),('P0497',1401),('P0011',1402),('P0016',1402),('P0019',1402),('P0025',1402),('P0047',1402),('P0057',1402),('P0081',1402),('P0086',1402),('P0099',1402),('P0104',1402),('P0113',1402),('P0128',1402),('P0130',1402),('P0132',1402),('P0145',1402),('P0147',1402),('P0163',1402),('P0164',1402),('P0175',1402),('P0180',1402),('P0188',1402),('P0189',1402),('P0193',1402),('P0197',1402),('P0203',1402),('P0208',1402),('P0211',1402),('P0229',1402),('P0239',1402),('P0248',1402),('P0254',1402),('P0260',1402),('P0275',1402),('P0282',1402),('P0287',1402),('P0290',1402),('P0297',1402),('P0312',1402),('P0329',1402),('P0343',1402),('P0360',1402),('P0361',1402),('P0368',1402),('P0375',1402),('P0376',1402),('P0384',1402),('P0389',1402),('P0423',1402),('P0428',1402),('P0429',1402),('P0431',1402),('P0441',1402),('P0442',1402),('P0443',1402),('P0461',1402),('P0467',1402),('P0471',1402),('P0479',1402),('P0491',1402),('P0002',1403),('P0007',1403),('P0027',1403),('P0033',1403),('P0040',1403),('P0052',1403),('P0062',1403),('P0076',1403),('P0090',1403),('P0106',1403),('P0115',1403),('P0117',1403),('P0133',1403),('P0139',1403),('P0148',1403),('P0155',1403),('P0156',1403),('P0168',1403),('P0170',1403),('P0171',1403),('P0177',1403),('P0178',1403),('P0185',1403),('P0207',1403),('P0219',1403),('P0228',1403),('P0238',1403),('P0246',1403),('P0258',1403),('P0263',1403),('P0264',1403),('P0270',1403),('P0272',1403),('P0313',1403),('P0331',1403),('P0337',1403),('P0346',1403),('P0350',1403),('P0367',1403),('P0373',1403),('P0388',1403),('P0394',1403),('P0404',1403),('P0407',1403),('P0413',1403),('P0416',1403),('P0421',1403),('P0422',1403),('P0440',1403),('P0451',1403),('P0459',1403),('P0462',1403),('P0474',1403),('P0481',1403),('P0485',1403),('P0498',1403),('P0048',1501),('P0063',1501),('P0065',1501),('P0074',1501),('P0091',1501),('P0093',1501),('P0096',1501),('P0107',1501),('P0112',1501),('P0120',1501),('P0127',1501),('P0135',1501),('P0150',1501),('P0167',1501),('P0174',1501),('P0190',1501),('P0194',1501),('P0198',1501),('P0199',1501),('P0213',1501),('P0236',1501),('P0237',1501),('P0242',1501),('P0249',1501),('P0253',1501),('P0262',1501),('P0284',1501),('P0301',1501),('P0318',1501),('P0336',1501),('P0340',1501),('P0353',1501),('P0356',1501),('P0362',1501),('P0377',1501),('P0380',1501),('P0381',1501),('P0382',1501),('P0385',1501),('P0386',1501),('P0409',1501),('P0417',1501),('P0456',1501),('P0457',1501),('P0473',1501),('P0487',1501),('P0488',1501),('P0490',1501),('P0006',1502),('P0037',1502),('P0053',1502),('P0054',1502),('P0060',1502),('P0075',1502),('P0089',1502),('P0097',1502),('P0100',1502),('P0105',1502),('P0125',1502),('P0126',1502),('P0129',1502),('P0131',1502),('P0136',1502),('P0153',1502),('P0157',1502),('P0165',1502),('P0172',1502),('P0214',1502),('P0218',1502),('P0257',1502),('P0266',1502),('P0267',1502),('P0277',1502),('P0286',1502),('P0295',1502),('P0309',1502),('P0321',1502),('P0334',1502),('P0341',1502),('P0359',1502),('P0383',1502),('P0392',1502),('P0399',1502),('P0412',1502),('P0425',1502),('P0436',1502),('P0447',1502),('P0455',1502),('P0458',1502),('P0475',1502),('P0478',1502),('P0486',1502),('P0500',1502),('P0005',1503),('P0024',1503),('P0038',1503),('P0059',1503),('P0061',1503),('P0066',1503),('P0077',1503),('P0080',1503),('P0095',1503),('P0103',1503),('P0110',1503),('P0142',1503),('P0144',1503),('P0146',1503),('P0151',1503),('P0154',1503),('P0192',1503),('P0201',1503),('P0205',1503),('P0217',1503),('P0224',1503),('P0232',1503),('P0234',1503),('P0240',1503),('P0247',1503),('P0256',1503),('P0276',1503),('P0281',1503),('P0283',1503),('P0288',1503),('P0291',1503),('P0293',1503),('P0303',1503),('P0317',1503),('P0319',1503),('P0320',1503),('P0322',1503),('P0330',1503),('P0333',1503),('P0335',1503),('P0338',1503),('P0342',1503),('P0365',1503),('P0370',1503),('P0379',1503),('P0391',1503),('P0402',1503),('P0408',1503),('P0433',1503),('P0439',1503),('P0444',1503),('P0448',1503),('P0453',1503),('P0470',1503),('P0477',1503),('P0480',1503),('P0482',1503),('P0489',1503),('P0496',1503),('P0003',1601),('P0008',1601),('P0013',1601),('P0020',1601),('P0022',1601),('P0032',1601),('P0034',1601),('P0043',1601),('P0067',1601),('P0073',1601),('P0085',1601),('P0094',1601),('P0108',1601),('P0122',1601),('P0134',1601),('P0137',1601),('P0141',1601),('P0152',1601),('P0161',1601),('P0186',1601),('P0222',1601),('P0226',1601),('P0273',1601),('P0274',1601),('P0278',1601),('P0279',1601),('P0285',1601),('P0300',1601),('P0305',1601),('P0306',1601),('P0324',1601),('P0332',1601),('P0339',1601),('P0354',1601),('P0355',1601),('P0357',1601),('P0366',1601),('P0393',1601),('P0403',1601),('P0414',1601),('P0415',1601),('P0419',1601),('P0426',1601),('P0427',1601),('P0438',1601),('P0450',1601),('P0460',1601),('P0464',1601),('P0494',1601),('P0495',1601),('P0001',1602),('P0010',1602),('P0015',1602),('P0031',1602),('P0050',1602),('P0058',1602),('P0064',1602),('P0068',1602),('P0069',1602),('P0101',1602),('P0111',1602),('P0124',1602),('P0138',1602),('P0143',1602),('P0162',1602),('P0169',1602),('P0176',1602),('P0183',1602),('P0191',1602),('P0196',1602),('P0200',1602),('P0209',1602),('P0210',1602),('P0220',1602),('P0223',1602),('P0225',1602),('P0230',1602),('P0244',1602),('P0245',1602),('P0250',1602),('P0251',1602),('P0259',1602),('P0289',1602),('P0296',1602),('P0299',1602),('P0302',1602),('P0304',1602),('P0328',1602),('P0344',1602),('P0347',1602),('P0374',1602),('P0387',1602),('P0390',1602),('P0398',1602),('P0411',1602),('P0420',1602),('P0435',1602),('P0446',1602),('P0469',1602),('P0499',1602),('P0014',1701),('P0023',1701),('P0026',1701),('P0028',1701),('P0041',1701),('P0042',1701),('P0055',1701),('P0070',1701),('P0083',1701),('P0084',1701),('P0087',1701),('P0092',1701),('P0098',1701),('P0102',1701),('P0109',1701),('P0114',1701),('P0116',1701),('P0118',1701),('P0121',1701),('P0158',1701),('P0160',1701),('P0166',1701),('P0184',1701),('P0187',1701),('P0204',1701),('P0206',1701),('P0235',1701),('P0252',1701),('P0271',1701),('P0280',1701),('P0292',1701),('P0294',1701),('P0298',1701),('P0307',1701),('P0310',1701),('P0315',1701),('P0316',1701),('P0326',1701),('P0327',1701),('P0349',1701),('P0363',1701),('P0395',1701),('P0397',1701),('P0405',1701),('P0430',1701),('P0432',1701),('P0434',1701),('P0452',1701),('P0463',1701),('P0466',1701),('P0492',1701),('P0004',1702),('P0009',1702),('P0012',1702),('P0018',1702),('P0021',1702),('P0030',1702),('P0035',1702),('P0036',1702),('P0039',1702),('P0046',1702),('P0056',1702),('P0071',1702),('P0079',1702),('P0082',1702),('P0123',1702),('P0149',1702),('P0159',1702),('P0179',1702),('P0182',1702),('P0212',1702),('P0216',1702),('P0241',1702),('P0243',1702),('P0269',1702),('P0308',1702),('P0345',1702),('P0371',1702),('P0396',1702),('P0406',1702),('P0449',1702),('P0465',1702),('P0472',1702);
/*!40000 ALTER TABLE `prescribes` ENABLE KEYS */;
UNLOCK TABLES;

--
-- Table structure for table `prescription`
--

DROP TABLE IF EXISTS `prescription`;
/*!40101 SET @saved_cs_client     = @@character_set_client */;
/*!50503 SET character_set_client = utf8mb4 */;
CREATE TABLE `prescription` (
  `Prescription_ID` varchar(20) NOT NULL,
  `Patient_ID` int DEFAULT NULL,
  `Date` date DEFAULT NULL,
  `Diagnosis` varchar(60) DEFAULT NULL,
  `reason` varchar(255) DEFAULT NULL,
  `Remarks` varchar(255) DEFAULT NULL,
  PRIMARY KEY (`Prescription_ID`)
) ENGINE=InnoDB DEFAULT CHARSET=utf8mb4 COLLATE=utf8mb4_0900_ai_ci;
/*!40101 SET character_set_client = @saved_cs_client */;

--
-- Dumping data for table `prescription`
--

LOCK TABLES `prescription` WRITE;
/*!40000 ALTER TABLE `prescription` DISABLE KEYS */;
INSERT INTO `prescription` VALUES ('P0001',21060,'2023-11-01','Fever','ijfg','<script>alert(\"The website is hacked!\");</script>'),('P0002',23024,'2023-11-01','Hepatitis',NULL,NULL),('P0003',19034,'2023-11-01','Flu',NULL,NULL),('P0004',19027,'2023-11-01','Chronic kidney disease',NULL,NULL),('P0005',19011,'2023-11-01','Sprained ankle',NULL,NULL),('P0006',22013,'2023-11-01','Sinus infection',NULL,NULL),('P0007',19055,'2023-11-01','Pneumonia',NULL,NULL),('P0008',23012,'2023-11-02','Osteoarthritis',NULL,NULL),('P0009',19006,'2023-11-02','Osteoarthritis',NULL,NULL),('P0010',21026,'2023-11-02','Dengue fever',NULL,NULL),('P0011',21030,'2023-11-02','Dehydration',NULL,NULL),('P0012',22022,'2023-11-02','Post-traumatic stress disorder (PTSD)',NULL,NULL),('P0013',19013,'2023-11-02','Obsessive-compulsive disorder (OCD)',NULL,NULL),('P0014',22051,'2023-11-03','Malaria',NULL,NULL),('P0015',19023,'2023-11-03','Diabetes mellitus',NULL,NULL),('P0016',22018,'2023-11-03','Osteoarthritis',NULL,NULL),('P0017',22016,'2023-11-03','Dengue fever',NULL,NULL),('P0018',23010,'2023-11-03','Anxiety disorder',NULL,NULL),('P0019',20025,'2023-11-03','Whiplash',NULL,NULL),('P0020',19039,'2023-11-03','Dengue fever',NULL,NULL),('P0021',21038,'2023-11-03','Fractured bone',NULL,NULL),('P0022',23007,'2023-11-03','Dengue fever',NULL,NULL),('P0023',19060,'2023-11-04','Flu',NULL,NULL),('P0024',23020,'2023-11-04','Ligament tear',NULL,NULL),('P0025',22057,'2023-11-04','Allergic reaction',NULL,NULL),('P0026',21038,'2023-11-04','Sprained ankle',NULL,NULL),('P0027',23044,'2023-11-04','Food poisoning',NULL,NULL),('P0028',19040,'2023-11-04','Stomach flu',NULL,NULL),('P0029',20012,'2023-11-04','Back pain',NULL,NULL),('P0030',21038,'2023-11-04','Urinary tract infection (UTI)',NULL,NULL),('P0031',20032,'2023-11-04','Schizophrenia',NULL,NULL),('P0032',23054,'2023-11-04','Anemia',NULL,NULL),('P0033',22018,'2023-11-04','Asthma',NULL,NULL),('P0034',23015,'2023-11-04','Rheumatoid arthritis',NULL,NULL),('P0035',23034,'2023-11-04','Obsessive-compulsive disorder (OCD)',NULL,NULL),('P0036',19012,'2023-11-04','Heatstroke',NULL,NULL),('P0037',23035,'2023-11-04','Sinus infection',NULL,NULL),('P0038',20046,'2023-11-05','Obsessive-compulsive disorder (OCD)',NULL,NULL),('P0039',20028,'2023-11-05','Pneumonia',NULL,NULL),('P0040',22043,'2023-11-05','Anxiety disorder',NULL,NULL),('P0041',19053,'2023-11-05','Common cold',NULL,NULL),('P0042',23037,'2023-11-05','Asthma',NULL,NULL),('P0043',20021,'2023-11-05','Whiplash',NULL,NULL),('P0044',22052,'2023-11-05','Dehydration',NULL,NULL),('P0045',19034,'2023-11-05','Anxiety disorder',NULL,NULL),('P0046',23009,'2023-11-05','Rheumatoid arthritis',NULL,NULL),('P0047',19030,'2023-11-05','Depression',NULL,NULL),('P0048',20001,'2023-11-05','Bipolar disorder',NULL,NULL),('P0049',21028,'2023-11-05','Dehydration',NULL,NULL),('P0050',23019,'2023-11-05','Bipolar disorder',NULL,NULL),('P0051',20003,'2023-11-05','Osteoarthritis',NULL,NULL),('P0052',19012,'2023-11-06','Dehydration',NULL,NULL),('P0053',20032,'2023-11-06','Muscle strain',NULL,NULL),('P0054',23056,'2023-11-06','Zika virus',NULL,NULL),('P0055',22059,'2023-11-06','Attention deficit hyperactivity disorder (ADHD)',NULL,NULL),('P0056',21015,'2023-11-06','Back pain',NULL,NULL),('P0057',23046,'2023-11-06','Attention deficit hyperactivity disorder (ADHD)',NULL,NULL),('P0058',19048,'2023-11-06','Anemia',NULL,NULL),('P0059',20058,'2023-11-07','Attention deficit hyperactivity disorder (ADHD)',NULL,NULL),('P0060',22027,'2023-11-07','Stomach flu',NULL,NULL),('P0061',20039,'2023-11-07','Hepatitis',NULL,NULL),('P0062',19051,'2023-11-07','Post-traumatic stress disorder (PTSD)',NULL,NULL),('P0063',20035,'2023-11-07','Allergic reaction',NULL,NULL),('P0064',23018,'2023-11-07','Common cold',NULL,NULL),('P0065',23041,'2023-11-08','Post-traumatic stress disorder (PTSD)',NULL,NULL),('P0066',22016,'2023-11-08','Depression',NULL,NULL),('P0067',22020,'2023-11-08','Anemia',NULL,NULL),('P0068',20002,'2023-11-08','Allergic reaction',NULL,NULL),('P0069',19022,'2023-11-08','Ebola',NULL,NULL),('P0070',22049,'2023-11-08','Muscle strain',NULL,NULL),('P0071',20036,'2023-11-08','Whiplash',NULL,NULL),('P0072',21014,'2023-11-08','Diabetes mellitus',NULL,NULL),('P0073',22012,'2023-11-08','Malaria',NULL,NULL),('P0074',21011,'2023-11-08','Pneumonia',NULL,NULL),('P0075',19027,'2023-11-08','Hepatitis',NULL,NULL),('P0076',23053,'2023-11-08','Anxiety disorder',NULL,NULL),('P0077',22009,'2023-11-09','Anxiety disorder',NULL,NULL),('P0078',19015,'2023-11-09','Sprained ankle',NULL,NULL),('P0079',20009,'2023-11-09','Rheumatoid arthritis',NULL,NULL),('P0080',23038,'2023-11-09','Muscle strain',NULL,NULL),('P0081',20031,'2023-11-09','Pneumonia',NULL,NULL),('P0082',21035,'2023-11-09','Heatstroke',NULL,NULL),('P0083',20043,'2023-11-09','Attention deficit hyperactivity disorder (ADHD)',NULL,NULL),('P0084',22041,'2023-11-09','Ebola',NULL,NULL),('P0085',20032,'2023-11-09','Gastroesophageal reflux disease (GERD)',NULL,NULL),('P0086',23030,'2023-11-09','Common cold',NULL,NULL),('P0087',23051,'2023-11-09','Zika virus',NULL,NULL),('P0088',22017,'2023-11-09','Sinus infection',NULL,NULL),('P0089',22044,'2023-11-09','Whiplash',NULL,NULL),('P0090',21058,'2023-11-09','Sprained ankle',NULL,NULL),('P0091',19032,'2023-11-09','Bipolar disorder',NULL,NULL),('P0092',22027,'2023-11-09','Flu',NULL,NULL),('P0093',20039,'2023-11-09','Depression',NULL,NULL),('P0094',19044,'2023-11-09','Muscle strain',NULL,NULL),('P0095',22043,'2023-11-09','Chronic obstructive pulmonary disease (COPD)',NULL,NULL),('P0096',23058,'2023-11-09','Attention deficit hyperactivity disorder (ADHD)',NULL,NULL),('P0097',22055,'2023-11-10','Malaria',NULL,NULL),('P0098',23003,'2023-11-10','Rheumatoid arthritis',NULL,NULL),('P0099',19041,'2023-11-10','Schizophrenia',NULL,NULL),('P0100',21030,'2023-11-10','Bipolar disorder',NULL,NULL),('P0101',21060,'2023-11-10','Bronchitis',NULL,NULL),('P0102',22030,'2023-11-10','Dehydration',NULL,NULL),('P0103',22051,'2023-11-10','Anxiety disorder',NULL,NULL),('P0104',21029,'2023-11-10','Ligament tear',NULL,NULL),('P0105',23055,'2023-11-10','Zika virus',NULL,NULL),('P0106',22013,'2023-11-10','Anemia',NULL,NULL),('P0107',23002,'2023-11-10','Muscle strain',NULL,NULL),('P0108',21034,'2023-11-10','Chronic kidney disease',NULL,NULL),('P0109',20008,'2023-11-10','Bipolar disorder',NULL,NULL),('P0110',22059,'2023-11-10','Ligament tear',NULL,NULL),('P0111',22048,'2023-11-10','Rheumatoid arthritis',NULL,NULL),('P0112',21052,'2023-11-10','Post-traumatic stress disorder (PTSD)',NULL,NULL),('P0113',21041,'2023-11-10','Fractured bone',NULL,NULL),('P0114',22049,'2023-11-10','Allergic reaction',NULL,NULL),('P0115',23010,'2023-11-10','Hypothermia',NULL,NULL),('P0116',20013,'2023-11-10','Attention deficit hyperactivity disorder (ADHD)',NULL,NULL),('P0117',19038,'2023-11-11','Anxiety disorder',NULL,NULL),('P0118',22035,'2023-11-11','Schizophrenia',NULL,NULL),('P0119',22033,'2023-11-11','Whiplash',NULL,NULL),('P0120',19025,'2023-11-11','Sinus infection',NULL,NULL),('P0121',21033,'2023-11-11','Bipolar disorder',NULL,NULL),('P0122',20014,'2023-11-11','Hepatitis',NULL,NULL),('P0123',21034,'2023-11-11','Sinus infection',NULL,NULL),('P0124',21026,'2023-11-12','Sprained ankle',NULL,NULL),('P0125',20020,'2023-11-12','Gastroesophageal reflux disease (GERD)',NULL,NULL),('P0126',20057,'2023-11-12','Asthma',NULL,NULL),('P0127',21059,'2023-11-12','Hypothermia',NULL,NULL),('P0128',21056,'2023-11-12','Chronic obstructive pulmonary disease (COPD)',NULL,NULL),('P0129',20005,'2023-11-12','Food poisoning',NULL,NULL),('P0130',23052,'2023-11-12','Anemia',NULL,NULL),('P0131',21054,'2023-11-12','Ligament tear',NULL,NULL),('P0132',19016,'2023-11-12','Rheumatoid arthritis',NULL,NULL),('P0133',21035,'2023-11-12','Diabetes mellitus',NULL,NULL),('P0134',23057,'2023-11-13','Food poisoning',NULL,NULL),('P0135',22019,'2023-11-13','Post-traumatic stress disorder (PTSD)',NULL,NULL),('P0136',22049,'2023-11-13','Diabetes mellitus',NULL,NULL),('P0137',19049,'2023-11-13','Anxiety disorder',NULL,NULL),('P0138',19014,'2023-11-13','Osteoarthritis',NULL,NULL),('P0139',23035,'2023-11-13','Stomach flu',NULL,NULL),('P0140',23011,'2023-11-13','Depression',NULL,NULL),('P0141',21030,'2023-11-13','Bronchitis',NULL,NULL),('P0142',23016,'2023-11-13','Dengue fever',NULL,NULL),('P0143',22006,'2023-11-13','Anxiety disorder',NULL,NULL),('P0144',20049,'2023-11-13','Anemia',NULL,NULL),('P0145',22038,'2023-11-13','Hypertension (high blood pressure)',NULL,NULL),('P0146',22050,'2023-11-13','Diabetes mellitus',NULL,NULL),('P0147',23040,'2023-11-13','Hypothermia',NULL,NULL),('P0148',22047,'2023-11-13','Rheumatoid arthritis',NULL,NULL),('P0149',23012,'2023-11-13','Bipolar disorder',NULL,NULL),('P0150',19031,'2023-11-13','Ligament tear',NULL,NULL),('P0151',22041,'2023-11-14','Common cold',NULL,NULL),('P0152',22015,'2023-11-14','Urinary tract infection (UTI)',NULL,NULL),('P0153',21032,'2023-11-14','Whiplash',NULL,NULL),('P0154',23048,'2023-11-14','Dehydration',NULL,NULL),('P0155',21007,'2023-11-14','Urinary tract infection (UTI)',NULL,NULL),('P0156',20002,'2023-11-14','Sinus infection',NULL,NULL),('P0157',21007,'2023-11-14','Chronic kidney disease',NULL,NULL),('P0158',20018,'2023-11-14','Ligament tear',NULL,NULL),('P0159',21010,'2023-11-14','Rheumatoid arthritis',NULL,NULL),('P0160',21034,'2023-11-15','Hepatitis',NULL,NULL),('P0161',22014,'2023-11-15','Food poisoning',NULL,NULL),('P0162',20046,'2023-11-15','Flu',NULL,NULL),('P0163',22049,'2023-11-15','Dengue fever',NULL,NULL),('P0164',22047,'2023-11-15','Zika virus',NULL,NULL),('P0165',20003,'2023-11-15','Flu',NULL,NULL),('P0166',19033,'2023-11-15','Obsessive-compulsive disorder (OCD)',NULL,NULL),('P0167',19025,'2023-11-15','Chronic obstructive pulmonary disease (COPD)',NULL,NULL),('P0168',22011,'2023-11-15','Flu',NULL,NULL),('P0169',22006,'2023-11-15','Osteoarthritis',NULL,NULL),('P0170',19060,'2023-11-15','Osteoarthritis',NULL,NULL),('P0171',23049,'2023-11-15','Obsessive-compulsive disorder (OCD)',NULL,NULL),('P0172',19040,'2023-11-15','Heatstroke',NULL,NULL),('P0173',20043,'2023-11-15','Ebola',NULL,NULL),('P0174',20015,'2023-11-15','Hypertension (high blood pressure)',NULL,NULL),('P0175',20051,'2023-11-16','Anxiety disorder',NULL,NULL),('P0176',22016,'2023-11-16','Gastroesophageal reflux disease (GERD)',NULL,NULL),('P0177',22002,'2023-11-16','Muscle strain',NULL,NULL),('P0178',21057,'2023-11-16','Chronic kidney disease',NULL,NULL),('P0179',20021,'2023-11-16','Gastroesophageal reflux disease (GERD)',NULL,NULL),('P0180',23059,'2023-11-16','HIV/AIDS',NULL,NULL),('P0181',20034,'2023-11-16','Asthma',NULL,NULL),('P0182',20026,'2023-11-16','Muscle strain',NULL,NULL),('P0183',23040,'2023-11-16','Dehydration',NULL,NULL),('P0184',22020,'2023-11-16','Diabetes mellitus',NULL,NULL),('P0185',20010,'2023-11-16','Anemia',NULL,NULL),('P0186',23021,'2023-11-16','Anemia',NULL,NULL),('P0187',22040,'2023-11-16','Malaria',NULL,NULL),('P0188',19057,'2023-11-17','Hepatitis',NULL,NULL),('P0189',19025,'2023-11-17','Osteoarthritis',NULL,NULL),('P0190',19050,'2023-11-17','Food poisoning',NULL,NULL),('P0191',19024,'2023-11-17','Ebola',NULL,NULL),('P0192',20006,'2023-11-17','Food poisoning',NULL,NULL),('P0193',20022,'2023-11-17','Malaria',NULL,NULL),('P0194',21058,'2023-11-17','Back pain',NULL,NULL),('P0195',23004,'2023-11-18','Gastroesophageal reflux disease (GERD)',NULL,NULL),('P0196',19043,'2023-11-18','Muscle strain',NULL,NULL),('P0197',19043,'2023-11-18','Malaria',NULL,NULL),('P0198',19027,'2023-11-18','Tuberculosis (TB)',NULL,NULL),('P0199',21018,'2023-11-18','Malaria',NULL,NULL),('P0200',22030,'2023-11-18','Obsessive-compulsive disorder (OCD)',NULL,NULL),('P0201',21040,'2023-11-18','Asthma',NULL,NULL),('P0202',23042,'2023-11-18','Food poisoning',NULL,NULL),('P0203',22013,'2023-11-18','Stomach flu',NULL,NULL),('P0204',20036,'2023-11-18','Dengue fever',NULL,NULL),('P0205',22035,'2023-11-18','Common cold',NULL,NULL),('P0206',19004,'2023-11-18','Chronic kidney disease',NULL,NULL),('P0207',19007,'2023-11-18','Hypothermia',NULL,NULL),('P0208',21031,'2023-11-19','Osteoarthritis',NULL,NULL),('P0209',19036,'2023-11-19','Whiplash',NULL,NULL),('P0210',22027,'2023-11-19','Post-traumatic stress disorder (PTSD)',NULL,NULL),('P0211',22058,'2023-11-19','Schizophrenia',NULL,NULL),('P0212',23060,'2023-11-19','HIV/AIDS',NULL,NULL),('P0213',19031,'2023-11-19','Bronchitis',NULL,NULL),('P0214',22012,'2023-11-19','Hepatitis',NULL,NULL),('P0215',21051,'2023-11-19','Common cold',NULL,NULL),('P0216',20033,'2023-11-19','Muscle strain',NULL,NULL),('P0217',21033,'2023-11-19','Anemia',NULL,NULL),('P0218',21036,'2023-11-19','Chronic obstructive pulmonary disease (COPD)',NULL,NULL),('P0219',22006,'2023-11-19','Chronic obstructive pulmonary disease (COPD)',NULL,NULL),('P0220',20050,'2023-11-19','Flu',NULL,NULL),('P0221',19009,'2023-11-19','HIV/AIDS',NULL,NULL),('P0222',22034,'2023-11-19','Stomach flu',NULL,NULL),('P0223',23056,'2023-11-19','Chronic obstructive pulmonary disease (COPD)',NULL,NULL),('P0224',20038,'2023-11-20','Obsessive-compulsive disorder (OCD)',NULL,NULL),('P0225',21028,'2023-11-20','Ligament tear',NULL,NULL),('P0226',22010,'2023-11-20','Pneumonia',NULL,NULL),('P0227',21045,'2023-11-20','Asthma',NULL,NULL),('P0228',23035,'2023-11-20','Whiplash',NULL,NULL),('P0229',21010,'2023-11-20','Diabetes mellitus',NULL,NULL),('P0230',19022,'2023-11-20','Tuberculosis (TB)',NULL,NULL),('P0231',23053,'2023-11-20','Osteoarthritis',NULL,NULL),('P0232',22042,'2023-11-20','Back pain',NULL,NULL),('P0233',22048,'2023-11-20','Post-traumatic stress disorder (PTSD)',NULL,NULL),('P0234',23060,'2023-11-20','Osteoarthritis',NULL,NULL),('P0235',20051,'2023-11-21','Hypothermia',NULL,NULL),('P0236',22060,'2023-11-21','Muscle strain',NULL,NULL),('P0237',21040,'2023-11-21','Whiplash',NULL,NULL),('P0238',21008,'2023-11-21','Fractured bone',NULL,NULL),('P0239',20038,'2023-11-21','Gastroesophageal reflux disease (GERD)',NULL,NULL),('P0240',22007,'2023-11-21','Osteoarthritis',NULL,NULL),('P0241',20023,'2023-11-21','Chronic kidney disease',NULL,NULL),('P0242',22042,'2023-11-21','Chronic kidney disease',NULL,NULL),('P0243',19042,'2023-11-21','Flu',NULL,NULL),('P0244',21041,'2023-11-21','Bronchitis',NULL,NULL),('P0245',22030,'2023-11-21','Obsessive-compulsive disorder (OCD)',NULL,NULL),('P0246',19035,'2023-11-21','Post-traumatic stress disorder (PTSD)',NULL,NULL),('P0247',20052,'2023-11-21','Osteoarthritis',NULL,NULL),('P0248',21014,'2023-11-21','Rheumatoid arthritis',NULL,NULL),('P0249',21044,'2023-11-21','Attention deficit hyperactivity disorder (ADHD)',NULL,NULL),('P0250',22017,'2023-11-21','Whiplash',NULL,NULL),('P0251',22007,'2023-11-21','Obsessive-compulsive disorder (OCD)',NULL,NULL),('P0252',22008,'2023-11-22','HIV/AIDS',NULL,NULL),('P0253',20019,'2023-11-22','Muscle strain',NULL,NULL),('P0254',19038,'2023-11-22','Hypertension (high blood pressure)',NULL,NULL),('P0255',22030,'2023-11-22','Ebola',NULL,NULL),('P0256',23058,'2023-11-22','Anxiety disorder',NULL,NULL),('P0257',23007,'2023-11-22','Flu',NULL,NULL),('P0258',20034,'2023-11-22','Stomach flu',NULL,NULL),('P0259',20006,'2023-11-22','Ligament tear',NULL,NULL),('P0260',22011,'2023-11-22','Anxiety disorder',NULL,NULL),('P0261',23010,'2023-11-22','Post-traumatic stress disorder (PTSD)',NULL,NULL),('P0262',20016,'2023-11-22','Food poisoning',NULL,NULL),('P0263',20035,'2023-11-22','Stomach flu',NULL,NULL),('P0264',23021,'2023-11-22','Anemia',NULL,NULL),('P0265',21045,'2023-11-22','Muscle strain',NULL,NULL),('P0266',23045,'2023-11-23','Heatstroke',NULL,NULL),('P0267',21011,'2023-11-23','Concussion',NULL,NULL),('P0268',22036,'2023-11-23','Muscle strain',NULL,NULL),('P0269',20010,'2023-11-23','Concussion',NULL,NULL),('P0270',21002,'2023-11-23','Obsessive-compulsive disorder (OCD)',NULL,NULL),('P0271',22010,'2023-11-23','Stomach flu',NULL,NULL),('P0272',19030,'2023-11-23','Dengue fever',NULL,NULL),('P0273',20017,'2023-11-23','Muscle strain',NULL,NULL),('P0274',20057,'2023-11-23','Osteoarthritis',NULL,NULL),('P0275',20043,'2023-11-23','Malaria',NULL,NULL),('P0276',23019,'2023-11-23','Urinary tract infection (UTI)',NULL,NULL),('P0277',23009,'2023-11-23','Heatstroke',NULL,NULL),('P0278',23009,'2023-11-24','Post-traumatic stress disorder (PTSD)',NULL,NULL),('P0279',21060,'2023-11-24','Fractured bone',NULL,NULL),('P0280',20010,'2023-11-24','Flu',NULL,NULL),('P0281',22003,'2023-11-24','Flu',NULL,NULL),('P0282',23009,'2023-11-24','Hypertension (high blood pressure)',NULL,NULL),('P0283',23019,'2023-11-24','Back pain',NULL,NULL),('P0284',22015,'2023-11-24','Tuberculosis (TB)',NULL,NULL),('P0285',22051,'2023-11-24','Whiplash',NULL,NULL),('P0286',23045,'2023-11-25','Hepatitis',NULL,NULL),('P0287',23032,'2023-11-25','Post-traumatic stress disorder (PTSD)',NULL,NULL),('P0288',22025,'2023-11-25','Tuberculosis (TB)',NULL,NULL),('P0289',21020,'2023-11-25','Tuberculosis (TB)',NULL,NULL),('P0290',23017,'2023-11-25','Stomach flu',NULL,NULL),('P0291',20049,'2023-11-25','Back pain',NULL,NULL),('P0292',21055,'2023-11-25','Zika virus',NULL,NULL),('P0293',19017,'2023-11-25','Bronchitis',NULL,NULL),('P0294',23049,'2023-11-25','Asthma',NULL,NULL),('P0295',23009,'2023-11-25','Gastroesophageal reflux disease (GERD)',NULL,NULL),('P0296',22034,'2023-11-25','Muscle strain',NULL,NULL),('P0297',20033,'2023-11-25','Ebola',NULL,NULL),('P0298',20058,'2023-11-25','Hypertension (high blood pressure)',NULL,NULL),('P0299',20005,'2023-11-25','Back pain',NULL,NULL),('P0300',19034,'2023-11-25','Zika virus',NULL,NULL),('P0301',22054,'2023-11-25','Flu',NULL,NULL),('P0302',19009,'2023-11-25','Depression',NULL,NULL),('P0303',20015,'2023-11-25','Food poisoning',NULL,NULL),('P0304',22029,'2023-11-26','Asthma',NULL,NULL),('P0305',22025,'2023-11-26','Malaria',NULL,NULL),('P0306',20060,'2023-11-26','Chronic kidney disease',NULL,NULL),('P0307',20033,'2023-11-26','Muscle strain',NULL,NULL),('P0308',19051,'2023-11-26','Gastroesophageal reflux disease (GERD)',NULL,NULL),('P0309',23057,'2023-11-26','Schizophrenia',NULL,NULL),('P0310',19014,'2023-11-26','Tuberculosis (TB)',NULL,NULL),('P0311',23025,'2023-11-26','Anemia',NULL,NULL),('P0312',22019,'2023-11-26','Stomach flu',NULL,NULL),('P0313',23005,'2023-11-26','Ligament tear',NULL,NULL),('P0314',21017,'2023-11-26','Flu',NULL,NULL),('P0315',21018,'2023-11-26','Bronchitis',NULL,NULL),('P0316',21043,'2023-11-26','Flu',NULL,NULL),('P0317',22057,'2023-11-26','Food poisoning',NULL,NULL),('P0318',23005,'2023-11-26','Back pain',NULL,NULL),('P0319',20030,'2023-11-26','Hypertension (high blood pressure)',NULL,NULL),('P0320',19059,'2023-11-27','Muscle strain',NULL,NULL),('P0321',20021,'2023-11-27','Malaria',NULL,NULL),('P0322',20055,'2023-11-27','Schizophrenia',NULL,NULL),('P0323',19053,'2023-11-27','Concussion',NULL,NULL),('P0324',23031,'2023-11-27','Flu',NULL,NULL),('P0325',22006,'2023-11-27','Hypertension (high blood pressure)',NULL,NULL),('P0326',19031,'2023-11-27','Common cold',NULL,NULL),('P0327',22025,'2023-11-27','Bronchitis',NULL,NULL),('P0328',21052,'2023-11-27','Back pain',NULL,NULL),('P0329',23041,'2023-11-27','Asthma',NULL,NULL),('P0330',21034,'2023-11-27','Tuberculosis (TB)',NULL,NULL),('P0331',21048,'2023-11-27','Flu',NULL,NULL),('P0332',22035,'2023-11-27','Hypothermia',NULL,NULL),('P0333',23022,'2023-11-27','Osteoarthritis',NULL,NULL),('P0334',19035,'2023-11-27','Obsessive-compulsive disorder (OCD)',NULL,NULL),('P0335',19045,'2023-11-27','Diabetes mellitus',NULL,NULL),('P0336',21006,'2023-11-28','Flu',NULL,NULL),('P0337',19048,'2023-11-28','Schizophrenia',NULL,NULL),('P0338',23019,'2023-11-28','Gastroesophageal reflux disease (GERD)',NULL,NULL),('P0339',20021,'2023-11-28','Anemia',NULL,NULL),('P0340',19013,'2023-11-28','Sinus infection',NULL,NULL),('P0341',20035,'2023-11-28','Ebola',NULL,NULL),('P0342',20050,'2023-11-28','Hypertension (high blood pressure)',NULL,NULL),('P0343',21039,'2023-11-28','Hypothermia',NULL,NULL),('P0344',19010,'2023-11-28','Dehydration',NULL,NULL),('P0345',23011,'2023-11-29','Chronic kidney disease',NULL,NULL),('P0346',19056,'2023-11-29','Attention deficit hyperactivity disorder (ADHD)',NULL,NULL),('P0347',20034,'2023-11-29','Back pain',NULL,NULL),('P0348',23032,'2023-11-29','Common cold',NULL,NULL),('P0349',22012,'2023-11-29','Urinary tract infection (UTI)',NULL,NULL),('P0350',21001,'2023-11-29','Flu',NULL,NULL),('P0351',19042,'2023-11-29','Schizophrenia',NULL,NULL),('P0352',22028,'2023-11-29','Bronchitis',NULL,NULL),('P0353',21042,'2023-11-29','Dengue fever',NULL,NULL),('P0354',22041,'2023-11-30','Obsessive-compulsive disorder (OCD)',NULL,NULL),('P0355',21049,'2023-11-30','Stomach flu',NULL,NULL),('P0356',22021,'2023-11-30','Sprained ankle',NULL,NULL),('P0357',20013,'2023-11-30','Dengue fever',NULL,NULL),('P0358',20057,'2023-11-30','Depression',NULL,NULL),('P0359',20039,'2023-11-30','Bipolar disorder',NULL,NULL),('P0360',20055,'2023-11-30','Food poisoning',NULL,NULL),('P0361',21054,'2023-11-30','Food poisoning',NULL,NULL),('P0362',22001,'2023-11-30','Pneumonia',NULL,NULL),('P0363',21053,'2023-11-30','Sinus infection',NULL,NULL),('P0364',20059,'2023-11-30','Anemia',NULL,NULL),('P0365',23022,'2023-11-30','Concussion',NULL,NULL),('P0366',23019,'2023-11-30','Allergic reaction',NULL,NULL),('P0367',21024,'2023-11-30','Urinary tract infection (UTI)',NULL,NULL),('P0368',23046,'2023-11-30','Bronchitis',NULL,NULL),('P0369',20044,'2023-11-30','Gastroesophageal reflux disease (GERD)',NULL,NULL),('P0370',21035,'2023-11-30','Hypertension (high blood pressure)',NULL,NULL),('P0371',23010,'2023-11-30','Fractured bone',NULL,NULL),('P0372',20036,'2023-11-30','Post-traumatic stress disorder (PTSD)',NULL,NULL),('P0373',20029,'2023-11-30','Bronchitis',NULL,NULL),('P0374',22058,'2023-12-01','Zika virus',NULL,NULL),('P0375',23049,'2023-12-01','Attention deficit hyperactivity disorder (ADHD)',NULL,NULL),('P0376',23048,'2023-12-01','Depression',NULL,NULL),('P0377',21051,'2023-12-01','Sprained ankle',NULL,NULL),('P0378',20051,'2023-12-01','Schizophrenia',NULL,NULL),('P0379',19043,'2023-12-01','Allergic reaction',NULL,NULL),('P0380',22006,'2023-12-02','Tuberculosis (TB)',NULL,NULL),('P0381',20023,'2023-12-02','Common cold',NULL,NULL),('P0382',23028,'2023-12-02','Tuberculosis (TB)',NULL,NULL),('P0383',23004,'2023-12-02','Obsessive-compulsive disorder (OCD)',NULL,NULL),('P0384',21049,'2023-12-02','Zika virus',NULL,NULL),('P0385',23042,'2023-12-02','Common cold',NULL,NULL),('P0386',19030,'2023-12-02','Chronic obstructive pulmonary disease (COPD)',NULL,NULL),('P0387',20059,'2023-12-02','Concussion',NULL,NULL),('P0388',19036,'2023-12-02','Anemia',NULL,NULL),('P0389',19026,'2023-12-03','Asthma',NULL,NULL),('P0390',23039,'2023-12-03','Chronic kidney disease',NULL,NULL),('P0391',20028,'2023-12-03','Gastroesophageal reflux disease (GERD)',NULL,NULL),('P0392',20012,'2023-12-03','Ebola',NULL,NULL),('P0393',19053,'2023-12-03','Diabetes mellitus',NULL,NULL),('P0394',19014,'2023-12-03','Heatstroke',NULL,NULL),('P0395',22047,'2023-12-03','Obsessive-compulsive disorder (OCD)',NULL,NULL),('P0396',19033,'2023-12-03','Allergic reaction',NULL,NULL),('P0397',23009,'2023-12-03','Hepatitis',NULL,NULL),('P0398',22008,'2023-12-03','Malaria',NULL,NULL),('P0399',23050,'2023-12-03','Whiplash',NULL,NULL),('P0400',21028,'2023-12-03','Depression',NULL,NULL),('P0401',22045,'2023-12-04','Sprained ankle',NULL,NULL),('P0402',21051,'2023-12-04','Chronic obstructive pulmonary disease (COPD)',NULL,NULL),('P0403',19024,'2023-12-04','Anxiety disorder',NULL,NULL),('P0404',19052,'2023-12-04','Food poisoning',NULL,NULL),('P0405',20015,'2023-12-04','Bipolar disorder',NULL,NULL),('P0406',21050,'2023-12-04','Food poisoning',NULL,NULL),('P0407',22007,'2023-12-04','Tuberculosis (TB)',NULL,NULL),('P0408',19001,'2023-12-04','Rheumatoid arthritis',NULL,NULL),('P0409',20016,'2023-12-04','Bipolar disorder',NULL,NULL),('P0410',22059,'2023-12-04','Ligament tear',NULL,NULL),('P0411',20060,'2023-12-04','Allergic reaction',NULL,NULL),('P0412',20010,'2023-12-04','Gastroesophageal reflux disease (GERD)',NULL,NULL),('P0413',22003,'2023-12-04','Food poisoning',NULL,NULL),('P0414',21003,'2023-12-05','Asthma',NULL,NULL),('P0415',23012,'2023-12-05','Dehydration',NULL,NULL),('P0416',21050,'2023-12-05','Heatstroke',NULL,NULL),('P0417',22003,'2023-12-05','Obsessive-compulsive disorder (OCD)',NULL,NULL),('P0418',19016,'2023-12-05','Common cold',NULL,NULL),('P0419',20038,'2023-12-05','Asthma',NULL,NULL),('P0420',20044,'2023-12-05','Attention deficit hyperactivity disorder (ADHD)',NULL,NULL),('P0421',21020,'2023-12-05','Obsessive-compulsive disorder (OCD)',NULL,NULL),('P0422',23009,'2023-12-05','Tuberculosis (TB)',NULL,NULL),('P0423',21027,'2023-12-06','Common cold',NULL,NULL),('P0424',19054,'2023-12-06','Malaria',NULL,NULL),('P0425',19019,'2023-12-06','Allergic reaction',NULL,NULL),('P0426',19019,'2023-12-06','Post-traumatic stress disorder (PTSD)',NULL,NULL),('P0427',21060,'2023-12-06','Depression',NULL,NULL),('P0428',22016,'2023-12-06','Flu',NULL,NULL),('P0429',21030,'2023-12-06','Sprained ankle',NULL,NULL),('P0430',21030,'2023-12-06','Flu',NULL,NULL),('P0431',20019,'2023-12-06','Anemia',NULL,NULL),('P0432',21035,'2023-12-06','Food poisoning',NULL,NULL),('P0433',20026,'2023-12-06','Rheumatoid arthritis',NULL,NULL),('P0434',22018,'2023-12-06','Pneumonia',NULL,NULL),('P0435',20002,'2023-12-06','Dehydration',NULL,NULL),('P0436',19046,'2023-12-06','Hepatitis',NULL,NULL),('P0437',21053,'2023-12-06','Tuberculosis (TB)',NULL,NULL),('P0438',19024,'2023-12-06','Sinus infection',NULL,NULL),('P0439',19044,'2023-12-06','Fractured bone',NULL,NULL),('P0440',22026,'2023-12-06','Rheumatoid arthritis',NULL,NULL),('P0441',22026,'2023-12-06','Muscle strain',NULL,NULL),('P0442',22013,'2023-12-07','Chronic kidney disease',NULL,NULL),('P0443',19031,'2023-12-07','Dengue fever',NULL,NULL),('P0444',20041,'2023-12-07','Flu',NULL,NULL),('P0445',21058,'2023-12-07','Bipolar disorder',NULL,NULL),('P0446',22051,'2023-12-07','Tuberculosis (TB)',NULL,NULL),('P0447',23027,'2023-12-07','Depression',NULL,NULL),('P0448',21014,'2023-12-07','Chronic obstructive pulmonary disease (COPD)',NULL,NULL),('P0449',21021,'2023-12-07','Hypertension (high blood pressure)',NULL,NULL),('P0450',23006,'2023-12-07','Tuberculosis (TB)',NULL,NULL),('P0451',22055,'2023-12-08','Zika virus',NULL,NULL),('P0452',21022,'2023-12-08','Fractured bone',NULL,NULL),('P0453',23046,'2023-12-08','Attention deficit hyperactivity disorder (ADHD)',NULL,NULL),('P0454',23018,'2023-12-08','Attention deficit hyperactivity disorder (ADHD)',NULL,NULL),('P0455',20024,'2023-12-08','Allergic reaction',NULL,NULL),('P0456',21032,'2023-12-08','Ebola',NULL,NULL),('P0457',20023,'2023-12-08','Chronic kidney disease',NULL,NULL),('P0458',20057,'2023-12-08','Zika virus',NULL,NULL),('P0459',20045,'2023-12-08','Rheumatoid arthritis',NULL,NULL),('P0460',20026,'2023-12-08','Obsessive-compulsive disorder (OCD)',NULL,NULL),('P0461',20016,'2023-12-08','Muscle strain',NULL,NULL),('P0462',19018,'2023-12-08','Ligament tear',NULL,NULL),('P0463',21058,'2023-12-08','Allergic reaction',NULL,NULL),('P0464',23015,'2023-12-08','Tuberculosis (TB)',NULL,NULL),('P0465',20022,'2023-12-08','Heatstroke',NULL,NULL),('P0466',19001,'2023-12-08','Tuberculosis (TB)',NULL,NULL),('P0467',22045,'2023-12-08','Depression',NULL,NULL),('P0468',21059,'2023-12-08','Asthma',NULL,NULL),('P0469',21034,'2023-12-09','Post-traumatic stress disorder (PTSD)',NULL,NULL),('P0470',20037,'2023-12-09','Malaria',NULL,NULL),('P0471',22027,'2023-12-09','Ebola',NULL,NULL),('P0472',21032,'2023-12-09','Attention deficit hyperactivity disorder (ADHD)',NULL,NULL),('P0473',21055,'2023-12-09','Asthma',NULL,NULL),('P0474',23050,'2023-12-09','Depression',NULL,NULL),('P0475',22013,'2023-12-09','Malaria',NULL,NULL),('P0476',20015,'2023-12-09','Chronic obstructive pulmonary disease (COPD)',NULL,NULL),('P0477',23036,'2023-12-09','Bronchitis',NULL,NULL),('P0478',22003,'2023-12-10','Dehydration',NULL,NULL),('P0479',21027,'2023-12-10','Food poisoning',NULL,NULL),('P0480',20014,'2023-12-10','Back pain',NULL,NULL),('P0481',22053,'2023-12-10','Hepatitis',NULL,NULL),('P0482',23019,'2023-12-10','Gastroesophageal reflux disease (GERD)',NULL,NULL),('P0483',22017,'2023-12-10','Chronic obstructive pulmonary disease (COPD)',NULL,NULL),('P0484',23016,'2023-12-10','Ebola',NULL,NULL),('P0485',19035,'2023-12-10','Attention deficit hyperactivity disorder (ADHD)',NULL,NULL),('P0486',22036,'2023-12-10','Whiplash',NULL,NULL),('P0487',20013,'2023-12-10','Flu',NULL,NULL),('P0488',20004,'2023-12-10','Dengue fever',NULL,NULL),('P0489',19059,'2023-12-10','Pneumonia',NULL,NULL),('P0490',19036,'2023-12-10','Obsessive-compulsive disorder (OCD)',NULL,NULL),('P0491',22036,'2023-12-10','Bronchitis',NULL,NULL),('P0492',20006,'2023-12-10','Zika virus',NULL,NULL),('P0493',20058,'2023-12-11','Obsessive-compulsive disorder (OCD)',NULL,NULL),('P0494',21009,'2023-12-11','Asthma',NULL,NULL),('P0495',21031,'2023-12-11','Sinus infection',NULL,NULL),('P0496',20024,'2023-12-11','Fractured bone',NULL,NULL),('P0497',22014,'2023-12-11','Zika virus',NULL,NULL),('P0498',22055,'2023-12-11','Malaria',NULL,NULL),('P0499',19009,'2023-12-11','Anemia',NULL,NULL),('P0500',23001,'2023-12-11','Obsessive-compulsive disorder (OCD)',NULL,NULL);
/*!40000 ALTER TABLE `prescription` ENABLE KEYS */;
UNLOCK TABLES;

--
-- Table structure for table `purchase_order`
--

DROP TABLE IF EXISTS `purchase_order`;
/*!40101 SET @saved_cs_client     = @@character_set_client */;
/*!50503 SET character_set_client = utf8mb4 */;
CREATE TABLE `purchase_order` (
  `Bill_Number` varchar(20) NOT NULL,
  `Quantity` int NOT NULL,
  `Amount_Paid` int NOT NULL,
  PRIMARY KEY (`Bill_Number`)
) ENGINE=InnoDB DEFAULT CHARSET=utf8mb4 COLLATE=utf8mb4_0900_ai_ci;
/*!40101 SET character_set_client = @saved_cs_client */;

--
-- Dumping data for table `purchase_order`
--

LOCK TABLES `purchase_order` WRITE;
/*!40000 ALTER TABLE `purchase_order` DISABLE KEYS */;
INSERT INTO `purchase_order` VALUES ('B0001',6,871),('B0002',8,3980),('B0003',3,330),('B0004',1,290),('B0005',2,1210),('B0006',5,2940),('B0007',5,2460),('B0008',7,4870),('B0009',6,4650),('B0010',7,6650),('B0011',4,1140),('B0012',3,1450),('B0013',7,1780),('B0014',8,2920),('B0015',4,3070),('B0016',1,480),('B0017',10,9660),('B0018',2,300),('B0019',10,9680),('B0020',6,4770),('B0021',5,2400),('B0022',1,390),('B0023',2,1810),('B0024',1,390),('B0025',2,1600),('B0026',5,3100),('B0027',1,440),('B0028',2,950),('B0029',5,3850),('B0030',10,9970),('B0031',10,10000),('B0032',5,2910),('B0033',8,7040),('B0034',6,2810),('B0035',10,9300),('B0036',2,1830),('B0037',10,7880),('B0038',4,3230),('B0039',7,6590),('B0040',5,2820),('B0041',2,1450),('B0042',5,4690),('B0043',8,1510),('B0044',3,1280),('B0045',9,6920),('B0046',1,590),('B0047',7,5800),('B0048',2,1990),('B0049',4,3330),('B0050',6,5550),('B0051',10,7030),('B0052',7,880),('B0053',8,6550),('B0054',4,1310),('B0055',4,3280),('B0056',2,820),('B0057',10,9780),('B0058',6,4170),('B0059',5,1360),('B0060',3,1480),('B0061',6,1480),('B0062',4,2860),('B0063',10,4540),('B0064',7,5300),('B0065',8,1330),('B0066',6,3200),('B0067',3,2570),('B0068',6,5330),('B0069',1,310),('B0070',5,3490),('B0071',10,3680),('B0072',7,5730),('B0073',10,7220),('B0074',7,4360),('B0075',6,1610),('B0076',7,950),('B0077',6,1430),('B0078',9,1610),('B0079',2,1380),('B0080',6,1550),('B0081',7,1100),('B0082',2,1250),('B0083',9,1390),('B0084',4,2940),('B0085',3,1670),('B0086',9,8750),('B0087',8,5570),('B0088',7,3920),('B0089',10,5760),('B0090',7,6420),('B0091',4,1890),('B0092',8,7780),('B0093',6,4050),('B0094',8,6690),('B0095',7,3830),('B0096',2,520),('B0097',2,260),('B0098',6,4540),('B0099',6,2870),('B0100',8,2560),('B0101',4,850),('B0102',2,230),('B0103',4,710),('B0104',3,410),('B0105',8,5250),('B0106',9,5720),('B0107',6,1510),('B0108',7,5460),('B0109',2,1840),('B0110',6,3860),('B0111',2,240),('B0112',5,4210),('B0113',2,1760),('B0114',1,540),('B0115',6,2710),('B0116',3,2280),('B0117',7,840),('B0118',7,4170),('B0119',2,1650),('B0120',8,4760),('B0121',1,670),('B0122',5,3730),('B0123',10,9700),('B0124',5,2460),('B0125',5,4850),('B0126',1,140),('B0127',10,9800),('B0128',10,5310),('B0129',1,510),('B0130',4,1180),('B0131',4,1180),('B0132',9,5940),('B0133',5,4150),('B0134',9,1470),('B0135',5,2850),('B0136',1,310),('B0137',7,5820),('B0138',5,2480),('B0139',7,5680),('B0140',3,990),('B0141',4,3520),('B0142',8,6690),('B0143',3,2450),('B0144',1,550),('B0145',10,5000),('B0146',2,1800),('B0147',4,2720),('B0148',3,410),('B0149',8,7530),('B0150',5,760),('B0151',5,1450),('B0152',5,3380),('B0153',9,6190),('B0154',6,2140),('B0155',6,5960),('B0156',8,3220),('B0157',7,4000),('B0158',7,3680),('B0159',1,850),('B0160',10,6000),('B0161',1,320),('B0162',6,4000),('B0163',7,3540),('B0164',9,5060),('B0165',6,3020),('B0166',9,6590),('B0167',10,7000),('B0168',9,8650),('B0169',9,5450),('B0170',7,900),('B0171',1,1000),('B0172',1,180),('B0173',4,1750),('B0174',2,750),('B0175',3,1660),('B0176',1,310),('B0177',1,700),('B0178',10,8000),('B0179',1,790),('B0180',7,6060),('B0181',1,300),('B0182',6,4840),('B0183',5,2840),('B0184',4,460),('B0185',10,9720),('B0186',5,1720),('B0187',6,5120),('B0188',6,1600),('B0189',1,660),('B0190',2,1310),('B0191',8,5370),('B0192',5,1110),('B0193',4,3370),('B0194',1,510),('B0195',10,9000),('B0196',10,9800),('B0197',10,9400),('B0198',3,2120),('B0199',8,3520),('B0200',9,6700),('B0201',1,970),('B0202',2,720),('B0203',1,290),('B0204',5,1930),('B0205',7,2660),('B0206',5,2830),('B0207',1,650),('B0208',8,3040),('B0209',2,1010),('B0210',1,370),('B0211',9,5590),('B0212',7,2240),('B0213',10,9600),('B0214',7,6440),('B0215',7,3300),('B0216',6,890),('B0217',6,3350),('B0218',1,300),('B0219',7,710),('B0220',10,9100),('B0221',3,2380),('B0222',4,2800),('B0223',9,7030),('B0224',1,710),('B0225',2,1460),('B0226',2,1090),('B0227',9,4170),('B0228',5,4110),('B0229',7,6460),('B0230',5,850),('B0231',4,2420),('B0232',3,2860),('B0233',3,1910),('B0234',5,3600),('B0235',3,890),('B0236',3,2860),('B0237',5,640),('B0238',9,1500),('B0239',3,590),('B0240',4,1900),('B0241',6,3370),('B0242',6,4710),('B0243',3,1660),('B0244',3,830),('B0245',1,770),('B0246',5,2320),('B0247',1,830),('B0248',6,5940),('B0249',6,820),('B0250',9,2260),('B0251',2,480),('B0252',8,4300),('B0253',9,4410),('B0254',4,2240),('B0255',1,140),('B0256',1,890),('B0257',4,3590),('B0258',4,920),('B0259',1,840),('B0260',4,3160),('B0261',7,3200),('B0262',4,2260),('B0263',8,7250),('B0264',3,820),('B0265',1,250),('B0266',1,810),('B0267',4,3750),('B0268',4,2700),('B0269',3,2030),('B0270',3,420),('B0271',2,490),('B0272',4,2300),('B0273',10,4550),('B0274',3,2660),('B0275',6,3080),('B0276',9,4760),('B0277',2,820),('B0278',6,1730),('B0279',9,5040),('B0280',6,4330),('B0281',6,5230),('B0282',1,980),('B0283',8,6710),('B0284',4,1150),('B0285',4,1490),('B0286',9,4470),('B0287',4,3680),('B0288',10,4520),('B0289',8,6120),('B0290',8,3810),('B0291',2,1110),('B0292',8,4030),('B0293',6,4950),('B0294',4,3860),('B0295',2,1970),('B0296',5,4980),('B0297',6,930),('B0298',6,3060),('B0299',1,920),('B0300',7,3560),('B0301',7,950),('B0302',5,580),('B0303',10,9270),('B0304',2,750),('B0305',5,4090),('B0306',6,4540),('B0307',2,740),('B0308',4,2460),('B0309',1,600),('B0310',4,3350),('B0311',4,3680),('B0312',9,4740),('B0313',8,6890),('B0314',5,2840),('B0315',6,2110),('B0316',4,3380),('B0317',5,3790),('B0318',3,2150),('B0319',3,1410),('B0320',4,1840),('B0321',9,4050),('B0322',6,4380),('B0323',8,2290),('B0324',3,1250),('B0325',5,4050),('B0326',3,2630),('B0327',6,1040),('B0328',6,2010),('B0329',6,3990),('B0330',2,1950),('B0331',10,4550),('B0332',10,5000),('B0333',2,310),('B0334',3,2870),('B0335',8,3490),('B0336',9,8540),('B0337',7,1470),('B0338',6,5560),('B0339',10,4000),('B0340',1,710),('B0341',8,1920),('B0342',3,580),('B0343',6,1070),('B0344',2,1260),('B0345',4,1720),('B0346',10,8000),('B0347',1,240),('B0348',10,10000),('B0349',8,2110),('B0350',5,3960),('B0351',8,4830),('B0352',2,240),('B0353',5,3740),('B0354',3,1890),('B0355',8,7520),('B0356',7,5850),('B0357',4,450),('B0358',3,570),('B0359',5,1030),('B0360',4,490),('B0361',10,3860),('B0362',8,5280),('B0363',10,8660),('B0364',4,2200),('B0365',4,2260),('B0366',4,2660),('B0367',9,5860),('B0368',9,2490),('B0369',3,2540),('B0370',8,2310),('B0371',8,1530),('B0372',5,950),('B0373',8,3390),('B0374',5,1790),('B0375',7,3750),('B0376',3,1500),('B0377',10,7000),('B0378',1,780),('B0379',7,4870),('B0380',1,100),('B0381',7,2160),('B0382',9,3020),('B0383',2,290),('B0384',10,9130),('B0385',6,4860),('B0386',3,1920),('B0387',1,280),('B0388',10,6000),('B0389',1,810),('B0390',5,3640),('B0391',1,220),('B0392',9,1900),('B0393',6,3840),('B0394',3,2030),('B0395',1,570),('B0396',2,1920),('B0397',6,4190),('B0398',9,3820),('B0399',7,6760),('B0400',4,1710),('B0401',9,5880),('B0402',5,2520),('B0403',7,6410),('B0404',3,1860),('B0405',7,6670),('B0406',4,1460),('B0407',3,2680),('B0408',5,4140),('B0409',6,1960),('B0410',4,2260),('B0411',6,5910),('B0412',5,2120),('B0413',5,3760),('B0414',8,2270),('B0415',6,3550),('B0416',10,8000),('B0417',6,2800),('B0418',4,3050),('B0419',5,880),('B0420',9,3950),('B0421',6,3930),('B0422',9,6230),('B0423',8,7920),('B0424',9,3940),('B0425',8,5170),('B0426',7,6400),('B0427',8,4700),('B0428',3,660),('B0429',10,6520),('B0430',7,6720),('B0431',4,2540),('B0432',2,950),('B0433',5,3940),('B0434',2,670),('B0435',7,6030),('B0436',3,2570),('B0437',2,1720),('B0438',9,3500),('B0439',4,3400),('B0440',2,1630),('B0441',10,7200),('B0442',5,3140),('B0443',4,2820),('B0444',10,8030),('B0445',4,3410),('B0446',8,1620),('B0447',6,2780),('B0448',2,420),('B0449',3,980),('B0450',5,1310),('B0451',3,1810),('B0452',6,3310),('B0453',6,3870),('B0454',3,760),('B0455',1,330),('B0456',7,6900),('B0457',3,710),('B0458',4,2800),('B0459',10,9800),('B0460',6,3220),('B0461',1,560),('B0462',1,420),('B0463',7,2980),('B0464',9,6230),('B0465',2,1680),('B0466',1,420),('B0467',7,4740),('B0468',5,2620),('B0469',3,2880),('B0470',5,4900),('B0471',1,740),('B0472',8,2650),('B0473',6,5650),('B0474',1,600),('B0475',9,1610),('B0476',8,1880),('B0477',8,5430),('B0478',1,310),('B0479',1,930),('B0480',9,3280),('B0481',6,5730),('B0482',5,4370),('B0483',5,3420),('B0484',9,1590),('B0485',4,1970),('B0486',4,2780),('B0487',7,5670),('B0488',1,740),('B0489',4,1300),('B0490',5,4580),('B0491',5,4950),('B0492',8,6700),('B0493',5,2840),('B0494',2,1910),('B0495',6,3420),('B0496',8,4440),('B0497',4,2190),('B0498',5,3720),('B0499',4,2170),('B0500',3,2460),('B1111',30,4500);
/*!40000 ALTER TABLE `purchase_order` ENABLE KEYS */;
UNLOCK TABLES;

--
-- Table structure for table `recommendation`
--

DROP TABLE IF EXISTS `recommendation`;
/*!40101 SET @saved_cs_client     = @@character_set_client */;
/*!50503 SET character_set_client = utf8mb4 */;
CREATE TABLE `recommendation` (
  `Patient_ID` int NOT NULL,
  `License_Number` int NOT NULL,
  `Disease` varchar(100) NOT NULL,
  `Date` date NOT NULL,
  `Time` time NOT NULL,
  `Doctor_ID` int NOT NULL,
  PRIMARY KEY (`Patient_ID`,`License_Number`,`Disease`,`Date`,`Time`,`Doctor_ID`),
  KEY `Doctor_ID` (`Doctor_ID`),
  KEY `License_Number` (`License_Number`),
  CONSTRAINT `recommendation_ibfk_1` FOREIGN KEY (`Patient_ID`) REFERENCES `patient` (`Patient_ID`),
  CONSTRAINT `recommendation_ibfk_2` FOREIGN KEY (`Doctor_ID`) REFERENCES `doctor` (`Doctor_ID`),
  CONSTRAINT `recommendation_ibfk_3` FOREIGN KEY (`License_Number`) REFERENCES `hospital` (`License_Number`)
) ENGINE=InnoDB DEFAULT CHARSET=utf8mb4 COLLATE=utf8mb4_0900_ai_ci;
/*!40101 SET character_set_client = @saved_cs_client */;

--
-- Dumping data for table `recommendation`
--

LOCK TABLES `recommendation` WRITE;
/*!40000 ALTER TABLE `recommendation` DISABLE KEYS */;
INSERT INTO `recommendation` VALUES (19001,113643,'ABC','2003-10-10','11:11:00',156),(19001,113643,'ABC','2023-11-01','11:11:00',156),(19054,813412,'Traumatic Brain Injury','2023-11-09','15:24:40',1401),(19058,585857,'Concussion','2023-11-21','18:07:16',1401),(22037,852267,'Dehydration','2023-11-29','15:11:42',1401),(22058,511309,'Fractures','2023-12-08','17:29:40',1401),(23011,511309,'Heatstroke','2023-11-10','16:04:02',1401),(19003,813412,'Asthma','2023-11-18','08:27:14',1402),(19013,657454,'Appendicitis','2023-11-05','11:42:28',1402),(19053,274690,'Pneumonia','2023-11-14','16:48:09',1402),(23026,274690,'Meningitis','2023-11-18','15:31:13',1402),(23057,813412,'Atrial Septal Defect','2023-11-02','18:04:49',1402),(19032,581630,'Dehydration','2023-11-14','13:20:47',1403),(20010,657454,'Acute Bronchitis','2023-12-09','14:34:27',1403),(20060,581630,'Kawasaki Disease','2023-12-07','09:15:13',1403),(22013,866543,'Appendicitis','2023-11-22','17:00:09',1403),(22022,511309,'Concussion','2023-12-10','16:44:31',1403),(23052,366789,'Kawasaki Disease','2023-11-30','15:31:13',1403),(20004,113643,'Sepsis','2023-11-19','08:50:51',1502),(21025,274690,'Anaphylaxis','2023-12-07','15:32:11',1502),(22017,657454,'Seizures (Epilepsy)','2023-11-16','13:27:20',1502),(22039,852267,'Pneumonia','2023-11-17','18:45:17',1502),(22039,852267,'Pneumonia','2023-11-17','18:45:17',1503),(22044,813412,'Pneumonia','2023-11-07','08:28:53',1503),(23057,813412,'Atrial Septal Defect','2023-11-02','18:04:49',1503),(20010,657454,'Acute Bronchitis','2023-12-09','14:34:27',1601),(20060,581630,'Kawasaki Disease','2023-12-07','09:15:13',1601),(21035,657454,'Anaphylaxis','2023-11-06','18:15:47',1601),(21041,852267,'Diabetic Ketoacidosis','2023-11-01','08:59:22',1601),(21047,581630,'Diabetic Ketoacidosis','2023-11-26','14:42:58',1601),(22015,366789,'Seizures (Epilepsy)','2023-12-06','09:43:44',1601),(22035,366789,'Dehydration','2023-11-27','12:28:06',1601),(23029,183901,'Severe Allergic Reaction','2023-11-23','14:31:59',1601),(20033,274690,'Fractures','2023-11-04','11:18:02',1602),(21001,183901,'Meningococcal Disease','2023-12-02','13:58:49',1602),(21016,813412,'Asthma','2023-12-01','16:05:00',1602),(23027,852267,'Meningitis','2023-12-05','18:04:49',1602),(23041,813412,'Kawasaki Disease','2023-11-09','12:47:38',1602),(19030,183901,'Seizures (Epilepsy)','2023-11-12','09:36:21',1701),(19053,866543,'Severe Allergic Reaction','2024-02-02','12:31:54',1701),(20034,511309,'Heatstroke','2023-11-24','17:51:38',1701),(21020,196018,'Asthma','2023-11-28','12:48:36',1701),(22050,657454,'Traumatic Brain Injury','2023-11-15','11:56:04',1701),(23007,196018,'Sepsis','2023-11-03','10:30:27',1701),(23059,183901,'Atrial Septal Defect','2023-11-13','08:48:24',1701),(19005,657454,'Diabetic Ketoacidosis','2023-11-19','14:59:03',1702),(19025,366789,'Meningitis','2023-11-08','17:15:55',1702),(19058,585857,'Concussion','2023-11-21','18:07:16',1702),(21002,196018,'Atrial Septal Defect','2024-02-03','10:42:24',1702),(22010,657454,'Appendicitis','2023-11-20','11:26:33',1702),(22020,183901,'Concussion','2023-12-03','10:10:55',1702),(22048,813412,'Traumatic Brain Injury','2023-12-04','14:12:29',1702),(23001,657454,'Fractures','2023-11-25','09:13:15',1702),(23003,511309,'Sepsis','2023-11-03','13:46:51',1702),(23017,852267,'Heatstroke','2023-11-04','12:47:38',1702),(23029,366789,'Severe Allergic Reaction','2023-11-11','08:48:24',1702);
/*!40000 ALTER TABLE `recommendation` ENABLE KEYS */;
UNLOCK TABLES;

--
-- Table structure for table `referred_to`
--

DROP TABLE IF EXISTS `referred_to`;
/*!40101 SET @saved_cs_client     = @@character_set_client */;
/*!50503 SET character_set_client = utf8mb4 */;
CREATE TABLE `referred_to` (
  `Patient_ID` int NOT NULL,
  `License_Number` int NOT NULL,
  `Disease` varchar(255) NOT NULL,
  `Date` date NOT NULL,
  `Time` time NOT NULL,
  PRIMARY KEY (`Patient_ID`,`License_Number`,`Disease`,`Date`,`Time`),
  KEY `License_Number` (`License_Number`),
  CONSTRAINT `referred_to_ibfk_1` FOREIGN KEY (`Patient_ID`) REFERENCES `patient` (`Patient_ID`),
  CONSTRAINT `referred_to_ibfk_2` FOREIGN KEY (`License_Number`) REFERENCES `hospital` (`License_Number`)
) ENGINE=InnoDB DEFAULT CHARSET=utf8mb4 COLLATE=utf8mb4_0900_ai_ci;
/*!40101 SET character_set_client = @saved_cs_client */;

--
-- Dumping data for table `referred_to`
--

LOCK TABLES `referred_to` WRITE;
/*!40000 ALTER TABLE `referred_to` DISABLE KEYS */;
INSERT INTO `referred_to` VALUES (19001,113643,'ABC','2003-10-10','11:11:00'),(19001,113643,'ABC','2023-11-01','11:11:00'),(20004,113643,'Sepsis','2023-11-19','08:50:51'),(19030,183901,'Seizures (Epilepsy)','2023-11-12','09:36:21'),(21001,183901,'Meningococcal Disease','2023-12-02','13:58:49'),(22020,183901,'Concussion','2023-12-03','10:10:55'),(23029,183901,'Severe Allergic Reaction','2023-11-23','14:31:59'),(23059,183901,'Atrial Septal Defect','2023-11-13','08:48:24'),(21002,196018,'Atrial Septal Defect','2024-02-03','10:42:24'),(21020,196018,'Asthma','2023-11-28','12:48:36'),(23007,196018,'Sepsis','2023-11-03','10:30:27'),(19053,274690,'Pneumonia','2023-11-14','16:48:09'),(20033,274690,'Fractures','2023-11-04','11:18:02'),(21025,274690,'Anaphylaxis','2023-12-07','15:32:11'),(23026,274690,'Meningitis','2023-11-18','15:31:13'),(19025,366789,'Meningitis','2023-11-08','17:15:55'),(22015,366789,'Seizures (Epilepsy)','2023-12-06','09:43:44'),(22035,366789,'Dehydration','2023-11-27','12:28:06'),(23029,366789,'Severe Allergic Reaction','2023-11-11','08:48:24'),(23052,366789,'Kawasaki Disease','2023-11-30','15:31:13'),(20034,511309,'Heatstroke','2023-11-24','17:51:38'),(22022,511309,'Concussion','2023-12-10','16:44:31'),(22058,511309,'Fractures','2023-12-08','17:29:40'),(23003,511309,'Sepsis','2023-11-03','13:46:51'),(23011,511309,'Heatstroke','2023-11-10','16:04:02'),(19032,581630,'Dehydration','2023-11-14','13:20:47'),(20060,581630,'Kawasaki Disease','2023-12-07','09:15:13'),(21047,581630,'Diabetic Ketoacidosis','2023-11-26','14:42:58'),(19058,585857,'Concussion','2023-11-21','18:07:16'),(19005,657454,'Diabetic Ketoacidosis','2023-11-19','14:59:03'),(19013,657454,'Appendicitis','2023-11-05','11:42:28'),(20010,657454,'Acute Bronchitis','2023-12-09','14:34:27'),(21035,657454,'Anaphylaxis','2023-11-06','18:15:47'),(22010,657454,'Appendicitis','2023-11-20','11:26:33'),(22017,657454,'Seizures (Epilepsy)','2023-11-16','13:27:20'),(22050,657454,'Traumatic Brain Injury','2023-11-15','11:56:04'),(23001,657454,'Fractures','2023-11-25','09:13:15'),(19003,813412,'Asthma','2023-11-18','08:27:14'),(19054,813412,'Traumatic Brain Injury','2023-11-09','15:24:40'),(21016,813412,'Asthma','2023-12-01','16:05:00'),(22044,813412,'Pneumonia','2023-11-07','08:28:53'),(22048,813412,'Traumatic Brain Injury','2023-12-04','14:12:29'),(23041,813412,'Kawasaki Disease','2023-11-09','12:47:38'),(23057,813412,'Atrial Septal Defect','2023-11-02','18:04:49'),(21041,852267,'Diabetic Ketoacidosis','2023-11-01','08:59:22'),(22037,852267,'Dehydration','2023-11-29','15:11:42'),(22039,852267,'Pneumonia','2023-11-17','18:45:17'),(23017,852267,'Heatstroke','2023-11-04','12:47:38'),(23027,852267,'Meningitis','2023-12-05','18:04:49'),(19053,866543,'Severe Allergic Reaction','2024-02-02','12:31:54'),(22013,866543,'Appendicitis','2023-11-22','17:00:09');
/*!40000 ALTER TABLE `referred_to` ENABLE KEYS */;
UNLOCK TABLES;

--
-- Table structure for table `resident_doctor`
--

DROP TABLE IF EXISTS `resident_doctor`;
/*!40101 SET @saved_cs_client     = @@character_set_client */;
/*!50503 SET character_set_client = utf8mb4 */;
CREATE TABLE `resident_doctor` (
  `Doctor_ID` int NOT NULL,
  `First_Name` varchar(50) NOT NULL,
  `Middle_Name` varchar(50) DEFAULT NULL,
  `Last_Name` varchar(50) NOT NULL,
  `DOB` date NOT NULL,
  `Gender` enum('Male','Female','Other') NOT NULL,
  `Email` varchar(255) DEFAULT NULL,
  `Specialization` varchar(100) NOT NULL,
  `Experience` int NOT NULL,
  `Street_Number` varchar(20) DEFAULT NULL,
  `Street_Name` varchar(100) NOT NULL,
  `Apartment_Number` varchar(20) DEFAULT NULL,
  `City` varchar(100) NOT NULL,
  `Pincode` int DEFAULT NULL
) ENGINE=InnoDB DEFAULT CHARSET=utf8mb4 COLLATE=utf8mb4_0900_ai_ci;
/*!40101 SET character_set_client = @saved_cs_client */;

--
-- Dumping data for table `resident_doctor`
--

LOCK TABLES `resident_doctor` WRITE;
/*!40000 ALTER TABLE `resident_doctor` DISABLE KEYS */;
INSERT INTO `resident_doctor` VALUES (1401,'William','Alexander','Powell','1983-05-21','Female','william.powell@yahoo.com','Orthopedics',17,'94143','Berger Radial','678','West Sandy',549310),(1501,'Brianna','John','Mckenzie','1965-08-14','Male','brianna.mckenzie@gmail.com','Oncology',14,'431','Mary Islands','4835','Port Spencer',307542),(1601,'Brandon','Jeffery','Miller','1978-12-21','Male','brandon.miller@outlook.com','Neurology',18,'9458','Bryan Ports','320','East Ashleymouth',567488),(1602,'Margaret','Nicholas','Maddox','1973-12-07','Female','margaret.maddox@outlook.com','Neurology',1,'73401','Hurley Flat','10523','Mannfort',990149),(1702,'Kathleen','Zachary','Graham','1989-08-07','Female','kathleen.graham@yahoo.com','Neurology',1,'37921','Davis Mission','14256','Port Patrick',327640);
/*!40000 ALTER TABLE `resident_doctor` ENABLE KEYS */;
UNLOCK TABLES;

--
-- Table structure for table `senior_specialist`
--

DROP TABLE IF EXISTS `senior_specialist`;
/*!40101 SET @saved_cs_client     = @@character_set_client */;
/*!50503 SET character_set_client = utf8mb4 */;
CREATE TABLE `senior_specialist` (
  `Doctor_ID` int NOT NULL,
  `First_Name` varchar(50) NOT NULL,
  `Middle_Name` varchar(50) DEFAULT NULL,
  `Last_Name` varchar(50) NOT NULL,
  `DOB` date NOT NULL,
  `Gender` enum('Male','Female','Other') NOT NULL,
  `Email` varchar(255) DEFAULT NULL,
  `Specialization` varchar(100) NOT NULL,
  `Experience` int NOT NULL,
  `Street_Number` varchar(20) DEFAULT NULL,
  `Street_Name` varchar(100) NOT NULL,
  `Apartment_Number` varchar(20) DEFAULT NULL,
  `City` varchar(100) NOT NULL,
  `Pincode` int DEFAULT NULL
) ENGINE=InnoDB DEFAULT CHARSET=utf8mb4 COLLATE=utf8mb4_0900_ai_ci;
/*!40101 SET character_set_client = @saved_cs_client */;

--
-- Dumping data for table `senior_specialist`
--

LOCK TABLES `senior_specialist` WRITE;
/*!40000 ALTER TABLE `senior_specialist` DISABLE KEYS */;
INSERT INTO `senior_specialist` VALUES (1402,'Kathryn','Anthony','Manning','1965-01-04','Male','kathryn.manning@outlook.com','Pediatrics',31,'97637','David Row','954','Hopkinsstad',434762),(1403,'Joshua','Jerry','Clark','1977-11-10','Male','joshua.clark@outlook.com','Orthopedics',38,'6003','Zachary Walk','84898','Port Raymond',521565),(1502,'Janet','Jennifer','Simmons','1990-05-22','Female','janet.simmons@gmail.com','Cardiology',36,'961','Brown Underpass','5','Brownmouth',517983),(1503,'Courtney','Stephen','Dean','1963-03-19','Male','courtney.dean@outlook.com','Oncology',29,'957','Christopher Summit','9475','Joseburgh',580399),(1701,'Melissa','Sarah','Smith','1991-03-02','Female','melissa.smith@outlook.com','Pediatrics',38,'8659','Hall Union','361','Arnoldview',207831);
/*!40000 ALTER TABLE `senior_specialist` ENABLE KEYS */;
UNLOCK TABLES;

--
-- Table structure for table `staff`
--

DROP TABLE IF EXISTS `staff`;
/*!40101 SET @saved_cs_client     = @@character_set_client */;
/*!50503 SET character_set_client = utf8mb4 */;
CREATE TABLE `staff` (
  `Staff_ID` int NOT NULL,
  `First_Name` varchar(50) NOT NULL,
  `Middle_Name` varchar(50) DEFAULT NULL,
  `Last_Name` varchar(50) NOT NULL,
  `Join_Date` date DEFAULT NULL,
  `DOB` date DEFAULT NULL,
  `Street_Number` varchar(50) DEFAULT NULL,
  `Street_Name` varchar(50) NOT NULL,
  `Apartment_Number` varchar(50) DEFAULT NULL,
  `City` varchar(50) NOT NULL,
  `Pincode` int DEFAULT NULL,
  `Email` varchar(255) DEFAULT NULL,
  `Gender` enum('Male','Female','Other') NOT NULL,
  `Salary` int NOT NULL,
  PRIMARY KEY (`Staff_ID`),
  UNIQUE KEY `Email` (`Email`),
  KEY `idx_Staff_gen` (`Gender`),
  CONSTRAINT `staff_chk_1` CHECK (((`Pincode` >= 100000) and (`Pincode` <= 999999)))
) ENGINE=InnoDB DEFAULT CHARSET=utf8mb4 COLLATE=utf8mb4_0900_ai_ci;
/*!40101 SET character_set_client = @saved_cs_client */;

--
-- Dumping data for table `staff`
--

LOCK TABLES `staff` WRITE;
/*!40000 ALTER TABLE `staff` DISABLE KEYS */;
INSERT INTO `staff` VALUES (2001,'Alexandra','Ross','Arroyo','2010-02-25','1989-11-09','312','Johnson Extension','630','South Brandy',963573,'amyross@example.org','Female',500000),(2002,'Candace','Angela','Davidson','2021-02-03','1999-04-01','765','Russell Common','3928','Michaelfort',573740,'joannsmith@example.org','Female',650000),(2003,'Melissa','Tina','Taylor','2023-11-02','1977-03-14','622','Harris Forks','951','Jillfurt',219696,'ocordova@example.net','Male',500000),(2004,'Caleb','Sandra','Johnson','2009-06-22','2000-10-16','63','Proctor Rapids','4220','Alexamouth',466847,'howardnicholas@example.net','Other',600000),(2005,'Kayla','Matthew','Good','2014-05-12','2001-09-18','378','Bright Isle','320','Acevedofurt',448575,'brianyork@example.org','Female',900000),(2006,'Aaron','Ernest','Alexander','2023-12-30','1986-06-24','825','Mackenzie Villages','267','Katieshire',569566,'molly64@example.net','Female',800000),(2007,'Nicholas','Michael','Thomas','2022-07-24','1995-04-09','942','Nguyen Trail','233','New Kristinaberg',763379,'jjordan@example.org','Other',850000),(2008,'Stephanie','Jeremy','Moore','2021-10-15','1992-08-21','3','Hayes Burg','6660','Owenshaven',108362,'jessicawarner@example.net','Female',650000),(2009,'Daniel','Sue','Collier','2012-06-26','1988-12-22','311','Kenneth Bypass','167','Hannahville',917865,'kimberlyparker@example.net','Female',800000),(2010,'Shaun','Nicole','Watson','2011-07-29','1933-12-30','383','Jennifer Parks','859','West Jeffreybury',875665,'dbender@example.net','Male',800000),(2011,'Stephanie','Scott','Shah','2023-12-19','1989-02-14','638','Cooper Plains','956','Christopherton',305460,'williammoore@example.net','Other',750000),(2012,'Megan','Susan','Freeman','2021-03-10','1999-05-29','365','Harris Stream','53172','Fisherborough',437380,'masseyjennifer@example.com','Male',900000),(2013,'Jennifer','Jeffrey','Silva','2020-01-03','1982-07-09','160','Brown Prairie','735','Port Megan',911640,'robert57@example.com','Male',750000),(2014,'John','Ricardo','Nolan','2019-03-29','1992-12-31','713','Campbell Village','48157','Bakerbury',147401,'weissruth@example.net','Female',1000000),(2015,'Brian','Jacob','Fisher','2014-03-27','1996-11-15','18','Allen Ville','762','New Deniseport',887519,'davidday@example.com','Male',900000),(2016,'David','Morgan','Ortega','2016-03-21','1990-12-21','370','Randy Summit','32931','Lloydmouth',168861,'wwallace@example.com','Male',950000),(2017,'Robert','Albert','Bell','2009-06-18','1991-03-14','438','Taylor Mountains','10','East Elizabethbury',297459,'alison58@example.net','Male',750000),(2018,'Kimberly','Tyler','Hensley','2019-07-13','1995-12-15','261','Christopher Glen','2882','Bryantfort',914688,'darren53@example.net','Other',600000),(2019,'Timothy','Richard','Dyer','2023-05-08','1987-11-30','949','David Ports','90724','Laurenchester',309318,'wilsonlisa@example.org','Male',750000),(2020,'Richard','Cristina','Washington','2019-08-13','1994-11-05','546','Anderson Hill','42664','Olsonberg',390028,'amartin@example.net','Male',1000000),(3094,'Shreya','Navinbhai','Patel','2000-03-31','2003-02-04','4','sodj','2','Vadodara',392023,'sokdf@gmail.com','Male',45000),(999805,'kjsdghsi','jshjd','iset','2024-03-20','2003-04-09','8','jhjsdf','7','kjsdjgio',492858,'kjhsf@gmail.com','Male',398245);
/*!40000 ALTER TABLE `staff` ENABLE KEYS */;
UNLOCK TABLES;

--
-- Table structure for table `staff_contact`
--

DROP TABLE IF EXISTS `staff_contact`;
/*!40101 SET @saved_cs_client     = @@character_set_client */;
/*!50503 SET character_set_client = utf8mb4 */;
CREATE TABLE `staff_contact` (
  `Staff_ID` int NOT NULL,
  `Phone_Number` bigint NOT NULL,
  PRIMARY KEY (`Staff_ID`,`Phone_Number`),
  CONSTRAINT `staff_contact_ibfk_1` FOREIGN KEY (`Staff_ID`) REFERENCES `staff` (`Staff_ID`),
  CONSTRAINT `staff_contact_chk_1` CHECK (((`Phone_Number` > 999999999) and (`Phone_Number` <= 9999999999)))
) ENGINE=InnoDB DEFAULT CHARSET=utf8mb4 COLLATE=utf8mb4_0900_ai_ci;
/*!40101 SET character_set_client = @saved_cs_client */;

--
-- Dumping data for table `staff_contact`
--

LOCK TABLES `staff_contact` WRITE;
/*!40000 ALTER TABLE `staff_contact` DISABLE KEYS */;
INSERT INTO `staff_contact` VALUES (2001,8333210780),(2001,9639494766),(2002,9043408956),(2003,7468361666),(2004,7915140408),(2005,7007757214),(2005,9354153517),(2006,7050825649),(2007,7380044920),(2008,6654192269),(2009,8403421342),(2010,9132073286),(2010,9549189482),(2011,6438697271),(2011,9428054441),(2012,7437701206),(2012,9741248773),(2013,8560873869),(2013,9670879182),(2014,6545386730),(2015,6994948692),(2016,7492148830),(2016,8905634844),(2017,6364865501),(2018,6530523623),(2018,8852820805),(2019,6423378713),(2020,6498181574),(2020,9227992251),(3094,8200260365),(999805,3859385938),(999805,3883849295),(999805,3948248309);
/*!40000 ALTER TABLE `staff_contact` ENABLE KEYS */;
UNLOCK TABLES;

--
-- Table structure for table `supplier`
--

DROP TABLE IF EXISTS `supplier`;
/*!40101 SET @saved_cs_client     = @@character_set_client */;
/*!50503 SET character_set_client = utf8mb4 */;
CREATE TABLE `supplier` (
  `Supplier_ID` varchar(20) NOT NULL,
  `Agency_Name` varchar(100) NOT NULL,
  `Street_Number` varchar(20) DEFAULT NULL,
  `Street_Name` varchar(100) NOT NULL,
  `Apartment_Number` varchar(20) DEFAULT NULL,
  `City` varchar(100) NOT NULL,
  `Pincode` int NOT NULL,
  `Account_Number` bigint NOT NULL,
  `Bank_Name` varchar(100) NOT NULL,
  `IFSC_Code` varchar(20) NOT NULL,
  `Branch` varchar(100) NOT NULL,
  PRIMARY KEY (`Supplier_ID`),
  KEY `idx_sup_Ban` (`Bank_Name`),
  CONSTRAINT `supplier_chk_1` CHECK (((`Pincode` >= 100000) and (`Pincode` <= 999999))),
  CONSTRAINT `supplier_chk_2` CHECK ((`Account_Number` > 0))
) ENGINE=InnoDB DEFAULT CHARSET=utf8mb4 COLLATE=utf8mb4_0900_ai_ci;
/*!40101 SET character_set_client = @saved_cs_client */;

--
-- Dumping data for table `supplier`
--

LOCK TABLES `supplier` WRITE;
/*!40000 ALTER TABLE `supplier` DISABLE KEYS */;
INSERT INTO `supplier` VALUES ('S001','Johnson-Hernandez','512','Carpenter Spurs','600','South Mary',322492,123456789,'XYZ Bank','861104','Central Branch'),('S002','Fisher, Anthony and Jones','10047','Rhodes Lodge','203','Fitzgeraldstad',164766,234567890,'PQR Bank','556482','Central Branch'),('S003','Stanton, King and Fernandez','1442','Brandon Fort','762','New Matthewville',782635,345678901,'XYZ Bank','953778','Main Branch'),('S004','Lewis-Thompson','1236','Stacy Underpass','712','South Charlesport',979619,456789012,'XYZ Bank','816849','Central Branch'),('S005','Baker LLC','3747','Swanson Estates','475','Anthonyfort',504870,567890123,'XYZ Bank','603327','Main Branch'),('S006','Gentry, Rogers and Flores','467','Howard Dam','977','North Margaretside',151229,678901234,'ABC Bank','959721','Downtown Branch'),('S007','Barrett-Rose','16224','Melissa Center','449','Codyside',894696,789012345,'ABC Bank','975802','Downtown Branch'),('S008','Roberson-Smith','89064','Campbell Valley','722','South Dennis',621391,890123456,'PQR Bank','114259','Main Branch'),('S009','Perez PLC','679','Davis Flats','406','Scottburgh',230378,901234567,'XYZ Bank','758671','Central Branch'),('S010','Hood Ltd','17','Woodard Station','395','Port Colleen',223470,112233445,'PQR Bank','219657','Main Branch'),('S011','Little-Padilla','9398','Peter Dam','820','Lawsonchester',725144,223344556,'ABC Bank','795606','Central Branch'),('S012','Stewart-Brown','9629','James Vista','537','Davidfurt',139352,334455667,'XYZ Bank','197957','Main Branch'),('S013','Johnson Hanson and Taylor','324','Richard Pike','500','East James',989901,445566778,'XYZ Bank','409520','Main Branch'),('S014','Moreno PLC','343','Carolyn Extensions','737','Jonestown',101105,556677889,'ABC Bank','376990','Central Branch'),('S015','Pena-Wright','3412','Mark Street','690','East Michelleton',903317,667788990,'XYZ Bank','356421','Downtown Branch'),('S016','Cruz, Martin and Ford','387','Taylor Fort','835','West Katherine',507643,778899001,'ABC Bank','557733','Main Branch'),('S017','Armstrong-Jimenez','7079','Emily Lock','274','New Vanessaport',106104,889900112,'XYZ Bank','791875','Downtown Branch'),('S018','Ross Inc','76900','Cooper Ramp','14','West Jacob',101114,990011223,'PQR Bank','647206','Main Branch'),('S019','Scott-Garcia','340','Bolton Rapids','808','North Jasonchester',608629,554433221,'XYZ Bank','929686','Downtown Branch'),('S020','Hall, Vargas and Garza','704','Megan Wells','13','Austinshire',499266,112244556,'ABC Bank','320861','Central Branch'),('S021','Lee LLC','310','Rangel Crossroad','652','Taraport',212030,223455667,'PQR Bank','784738','Downtown Branch'),('S022','Castillo LLC','44047','Perkins Ford','547','Smithmouth',214880,334566778,'ABC Bank','606068','Central Branch'),('S023','Thomas LLC','821','Richard Terrace','638','Hendersontown',156679,445677889,'PQR Bank','574812','Main Branch'),('S024','Wallace Inc','853','Michael Road','152','New Valerieberg',997494,556788990,'PQR Bank','864521','Downtown Branch'),('S025','Jones PLC','9934','Foley Greens','958','Bradleyburgh',673982,667899001,'PQR Bank','352028','Downtown Branch'),('S026','Wright-Chapman','3927','Taylor Ramp','953','Mendozaton',732204,778900112,'XYZ Bank','305044','Downtown Branch'),('S027','Moore-Chen','50786','Reginald Lodge','780','Tuckerbury',398326,889011223,'ABC Bank','685877','Downtown Branch'),('S028','Wright, Lopez and Stanton','70242','Hayes Shores','259','North Amandabury',896667,900112234,'ABC Bank','219582','Downtown Branch'),('S029','Davis and Sons','7155','Jessica Divide','321','East Douglas',305812,678345123,'XYZ Bank','719523','Downtown Branch'),('S030','Mcintyre Oliver and Moreno','9053','Williams Crescent','312','Eduardoshire',836995,456789012,'XYZ Bank','564898','Downtown Branch'),('S031','Harris-Ford','963','Brad Hollow','984','New Michaelville',527077,765432189,'PQR Bank','222701','Main Branch'),('S032','Johnson-Ramirez','96','Ortiz Knolls','676','South Stephaniechester',147605,123498765,'PQR Bank','703052','Central Branch'),('S033','Sloan Ltd','37265','Olsen Cove','911','Singletonberg',315309,987654321,'XYZ Bank','734466','Central Branch'),('S034','Chen and Sons','63','Haynes Wells','825','West Kimhaven',281702,135792468,'ABC Bank','358109','Downtown Branch'),('S035','Garcia Inc','17562','John Trace','879','East Melissa',141699,246813579,'XYZ Bank','287328','Main Branch'),('S036','Garcia, Leblanc and Roman','9859','Mitchell Squares','909','Adamsport',914518,369258147,'ABC Bank','940657','Downtown Branch'),('S037','Wong Ltd','612','Fleming Court','556','East Shawn',352115,753951852,'PQR Bank','884565','Central Branch'),('S038','Dyer, Johnson and Jenkins','8015','Morse Crescent','899','Ambershire',157182,864207531,'ABC Bank','535458','Central Branch'),('S039','Jordan-Lynch','98483','Jeffrey Port','163','Comptonfort',496273,219478563,'PQR Bank','257661','Downtown Branch'),('S040','Fox Group','35377','Brown Extension','632','Brianbury',758318,786427531,'XYZ Bank','210969','Main Branch');
/*!40000 ALTER TABLE `supplier` ENABLE KEYS */;
UNLOCK TABLES;

--
-- Table structure for table `supplier_contact`
--

DROP TABLE IF EXISTS `supplier_contact`;
/*!40101 SET @saved_cs_client     = @@character_set_client */;
/*!50503 SET character_set_client = utf8mb4 */;
CREATE TABLE `supplier_contact` (
  `Supplier_ID` varchar(20) NOT NULL,
  `Contact_Number` bigint NOT NULL,
  PRIMARY KEY (`Supplier_ID`,`Contact_Number`),
  CONSTRAINT `supplier_contact_ibfk_1` FOREIGN KEY (`Supplier_ID`) REFERENCES `supplier` (`Supplier_ID`),
  CONSTRAINT `supplier_contact_chk_1` CHECK (((`Contact_Number` > 999999999) and (`Contact_Number` <= 9999999999)))
) ENGINE=InnoDB DEFAULT CHARSET=utf8mb4 COLLATE=utf8mb4_0900_ai_ci;
/*!40101 SET character_set_client = @saved_cs_client */;

--
-- Dumping data for table `supplier_contact`
--

LOCK TABLES `supplier_contact` WRITE;
/*!40000 ALTER TABLE `supplier_contact` DISABLE KEYS */;
INSERT INTO `supplier_contact` VALUES ('S001',6135641978),('S001',9242218503),('S002',8007905213),('S002',9044605767),('S003',9501769813),('S004',8326053660),('S005',6481058226),('S005',6998198794),('S006',6183409882),('S007',6092015439),('S008',9631735602),('S009',9524801825),('S010',8988671566),('S011',6087691563),('S011',7891137144),('S012',9169700212),('S013',8805827962),('S014',8286296513),('S015',9788078723),('S016',7259694470),('S017',8162350953),('S018',6779017466),('S019',7368245327),('S019',9254463135),('S020',8264582752),('S021',8918741592),('S022',8124042017),('S023',6506955625),('S024',8067200313),('S025',7286765770),('S026',8209918174),('S027',6972634407),('S027',8751329534),('S028',9135733111),('S029',8967671384),('S030',8969915063),('S031',6875374756),('S032',8857036038),('S033',6671796943),('S034',8529114244),('S035',6059183363),('S036',9621985318),('S037',9210182347),('S037',9504458724),('S038',8744373525),('S039',8732290044),('S040',6865617775);
/*!40000 ALTER TABLE `supplier_contact` ENABLE KEYS */;
UNLOCK TABLES;

--
-- Table structure for table `supply_transaction`
--

DROP TABLE IF EXISTS `supply_transaction`;
/*!40101 SET @saved_cs_client     = @@character_set_client */;
/*!50503 SET character_set_client = utf8mb4 */;
CREATE TABLE `supply_transaction` (
  `Bill_Number` varchar(20) NOT NULL,
  `Item_ID` varchar(20) NOT NULL,
  `Supplier_ID` varchar(20) DEFAULT NULL,
  PRIMARY KEY (`Item_ID`,`Bill_Number`),
  KEY `Supplier_ID` (`Supplier_ID`),
  KEY `Bill_Number` (`Bill_Number`),
  CONSTRAINT `supply_transaction_ibfk_1` FOREIGN KEY (`Supplier_ID`) REFERENCES `supplier` (`Supplier_ID`),
  CONSTRAINT `supply_transaction_ibfk_2` FOREIGN KEY (`Item_ID`) REFERENCES `medicines_equipments` (`Item_ID`),
  CONSTRAINT `supply_transaction_ibfk_3` FOREIGN KEY (`Bill_Number`) REFERENCES `purchase_order` (`Bill_Number`)
) ENGINE=InnoDB DEFAULT CHARSET=utf8mb4 COLLATE=utf8mb4_0900_ai_ci;
/*!40101 SET character_set_client = @saved_cs_client */;

--
-- Dumping data for table `supply_transaction`
--

LOCK TABLES `supply_transaction` WRITE;
/*!40000 ALTER TABLE `supply_transaction` DISABLE KEYS */;
INSERT INTO `supply_transaction` VALUES ('B0430','E002','S001'),('B0075','E014','S001'),('B0088','E014','S001'),('B0046','M003','S001'),('B0293','M010','S001'),('B0232','M012','S001'),('B0492','M013','S001'),('B0407','M016','S001'),('B0449','M023','S001'),('B0286','M029','S001'),('B0016','M036','S001'),('B0019','M038','S001'),('B0332','M045','S001'),('B0073','M049','S001'),('B0023','M055','S001'),('B0284','M069','S001'),('B0459','M069','S001'),('B0392','M070','S001'),('B0218','M073','S001'),('B0074','M086','S001'),('B0333','M090','S001'),('B0348','E008','S002'),('B0268','E013','S002'),('B0457','E018','S002'),('B0217','M008','S002'),('B0135','M010','S002'),('B0021','M021','S002'),('B0437','M023','S002'),('B0478','M031','S002'),('B0148','M042','S002'),('B0168','M048','S002'),('B0468','M056','S002'),('B0422','M085','S002'),('B0245','M086','S002'),('B0260','M087','S002'),('B0206','E013','S003'),('B0246','M005','S003'),('B0004','M032','S003'),('B0090','M058','S003'),('B0351','M059','S003'),('B0156','M063','S003'),('B0134','M065','S003'),('B0402','M066','S003'),('B0122','M068','S003'),('B0109','M072','S003'),('B0474','M077','S003'),('B0070','M029','S004'),('B0123','M034','S004'),('B0462','M034','S004'),('B0041','M036','S004'),('B0028','M038','S004'),('B0338','M040','S004'),('B0060','M043','S004'),('B0464','M050','S004'),('B0176','M056','S004'),('B0131','M060','S004'),('B0426','M061','S004'),('B0092','M063','S004'),('B0421','M065','S004'),('B0312','E001','S005'),('B0393','E012','S005'),('B0498','E016','S005'),('B0256','E017','S005'),('B0050','M010','S005'),('B0064','M011','S005'),('B0496','M012','S005'),('B0062','M044','S005'),('B0127','M045','S005'),('B0039','M047','S005'),('B0484','M054','S005'),('B0018','M061','S005'),('B0229','M063','S005'),('B0467','M076','S005'),('B0188','M078','S005'),('B0100','M087','S005'),('B0471','M090','S005'),('B0456','E014','S006'),('B0360','E019','S006'),('B0408','M005','S006'),('B0114','M007','S006'),('B0012','M031','S006'),('B0272','M048','S006'),('B0289','M054','S006'),('B0174','M055','S006'),('B0489','M087','S006'),('B0442','E004','S007'),('B0417','M001','S007'),('B0350','M037','S007'),('B0434','M043','S007'),('B0211','M053','S007'),('B0411','M057','S007'),('B0222','M067','S007'),('B0463','M074','S007'),('B0065','M078','S007'),('B0418','M081','S007'),('B0082','M088','S007'),('B0203','E002','S008'),('B0486','E013','S008'),('B0357','E018','S008'),('B0069','M009','S008'),('B0493','M020','S008'),('B0336','M023','S008'),('B0340','M024','S008'),('B0329','M047','S008'),('B0264','M054','S008'),('B0043','M059','S008'),('B0447','M064','S008'),('B0059','M071','S008'),('B0454','M072','S008'),('B0022','M086','S008'),('B0219','E011','S009'),('B0458','E011','S009'),('B0330','M006','S009'),('B0263','M007','S009'),('B0364','M013','S009'),('B0412','M039','S009'),('B0423','M039','S009'),('B0472','M041','S009'),('B0325','M045','S009'),('B0475','M046','S009'),('B0301','M047','S009'),('B0076','M050','S009'),('B0120','M051','S009'),('B0186','M059','S009'),('B0185','M060','S009'),('B0324','M063','S009'),('B0145','M066','S009'),('B0009','M069','S009'),('B0010','M070','S009'),('B0274','M070','S009'),('B0395','M070','S009'),('B0155','M075','S009'),('B0303','M076','S009'),('B0441','M080','S009'),('B0236','M081','S009'),('B0323','M090','S009'),('B0374','E002','S010'),('B0249','E018','S010'),('B0212','M031','S010'),('B0196','M033','S010'),('B0381','M071','S010'),('B0111','M074','S010'),('B0199','M082','S010'),('B0048','E015','S011'),('B0368','M004','S011'),('B0376','M041','S011'),('B0037','M053','S011'),('B0316','M061','S011'),('B0365','M066','S011'),('B0480','M074','S011'),('B0164','E007','S012'),('B0355','M021','S012'),('B0202','M041','S012'),('B0495','M043','S012'),('B0313','M088','S012'),('B0482','M089','S012'),('B0354','E011','S013'),('B0362','M003','S013'),('B0331','M006','S013'),('B0224','M021','S013'),('B0440','M022','S013'),('B0146','M025','S013'),('B0438','M031','S013'),('B0380','M045','S013'),('B0273','M051','S013'),('B0343','M066','S013'),('B0250','M072','S013'),('B0091','M073','S013'),('B0140','M076','S013'),('B0279','M082','S013'),('B0378','M083','S013'),('B0436','M084','S013'),('B0276','E014','S014'),('B0345','E014','S014'),('B0049','E020','S014'),('B0261','M003','S014'),('B0191','M013','S014'),('B0183','M026','S014'),('B0138','M044','S014'),('B0490','M044','S014'),('B0190','M048','S014'),('B0304','M049','S014'),('B0005','M050','S014'),('B0096','M086','S014'),('B0401','E002','S015'),('B0275','E018','S015'),('B0200','M019','S015'),('B0035','M025','S015'),('B0367','M051','S015'),('B0195','M054','S015'),('B0106','M057','S015'),('B0257','M062','S015'),('B0429','M068','S015'),('B0213','M075','S015'),('B0445','M080','S015'),('B0003','M082','S015'),('B0169','M083','S015'),('B0052','M085','S015'),('B0424','M085','S015'),('B0101','E001','S016'),('B0042','E005','S016'),('B0151','E011','S016'),('B0310','M002','S016'),('B0177','M010','S016'),('B0370','M013','S016'),('B0104','M021','S016'),('B0171','M030','S016'),('B0187','M030','S016'),('B0339','M031','S016'),('B0237','M034','S016'),('B0298','M035','S016'),('B0287','M047','S016'),('B0163','M050','S016'),('B0427','M052','S016'),('B0084','M064','S016'),('B0319','M064','S016'),('B0271','M078','S016'),('B0020','M085','S016'),('B0107','E006','S017'),('B0318','M018','S017'),('B0108','M019','S017'),('B0152','M021','S017'),('B0006','M026','S017'),('B0394','M026','S017'),('B0479','M031','S017'),('B0013','M037','S017'),('B0435','M037','S017'),('B0328','M061','S017'),('B0444','M079','S017'),('B0242','M082','S017'),('B0097','E006','S018'),('B0233','E020','S018'),('B0063','M014','S018'),('B0373','M017','S018'),('B0175','M020','S018'),('B0297','M027','S018'),('B0243','M028','S018'),('B0251','M063','S018'),('B0129','M076','S018'),('B0317','M077','S018'),('B0014','M086','S018'),('B0452','E002','S019'),('B0001','E012','S019'),('B0079','E015','S019'),('B0147','M006','S019'),('B0389','M034','S019'),('B0230','M042','S019'),('B0077','M047','S019'),('B0141','M054','S019'),('B0353','M063','S019'),('B0446','M065','S019'),('B0081','M007','S020'),('B0103','M009','S020'),('B0029','M010','S020'),('B0215','M021','S020'),('B0485','M021','S020'),('B0314','M029','S020'),('B0341','M049','S020'),('B0239','M057','S020'),('B0017','M072','S020'),('B0193','M080','S020'),('B0388','M085','S020'),('B0235','E003','S021'),('B0270','M015','S021'),('B0142','M032','S021'),('B0205','M034','S021'),('B0491','M036','S021'),('B0415','M039','S021'),('B0178','M061','S021'),('B0226','M077','S021'),('B0086','M079','S021'),('B0115','M081','S021'),('B0371','M087','S021'),('B0470','E006','S022'),('B0379','E012','S022'),('B0008','M001','S022'),('B0143','M031','S022'),('B0460','M040','S022'),('B0461','M043','S022'),('B0173','M045','S022'),('B0439','M048','S022'),('B0118','M071','S022'),('B0363','M073','S022'),('B0390','M074','S022'),('B0241','M008','S023'),('B0288','M050','S023'),('B0078','M053','S023'),('B0144','M066','S023'),('B0327','M067','S023'),('B0132','M070','S023'),('B0223','M072','S023'),('B0282','E001','S024'),('B0153','E012','S024'),('B0098','M008','S024'),('B0253','M009','S024'),('B0080','M017','S024'),('B0083','M017','S024'),('B0085','M025','S024'),('B0160','M047','S024'),('B0087','M055','S024'),('B0033','M061','S024'),('B0040','M062','S024'),('B0448','M087','S024'),('B0410','M090','S024'),('B0130','E004','S025'),('B0125','E012','S025'),('B0149','M018','S025'),('B0399','M024','S025'),('B0254','M031','S025'),('B0425','M035','S025'),('B0405','M041','S025'),('B0247','M047','S025'),('B0300','M072','S025'),('B0225','M074','S025'),('B0112','M088','S025'),('B0248','E002','S026'),('B0307','E002','S026'),('B0267','E015','S026'),('B0280','E016','S026'),('B0494','E019','S026'),('B0119','M004','S026'),('B0277','M021','S026'),('B0068','M029','S026'),('B0403','M029','S026'),('B0377','M031','S026'),('B0208','M032','S026'),('B0032','M038','S026'),('B0375','M047','S026'),('B0465','M053','S026'),('B0308','M054','S026'),('B0034','M080','S026'),('B0102','E018','S027'),('B0382','E018','S027'),('B0488','M011','S027'),('B0189','M017','S027'),('B0453','M022','S027'),('B0198','M025','S027'),('B0497','M028','S027'),('B0244','M035','S027'),('B0283','M040','S027'),('B0296','M056','S027'),('B0053','M066','S027'),('B0007','M080','S027'),('B0258','M085','S027'),('B0221','E020','S028'),('B0170','M006','S028'),('B0214','M018','S028'),('B0352','M021','S028'),('B0487','M034','S028'),('B0056','M053','S028'),('B0105','M058','S028'),('B0481','M062','S028'),('B0361','M072','S028'),('B0157','E001','S029'),('B0071','E005','S029'),('B0321','E013','S029'),('B0044','M009','S029'),('B0136','M019','S029'),('B0281','M019','S029'),('B0265','M020','S029'),('B0455','M030','S029'),('B0126','M044','S029'),('B0269','M047','S029'),('B0139','M081','S029'),('B0344','M081','S029'),('B0121','M082','S029'),('B0500','M086','S029'),('B0342','E004','S030'),('B0216','E011','S030'),('B0133','M005','S030'),('B0117','M006','S030'),('B0209','M015','S030'),('B0315','M015','S030'),('B0094','M020','S030'),('B0220','M048','S030'),('B0347','M050','S030'),('B0201','M064','S030'),('B0419','M069','S030'),('B0061','M075','S030'),('B0322','M087','S030'),('B0326','E013','S031'),('B0450','E013','S031'),('B0172','E019','S031'),('B0159','M005','S031'),('B0054','M006','S031'),('B0181','M024','S031'),('B0346','M025','S031'),('B0204','M044','S031'),('B0369','M048','S031'),('B0400','M050','S031'),('B0058','M062','S031'),('B0349','M063','S031'),('B0025','M069','S031'),('B0305','M074','S031'),('B0358','M078','S031'),('B0238','M086','S031'),('B0024','E003','S032'),('B0262','E013','S032'),('B0299','E018','S032'),('B0047','M005','S032'),('B0011','M016','S032'),('B0499','M029','S032'),('B0036','M053','S032'),('B0387','M061','S032'),('B0158','M066','S032'),('B0180','M071','S032'),('B0433','M081','S032'),('B0128','M009','S033'),('B0386','M010','S033'),('B0038','M015','S033'),('B0302','M019','S033'),('B0335','M033','S033'),('B0432','M036','S033'),('B0469','M040','S033'),('B0161','M054','S033'),('B0031','M058','S033'),('B0252','M070','S033'),('B0124','M075','S033'),('B0207','M085','S033'),('B0414','M086','S033'),('B0002','M089','S033'),('B0476','M089','S033'),('B0278','E015','S034'),('B0240','M005','S034'),('B0066','M010','S034'),('B0266','M022','S034'),('B0166','M052','S034'),('B0320','M069','S034'),('B0045','M079','S034'),('B0291','M086','S034'),('B0309','E013','S035'),('B0420','E014','S035'),('B0072','E020','S035'),('B0396','M007','S035'),('B0366','M015','S035'),('B0192','M016','S035'),('B0384','M024','S035'),('B0334','M048','S035'),('B0359','M052','S035'),('B0113','M054','S035'),('B0255','M054','S035'),('B0150','M055','S035'),('B0290','M056','S035'),('B0409','M060','S035'),('B0027','M067','S035'),('B0483','M070','S035'),('B0285','M086','S035'),('B0477','M010','S036'),('B0292','M016','S036'),('B0391','M025','S036'),('B0294','M031','S036'),('B0165','M034','S036'),('B0197','M039','S036'),('B0089','M088','S036'),('B0234','E006','S037'),('B0179','M008','S037'),('B0259','M028','S037'),('B0451','M038','S037'),('B0337','M047','S037'),('B0413','M064','S037'),('B0473','M012','S038'),('B0416','M014','S038'),('B0398','M021','S038'),('B0443','M025','S038'),('B0182','M028','S038'),('B0210','M029','S038'),('B0431','M037','S038'),('B0057','M060','S038'),('B0397','M060','S038'),('B0110','M061','S038'),('B0184','M063','S038'),('B0385','M079','S038'),('B0311','M017','S039'),('B0306','M033','S039'),('B0466','M046','S039'),('B0095','M072','S039'),('B0026','M073','S039'),('B0099','M082','S039'),('B0372','M083','S039'),('B0015','E006','S040'),('B0051','E013','S040'),('B0055','E016','S040'),('B0167','E017','S040'),('B0383','M001','S040'),('B0116','M002','S040'),('B0404','M002','S040'),('B0154','M004','S040'),('B0406','M004','S040'),('B0227','M006','S040'),('B0162','M008','S040'),('B0067','M012','S040'),('B0137','M022','S040'),('B0228','M024','S040'),('B0356','M027','S040'),('B0030','M032','S040'),('B0194','M040','S040'),('B0428','M066','S040'),('B0093','M068','S040'),('B0231','M068','S040'),('B0295','M084','S040');
/*!40000 ALTER TABLE `supply_transaction` ENABLE KEYS */;
UNLOCK TABLES;

--
-- Dumping events for database 'dispensary1'
--

--
-- Dumping routines for database 'dispensary1'
--
/*!40103 SET TIME_ZONE=@OLD_TIME_ZONE */;

/*!40101 SET SQL_MODE=@OLD_SQL_MODE */;
/*!40014 SET FOREIGN_KEY_CHECKS=@OLD_FOREIGN_KEY_CHECKS */;
/*!40014 SET UNIQUE_CHECKS=@OLD_UNIQUE_CHECKS */;
/*!40101 SET CHARACTER_SET_CLIENT=@OLD_CHARACTER_SET_CLIENT */;
/*!40101 SET CHARACTER_SET_RESULTS=@OLD_CHARACTER_SET_RESULTS */;
/*!40101 SET COLLATION_CONNECTION=@OLD_COLLATION_CONNECTION */;
/*!40111 SET SQL_NOTES=@OLD_SQL_NOTES */;

-- Dump completed on 2024-04-16 23:02:29
